期号,开奖日期,前区1,前区2,前区3,前区4,前区5,后区1,后区2,销售额,一等奖注数,一等奖金额,二等奖注数,二等奖金额,奖池余额
07001,2007-05-30,22,24,29,31,35,4,11,89168335,2,5000000,8,136558,17086781
07002,2007-06-02,15,22,31,34,35,5,12,84592975,1,5000000,3,339746,16832903
07003,2007-06-04,3,4,18,23,32,1,6,78904528,1,5000000,2,317521,15795691
07004,2007-06-06,6,10,16,17,25,2,4,80930948,0,0,23,26607,17651663
07005,2007-06-09,1,9,19,20,30,2,11,84210190,0,0,15,72293,21611411
07006,2007-06-11,1,16,20,23,28,3,6,80083542,1,5000000,3,461113,18675368
07007,2007-06-13,14,16,25,26,35,4,9,82645026,0,0,6,152469,19473159
07008,2007-06-16,2,8,11,21,23,4,7,85596585,0,0,8,131766,23423679
07009,2007-06-18,1,3,9,19,34,9,12,89975065,0,0,7,190700,20385607
07010,2007-06-20,6,8,18,29,34,9,11,94230078,0,0,4,292239,20524711
07011,2007-06-23,29,32,33,34,35,9,10,99674870,0,0,3,648189,23587919
07012,2007-06-25,3,12,15,29,34,7,11,98897389,1,5000000,7,183907,19740389
07013,2007-06-27,12,17,27,29,34,6,9,102960707,0,0,12,83401,19897386
07014,2007-06-30,1,2,7,29,32,6,7,105236279,0,0,6,816872,28218110
07015,2007-07-02,2,8,12,13,17,11,12,100236279,1,6713983,8,521647,22817212
07016,2007-07-04,1,14,19,24,31,3,12,101964762,0,0,6,672187,23123073
07017,2007-07-07,13,14,29,32,34,3,12,96964762,1,7167809,4,1319535,25998850
07018,2007-07-09,3,4,16,23,28,6,9,99815184,0,0,13,66104,21806412
07019,2007-07-11,3,6,17,22,23,4,6,103935374,0,0,10,131383,22362521
07020,2007-07-14,2,6,11,12,18,5,12,98935374,1,6697736,7,540188,27639555
07021,2007-07-16,2,4,24,29,33,1,2,103966251,0,0,3,427795,22696842
07022,2007-07-18,8,10,12,23,25,3,10,105314853,0,0,5,609046,23189618
07023,2007-07-21,8,10,23,32,34,8,10,97314853,1,6276376,3,1588379,27246875
07024,2007-07-23,6,16,20,25,31,4,9,100360583,0,0,11,89160,23771974
07025,2007-07-25,22,24,26,27,34,2,10,102482191,0,0,2,2970252,25639317
07026,2007-07-28,5,9,13,33,35,1,8,103992777,0,0,6,640854,28961885
07027,2007-07-30,2,3,10,19,27,6,10,105765511,0,0,10,381819,25279174
07028,2007-08-01,20,26,30,34,35,3,10,107944923,0,0,8,622689,25755284
07029,2007-08-04,15,22,25,29,35,9,11,109715764,0,0,5,729169,29553865
07030,2007-08-06,11,14,27,33,35,2,7,111475790,0,0,4,1071320,26391058
07031,2007-08-08,3,21,27,31,32,6,8,113290150,0,0,9,529188,27411586
07032,2007-08-11,1,13,21,23,32,4,11,105290150,1,6207337,2,2704435,30475342
07033,2007-08-13,1,5,8,14,22,3,12,100290150,1,6465548,15,227974,27481967
07034,2007-08-15,6,8,11,13,22,2,11,102099756,0,0,4,1101499,27710963
07035,2007-08-18,7,11,16,31,32,1,12,104380164,0,0,9,665119,31899546
07036,2007-08-20,15,18,21,27,34,1,2,106672144,0,0,3,1782650,27583299
07037,2007-08-22,1,6,7,17,31,11,12,109005650,0,0,6,777835,28032472
07038,2007-08-25,6,21,25,27,32,8,9,111233173,0,0,4,1355883,30668940
07039,2007-08-27,10,11,20,21,35,7,11,63233173,6,5212668,6,793961,27648363
07040,2007-08-29,5,21,25,28,35,1,4,61663883,1,5000000,5,410121,28464999
07041,2007-09-01,3,16,17,22,35,1,8,45804596,4,5000000,8,296541,34045332
07042,2007-09-03,7,10,22,31,35,5,6,51845697,0,0,9,199771,30246408
07043,2007-09-05,4,9,22,24,31,2,6,43955760,2,5000000,27,56327,31248714
07044,2007-09-08,4,5,7,12,26,1,10,42773163,1,5000000,8,209895,35873627
07045,2007-09-10,9,16,20,26,35,11,12,49745733,0,0,9,259396,31167326
07046,2007-09-12,4,16,18,23,30,1,10,56784691,0,0,7,285671,31184324
07047,2007-09-15,1,6,15,19,35,2,9,61754883,0,0,7,201712,35356622
07048,2007-09-17,8,25,26,29,35,6,8,66569000,0,0,10,145705,31603672
07049,2007-09-19,9,10,15,17,32,4,6,72471427,0,0,9,195186,31269987
07050,2007-09-22,13,21,22,30,35,1,11,79440004,0,0,6,345663,35620417
07051,2007-09-24,3,7,24,28,35,8,11,84426353,0,0,13,111302,30808879
07052,2007-09-26,1,14,29,32,33,5,10,89534085,0,0,12,121612,31152461
07053,2007-09-29,11,16,19,21,25,1,10,97511192,0,0,14,138299,36035758
07054,2007-10-01,4,10,19,29,34,3,6,94452068,1,5000000,15,105035,28349315
07055,2007-10-03,10,16,24,31,33,7,10,100547455,0,0,7,265478,27120226
07056,2007-10-06,4,11,17,20,21,5,9,92547455,1,6243174,4,1392355,33285061
07057,2007-10-08,14,16,30,32,35,6,7,98824607,0,0,9,196652,29477379
07058,2007-10-10,8,21,25,28,33,2,6,104565766,0,0,10,183072,31181480
07059,2007-10-13,4,15,23,31,33,3,9,107251394,0,0,10,606432,39037604
07060,2007-10-15,12,13,29,30,31,4,7,89251394,3,5446152,20,172969,34256481
07061,2007-10-17,2,10,19,28,29,2,9,95309737,0,0,9,200342,33874726
07062,2007-10-20,1,4,10,14,29,11,12,101960843,0,0,10,212088,38608449
07063,2007-10-22,10,31,33,34,35,7,12,104639890,0,0,9,735424,34984345
07064,2007-10-24,2,16,32,33,35,5,10,94639890,2,5823811,17,262121,34813657
07065,2007-10-27,19,20,24,29,31,9,10,102515288,0,0,5,502257,37756172
07066,2007-10-29,4,7,8,19,24,7,12,104843650,0,0,11,509328,34190203
07067,2007-10-31,11,18,25,30,31,4,9,94843650,2,5839060,12,313249,34680253
07068,2007-11-03,4,9,13,14,33,6,10,101164872,0,0,10,212979,37948445
07069,2007-11-05,2,13,16,21,35,1,5,103561582,0,0,8,684774,35595839
07070,2007-11-07,7,26,29,30,35,3,4,105682492,0,0,10,560240,35334306
07071,2007-11-10,10,22,32,33,35,1,7,107895254,0,0,27,194834,39637374
07072,2007-11-12,21,24,26,27,33,1,5,110988051,0,0,5,1731966,35700819
07073,2007-11-14,4,5,9,12,23,2,11,112071738,0,0,27,97253,36434943
07074,2007-11-17,16,17,23,24,31,5,10,114793167,0,0,11,568656,41421431
07075,2007-11-19,5,11,20,30,32,7,11,117340528,0,0,9,699275,36219919
07076,2007-11-21,2,9,12,15,31,9,10,119835194,0,0,8,759246,37049025
07077,2007-11-24,4,6,12,13,24,1,4,114835194,1,8009863,10,714204,42293385
07078,2007-11-26,9,12,14,22,23,1,2,117816226,0,0,6,1264680,36608460
07079,2007-11-28,6,9,25,26,31,2,8,99816226,3,5742238,20,301684,38742232
07080,2007-12-01,1,15,20,25,27,5,10,98213654,2,5000000,9,277692,42311101
07081,2007-12-03,6,18,20,22,35,4,9,105332263,0,0,6,423726,36977555
07082,2007-12-05,3,5,14,33,34,7,8,107110032,0,0,14,315047,38456971
07083,2007-12-08,1,5,20,21,24,3,4,110837729,0,0,6,1739592,43353713
07084,2007-12-10,5,11,18,29,34,10,11,113486161,0,0,18,353124,37385115
07085,2007-12-12,17,24,28,29,33,2,5,115737483,0,0,18,318368,38030537
07086,2007-12-15,14,18,19,26,28,3,9,118260460,0,0,21,287168,42936245
07087,2007-12-17,8,18,30,31,33,4,9,120730951,0,0,11,516222,38436958
07088,2007-12-19,17,18,21,23,33,6,10,123403312,0,0,4,1870652,41692705
07089,2007-12-22,8,13,24,30,34,1,12,118403312,1,7952689,34,162746,45773774
07090,2007-12-24,4,20,24,31,33,9,12,121062620,0,0,30,203444,39253192
07091,2007-12-26,7,12,26,31,32,3,8,103062620,3,5236878,20,106595,40161438
07092,2007-12-29,6,19,27,28,29,6,10,98062620,1,6940785,15,292161,45711827
07093,2007-12-31,6,8,16,25,27,8,12,105764152,0,0,18,120638,38317823
08001,2008-01-02,1,2,11,34,35,3,10,107601362,0,0,36,129903,38404594
08002,2008-01-05,1,12,24,31,32,10,12,111278288,0,0,10,971263,44465710
08003,2008-01-07,1,11,13,32,35,2,7,106278288,1,7475629,13,403009,39677464
08004,2008-01-09,9,22,24,31,33,8,9,96278288,2,5394124,30,70740,39786149
08005,2008-01-12,18,25,29,31,34,9,10,104436044,0,0,13,205174,43740608
08006,2008-01-14,10,12,26,29,34,5,7,76436044,5,5362133,9,556690,38616408
08007,2008-01-16,3,4,5,12,28,3,12,77740690,1,5000000,12,150110,37938717
08008,2008-01-19,2,6,8,17,32,8,9,85338560,0,0,21,110305,40965970
08009,2008-01-21,4,8,12,24,30,5,8,92121050,0,0,7,275263,36163472
08010,2008-01-23,6,23,24,27,29,6,8,99208884,0,0,16,118288,36828290
08011,2008-01-26,14,20,22,24,27,7,10,106526651,0,0,4,502593,40209261
08012,2008-01-28,2,10,29,32,35,2,3,98520000,1,6685321,11,563450,36047488
08013,2008-01-30,1,11,19,22,35,5,9,104117935,0,0,10,169227,35195405
08014,2008-02-02,4,7,10,28,34,1,6,106703552,0,0,11,565603,40784587
08015,2008-02-04,9,18,20,27,33,6,9,96703552,2,5527466,22,121057,37624757
08016,2008-02-13,8,10,11,17,19,6,9,103275539,0,0,3,558842,31817578
08017,2008-02-16,2,14,25,29,32,1,6,90270000,2,6125995,13,553868,38618400
08018,2008-02-18,3,6,7,11,30,2,3,96685103,0,0,12,141304,34043634
08019,2008-02-20,8,24,25,29,31,4,5,94437363,1,5000000,22,43493,35381234
08020,2008-02-23,4,5,15,17,33,4,8,90459912,2,5000000,17,118181,39990807
08021,2008-02-25,5,10,13,21,24,4,9,97357541,0,0,9,195511,34998095
08022,2008-02-27,9,12,13,25,31,8,10,102193304,0,0,30,46426,35986578
08023,2008-03-01,6,26,31,32,34,7,10,59190000,8,5030347,30,22144,42696890
08024,2008-03-03,8,12,17,20,30,1,2,66941163,0,0,9,271283,37092316
08025,2008-03-05,6,10,12,15,28,4,12,73679841,0,0,12,191005,36543884
08026,2008-03-08,1,21,22,24,25,8,10,74309856,1,5000000,8,265702,41359289
08027,2008-03-10,5,17,23,31,32,4,8,76382874,1,5000000,12,191369,36275066
08028,2008-03-12,3,11,17,19,26,7,12,77185698,1,5000000,12,138162,37067292
08029,2008-03-15,6,11,18,29,30,4,11,81320000,0,0,46,25470,41196344
08030,2008-03-17,3,21,23,26,35,5,8,89085150,0,0,5,447175,36988855
08031,2008-03-19,14,20,23,27,28,2,4,91543214,1,5000000,7,350472,36371168
08032,2008-03-22,3,9,19,27,33,9,10,95407254,0,0,18,65714,39050107
08033,2008-03-24,3,10,21,23,30,1,9,103673374,0,0,1,2952185,35577965
08034,2008-03-26,6,7,18,34,35,5,10,105983517,0,0,9,634156,37136042
08035,2008-03-29,2,12,13,29,30,5,7,90983517,3,5821630,37,162775,40647039
08036,2008-03-31,9,19,22,30,32,1,10,98543603,0,0,4,519236,35011394
08037,2008-04-02,11,20,24,31,35,4,10,95866644,1,5000000,17,104455,35701978
08038,2008-04-05,12,13,19,32,33,2,10,96256762,1,5000000,8,348426,38899465
08039,2008-04-07,7,11,15,27,35,4,7,98031078,1,5000000,4,417137,35615468
08040,2008-04-09,4,8,19,22,29,8,11,101533132,0,0,31,34936,34914609
08041,2008-04-12,7,17,21,22,28,5,10,104056030,0,0,9,619659,41082219
08042,2008-04-14,5,10,13,32,35,4,5,106578362,0,0,15,405892,37103662
08043,2008-04-16,5,8,10,31,33,2,4,109477552,0,0,5,1449595,36730493
08044,2008-04-19,2,21,23,27,32,10,11,112703610,0,0,2,4516480,40146906
08045,2008-04-21,14,32,33,34,35,2,4,115485754,0,0,14,493038,37051277
08046,2008-04-23,11,25,26,27,35,7,8,30485754,11,5126319,9,501069,36109020
08047,2008-04-26,12,18,22,23,30,6,12,29561718,1,5000000,21,59174,39085165
08048,2008-04-28,1,13,22,25,27,2,10,37179835,0,0,5,544151,35228776
08049,2008-04-30,1,11,14,28,30,3,10,43872638,0,0,9,248988,34534278
08050,2008-05-03,1,5,11,26,27,3,7,43972824,1,5000000,20,129148,36504694
08051,2008-05-05,1,7,9,11,33,3,11,51521999,0,0,3,641936,32455286
08052,2008-05-07,3,18,19,30,35,5,9,38212276,2,5000000,25,35066,36039732
08053,2008-05-10,1,13,21,23,32,3,6,38674943,1,5000000,16,175719,40590404
08054,2008-05-12,5,14,23,31,35,2,6,39728478,1,5000000,24,78332,35199137
08055,2008-05-14,2,14,28,30,35,4,12,47026761,0,0,16,137185,34734846
08056,2008-05-17,15,19,25,30,31,3,9,54542073,0,0,6,372783,38031764
08057,2008-05-19,5,8,9,17,33,5,6,53894837,1,5000000,12,103637,33585570
08058,2008-05-21,3,9,11,29,33,3,12,60745467,0,0,5,489330,34170490
08059,2008-05-24,7,13,21,25,31,8,10,63908438,0,0,41,26028,37223008
08060,2008-05-26,3,13,17,23,30,1,11,70660934,0,0,13,156597,34123914
08061,2008-05-28,7,10,14,19,32,3,6,76470288,0,0,12,150345,34088627
08062,2008-05-31,1,15,27,28,29,3,10,77951044,1,5000000,16,139431,38155924
08063,2008-06-02,7,11,24,30,35,6,8,78442432,1,5000000,11,146358,33620255
08064,2008-06-04,14,18,24,27,31,6,7,84996832,0,0,8,225082,34764938
08065,2008-06-07,19,22,23,25,32,6,12,91976912,0,0,13,175555,38232402
08066,2008-06-09,2,7,21,22,25,4,12,99878464,0,0,3,940660,33980514
08067,2008-06-11,3,10,14,15,22,4,7,107468553,0,0,7,387249,36123416
08068,2008-06-14,6,9,11,33,34,6,10,97468553,2,6008013,18,254273,42073413
08069,2008-06-16,5,13,16,29,33,6,8,94419559,1,5000000,16,90215,36600634
08070,2008-06-18,9,17,18,21,31,1,5,95582570,1,5000000,16,127969,36677881
08071,2008-06-21,1,5,11,14,25,1,9,103904908,0,0,11,243628,40950429
08072,2008-06-23,10,25,32,33,34,3,9,109032214,0,0,1,5000000,36970156
08073,2008-06-25,2,5,6,7,31,8,10,111776852,0,0,4,1670649,39140810
08074,2008-06-28,10,13,22,31,35,4,12,106776852,1,8183874,14,459528,44030350
08075,2008-06-30,1,10,13,30,33,6,7,109255214,0,0,7,991344,38824479
08076,2008-07-02,3,5,10,27,34,1,12,104255214,1,8413842,5,1706921,39587591
08077,2008-07-05,1,8,21,33,34,5,7,107674611,0,0,12,693790,43244940
08078,2008-07-07,8,17,20,28,31,7,11,110267094,0,0,9,672125,39684782
08079,2008-07-09,20,23,26,32,33,5,12,113753026,0,0,9,856193,44591474
08080,2008-07-12,6,9,29,31,33,5,11,89753026,3,6971650,14,692784,53506763
08081,2008-07-14,7,8,20,22,29,4,7,87803100,2,6500000,13,202466,44696695
08082,2008-07-16,15,19,29,33,35,1,2,97447629,0,0,6,478399,44234753
08083,2008-07-19,6,14,15,30,31,3,10,103354895,0,0,26,72749,49954076
08084,2008-07-21,2,17,20,22,25,5,11,107222896,0,0,9,820484,49313526
08085,2008-07-23,3,7,13,15,19,2,10,102222896,1,20561196,11,779011,53391228
08086,2008-07-26,1,6,10,22,35,3,7,97222896,1,11341092,20,386572,58919410
08087,2008-07-28,14,22,32,33,35,1,5,106133263,0,0,21,139573,51247817
08088,2008-07-30,7,11,19,27,31,2,3,73133263,6,5909090,284,3000,54514985
08089,2008-08-02,8,13,24,32,33,3,9,69407390,2,6500000,29,70023,59467723
08090,2008-08-04,4,11,18,33,34,2,6,78173788,0,0,18,158124,52730184
08091,2008-08-06,9,13,19,22,25,4,10,83877838,0,0,35,53609,53330741
08092,2008-08-09,3,23,26,32,34,4,9,84049234,2,8461538,20,204524,60998837
08093,2008-08-11,6,7,10,24,30,5,8,29049234,8,5272727,37,3000,50479495
08094,2008-08-13,7,12,19,27,34,11,12,32166417,1,8000000,25,97281,49427530
08095,2008-08-16,3,4,11,21,25,1,7,40652246,0,0,19,145704,55628578
08096,2008-08-18,6,7,12,25,28,2,12,51083547,0,0,19,156532,50054794
08097,2008-08-20,1,10,31,33,35,3,10,3000000,19,3065486,122,3000,52553996
08098,2008-08-23,7,10,22,27,33,4,8,0,2,4562339,35,54143,49974858
08099,2008-08-25,3,18,23,25,30,6,10,5865795,0,0,15,134290,43869995
08100,2008-08-27,12,20,26,29,30,2,6,3000000,2,6773637,9,291959,47711626
08101,2008-08-30,10,13,23,31,33,4,11,4558447,1,8000000,27,78076,50054696
08102,2008-09-01,5,25,26,29,35,3,10,3000000,3,3376580,21,119004,45289971
08103,2008-09-03,2,11,22,30,34,4,9,3000000,1,7957833,24,68630,44650816
08104,2008-09-06,7,8,10,24,34,8,11,3000000,2,4749240,8,388207,51349639
08105,2008-09-08,12,21,22,26,35,4,5,6446866,0,0,17,122470,45562019
08106,2008-09-10,3,5,21,28,33,2,6,11359693,0,0,20,85173,47541191
08107,2008-09-13,1,2,13,15,16,4,9,21676849,0,0,19,172182,57802825
08108,2008-09-15,11,16,24,29,32,9,11,22086078,2,11000000,16,216138,52169608
08109,2008-09-17,1,10,18,28,34,5,8,21417903,1,6875000,13,184402,50756930
08110,2008-09-20,5,16,25,27,33,4,9,20207159,2,6500000,22,135302,56718694
08111,2008-09-22,2,11,12,14,19,5,9,30602178,0,0,13,241071,49939290
08112,2008-09-24,4,18,26,32,33,5,8,40396244,0,0,17,169800,50352321
08113,2008-09-27,11,14,17,19,22,1,8,54670241,0,0,6,772402,61348255
08114,2008-09-29,2,3,22,27,31,6,7,38314513,3,8333333,23,22586,55470213
08115,2008-10-01,7,9,19,21,33,7,10,24126512,4,5750000,21,86488,46931777
08116,2008-10-04,6,8,15,24,31,1,3,27396324,1,8000000,42,62310,53664504
08117,2008-10-06,13,23,24,25,30,2,8,26979783,1,8000000,25,61080,49147100
08118,2008-10-08,6,9,19,25,30,6,12,16279924,3,5714285,19,187684,51733525
08119,2008-10-11,1,2,10,19,27,1,11,27850465,0,0,18,208703,56241876
08120,2008-10-13,21,23,24,25,32,3,4,27556018,2,8000000,9,385140,50941532
08121,2008-10-15,11,23,24,32,35,4,10,31139136,1,8000000,13,191587,50102126
08122,2008-10-18,3,6,12,20,29,9,12,34738697,0,0,75,14776,56605878
08123,2008-10-20,1,6,12,28,31,8,9,39766773,1,11000000,19,172185,52188936
08124,2008-10-22,2,10,13,29,33,6,10,23709355,3,5833333,56,10772,52114543
08125,2008-10-25,1,4,28,33,34,6,11,35761969,0,0,10,384330,58300053
08126,2008-10-27,9,29,32,34,35,1,8,44463793,0,0,24,115103,52493901
08127,2008-10-29,8,21,22,31,33,1,7,37065728,2,8461538,83,22180,55689286
08128,2008-11-01,12,15,23,24,25,10,11,48522335,0,0,17,224815,58998573
08129,2008-11-03,13,16,20,25,27,4,5,54305213,0,0,40,49409,52855672
08130,2008-11-05,3,5,22,29,34,7,12,50427744,2,6153846,28,86650,54962085
08131,2008-11-08,8,9,12,21,32,7,11,56512634,1,5000000,13,278795,57720986
08132,2008-11-10,6,14,24,27,29,5,9,42671397,3,5000000,15,157821,50200160
08133,2008-11-12,10,12,15,33,35,3,9,51306918,0,0,13,226773,53113538
08134,2008-11-15,11,13,15,28,35,8,10,51983043,1,5000000,16,168403,58653172
08135,2008-11-17,7,22,25,29,33,1,12,39363748,4,5000000,31,80364,52220703
08136,2008-11-19,3,28,29,32,34,1,6,49504459,0,0,11,312214,50998989
08137,2008-11-22,1,10,25,32,35,5,9,52876589,1,5000000,27,97713,56767696
08138,2008-11-24,4,5,18,22,35,7,8,56409937,1,5000000,12,195360,51656800
08139,2008-11-26,1,6,10,14,22,6,8,67799049,0,0,14,278598,51296604
08140,2008-11-29,2,9,11,29,32,8,9,65307524,2,5000000,54,42974,55500534
08141,2008-12-01,9,15,18,30,34,4,5,70292307,1,5000000,9,371457,50546850
08142,2008-12-03,6,18,21,30,35,8,9,77115916,1,5000000,13,274202,50934846
08143,2008-12-06,1,2,22,29,32,1,4,86943624,0,0,37,82780,54106721
08144,2008-12-08,10,19,27,28,33,5,12,83882865,1,5000000,68,9283,49575223
08145,2008-12-10,5,16,27,29,30,5,11,86975858,1,5000000,25,107849,51322996
08146,2008-12-13,9,23,24,26,33,7,12,82572235,3,5000000,16,212607,57492342
08147,2008-12-15,16,18,19,24,35,11,12,78883713,2,5000000,4,1099239,50547246
08148,2008-12-17,3,7,20,33,35,4,7,88014808,0,0,6,494106,50309105
08149,2008-12-20,2,5,6,27,29,3,4,98889218,0,0,12,294221,55352420
08150,2008-12-22,1,9,10,15,25,3,8,104578566,0,0,32,53471,48042807
08151,2008-12-24,7,10,27,31,34,8,9,107520511,0,0,19,337600,53683392
08152,2008-12-27,3,5,14,20,33,7,11,97520511,2,7044546,15,763297,61367170
08153,2008-12-29,2,4,6,25,26,2,5,100816669,1,5000000,19,146678,52918807
08154,2008-12-31,5,7,10,29,32,4,6,80816669,4,5223929,52,42798,54753073
09001,2009-01-03,1,15,23,27,30,4,10,74377565,2,5000000,24,132349,57073015
09002,2009-01-05,1,4,7,12,30,5,10,85740843,0,0,4,882242,52000661
09003,2009-01-07,16,18,23,30,32,2,11,97247171,0,0,7,501146,50535881
09004,2009-01-10,1,3,22,32,35,6,10,107762673,0,0,10,375553,55138389
09005,2009-01-12,10,11,15,31,32,5,8,110430577,0,0,8,868620,50937415
09006,2009-01-14,2,4,22,31,35,9,12,113595649,0,0,27,301435,51414782
09007,2009-01-17,6,14,15,29,35,6,11,108595649,1,8227344,35,199923,58730615
09008,2009-01-19,4,17,21,29,31,2,12,103595649,1,9221381,19,552330,52448051
09009,2009-01-21,12,18,23,26,32,6,9,80595649,4,5630474,25,290018,50940517
09010,2009-01-24,2,9,12,21,29,7,11,91665870,0,0,25,144293,59500348
09011,2009-02-02,2,11,13,14,21,2,4,102066823,0,0,9,386940,44940347
09012,2009-02-04,2,5,20,25,31,10,12,97066823,1,8561547,6,1510959,46529600
09013,2009-02-07,5,24,26,30,35,5,12,108052216,0,0,11,321586,51994916
09014,2009-02-09,8,14,15,25,26,7,9,110754526,0,0,21,331862,47780433
09015,2009-02-11,1,5,10,16,27,3,4,100754526,2,6425136,22,297789,49522537
09016,2009-02-14,10,11,20,26,27,9,11,95754526,1,9175345,26,379576,53924327
09017,2009-02-16,5,11,23,26,33,4,12,100497720,1,5000000,8,404617,47076272
09018,2009-02-18,1,6,13,28,29,3,9,90497720,2,6283265,31,211361,47980946
09019,2009-02-21,4,29,31,32,35,4,10,81647109,2,5000000,71,20189,53504263
09020,2009-02-23,5,16,18,32,35,2,11,90300606,0,0,27,97186,48090233
09021,2009-02-25,1,15,31,32,34,3,8,78401952,3,5000000,26,39000,49445917
09022,2009-02-28,12,14,17,34,35,4,11,87252331,0,0,14,207950,55310640
09023,2009-03-02,15,17,21,27,33,7,11,97585347,0,0,9,410040,48760441
09024,2009-03-04,29,31,32,33,35,10,11,32195688,12,5000000,674,3000,49544899
09025,2009-03-07,3,17,22,23,33,4,10,26773220,3,5000000,9,335347,51222852
09026,2009-03-09,24,30,31,32,34,10,12,10087407,4,5000000,28,75673,47275096
09027,2009-03-11,3,22,26,33,34,9,10,19652034,0,0,7,487991,48116008
09028,2009-03-14,6,20,30,32,35,9,11,0,11,1881523,32,22180,54417733
09029,2009-03-16,3,4,13,17,24,4,11,35136843,1,5000000,8,452537,46951848
09030,2009-03-18,1,7,27,30,32,1,4,44647908,0,0,9,353834,48076848
09031,2009-03-21,7,11,19,21,22,1,11,55688643,0,0,14,270076,53083824
09032,2009-03-23,4,12,20,26,29,6,10,56850363,1,5000000,26,77486,46963564
09033,2009-03-25,2,8,18,21,32,8,11,65455579,0,0,19,152143,48984920
09034,2009-03-28,5,19,31,32,35,4,9,30000000,14,4483258,130,3000,53016496
09035,2009-03-30,3,7,9,28,33,3,8,28381047,1,5000000,29,37040,47372251
09036,2009-04-01,2,12,26,31,33,9,10,37276722,0,0,13,214663,48851036
09037,2009-04-04,17,18,19,25,31,1,11,48490237,0,0,15,208584,53181208
09038,2009-04-06,6,17,20,29,32,4,5,45414837,1,5000000,69,9467,46810312
09039,2009-04-08,1,3,7,10,33,3,4,45281025,1,5000000,10,265033,49756688
09040,2009-04-11,3,16,30,32,33,1,10,55529044,0,0,11,315517,55451075
09041,2009-04-13,5,9,20,23,29,4,10,64481431,0,0,16,163126,49858255
09042,2009-04-15,11,24,25,26,31,2,7,55024866,2,5000000,32,34388,50135357
09043,2009-04-18,5,21,22,32,35,2,5,54669480,1,5000000,43,60136,54703400
09044,2009-04-20,1,7,18,29,34,3,9,51785973,1,5000000,35,18710,48504299
09045,2009-04-22,1,9,14,24,35,6,9,61184674,0,0,7,441668,50114289
09046,2009-04-25,1,9,24,34,35,4,9,61692863,2,5000000,33,84525,54210221
09047,2009-04-27,13,18,21,24,29,3,6,72561808,0,0,8,451368,48883059
09048,2009-04-29,5,6,22,25,27,11,12,80754578,0,0,10,276036,47916383
09049,2009-05-02,5,16,28,29,34,11,12,86879914,1,5000000,9,389542,50231963
09050,2009-05-04,5,15,28,32,33,8,9,84527645,1,5000000,28,69076,46736299
09051,2009-05-06,3,11,22,26,29,5,12,93348517,0,0,14,215774,48242380
09052,2009-05-09,23,24,30,34,35,1,3,96062600,1,5000000,28,88871,52182712
09053,2009-05-11,5,9,24,31,33,5,6,101457274,0,0,48,35679,46770636
09054,2009-05-13,2,12,19,29,30,7,12,83457274,3,5696396,48,129993,50568158
09055,2009-05-16,5,8,14,23,24,5,6,94528324,0,0,15,235353,52677379
09056,2009-05-18,4,13,17,32,35,3,6,99675089,0,0,40,44614,47573881
09057,2009-05-20,6,15,22,27,30,2,9,25348422,14,5000000,91,17313,48851346
09058,2009-05-23,8,10,14,27,32,2,7,35319074,0,0,8,414063,51003335
09059,2009-05-25,2,13,14,29,33,4,11,20333605,4,5000000,14,109201,43071746
09060,2009-05-27,18,28,29,30,31,4,8,13780887,2,5000000,21,53998,46270476
09061,2009-05-30,2,10,21,26,34,2,10,18272611,1,5000000,12,235409,49154757
09062,2009-06-01,4,22,23,29,31,5,11,23114655,0,0,29,58422,45578124
09063,2009-06-03,5,6,18,21,22,1,7,32272565,0,0,31,92917,45959640
09064,2009-06-06,6,10,11,17,34,11,12,43367500,0,0,7,566068,50207791
09065,2009-06-08,1,12,24,27,32,2,11,50172633,0,0,20,102983,45248670
09066,2009-06-10,1,8,19,24,31,6,12,53386371,1,5000000,15,174611,45835410
09067,2009-06-13,3,6,25,28,32,2,5,62985985,0,0,9,272097,50223305
09068,2009-06-15,2,12,15,20,28,1,12,73988274,0,0,7,517024,45860799
09069,2009-06-17,14,16,27,30,33,8,12,76341617,1,5000000,30,85823,46288776
09070,2009-06-20,10,21,24,30,31,3,10,76603975,1,5000000,18,92128,49441977
09071,2009-06-22,4,20,29,30,33,2,11,83098878,0,0,27,85911,45019753
09072,2009-06-24,23,26,29,32,33,5,10,79140662,1,5000000,40,8775,45922820
09073,2009-06-27,1,10,19,21,30,1,4,78185555,2,5000000,38,70530,50495747
09074,2009-06-29,15,17,19,23,32,1,11,88928864,0,0,4,959223,45913477
09075,2009-07-01,1,7,11,32,33,9,11,96863663,0,0,12,224909,45529833
09076,2009-07-04,3,9,11,18,24,4,5,99692562,1,5000000,21,113659,52275871
09077,2009-07-06,7,20,28,32,34,6,8,95368454,2,5000000,26,77965,46747748
09078,2009-07-08,11,23,26,31,34,5,11,94738714,2,5000000,4,836630,47027388
09079,2009-07-11,1,2,7,13,34,4,10,105602353,0,0,3,1077741,51652499
09080,2009-07-13,7,16,19,29,35,2,11,108152117,0,0,10,575753,47474266
09081,2009-07-15,2,15,20,25,33,3,6,103152117,1,7373857,26,234042,48912917
09082,2009-07-18,5,11,26,29,32,8,11,88152117,3,5594117,95,48546,53062976
09083,2009-07-20,2,5,28,34,35,1,7,96924199,0,0,13,240991,46714940
09084,2009-07-22,5,9,19,26,35,2,10,106350255,0,0,10,317589,46704489
09085,2009-07-25,6,13,27,33,34,9,12,101350255,1,6281762,32,106181,52654405
09086,2009-07-27,1,2,7,26,29,10,12,96350255,1,8369481,12,683662,48530520
09087,2009-07-29,10,24,28,30,33,1,10,103709743,0,0,13,202183,47801827
09088,2009-08-01,13,16,27,32,34,3,9,93709743,2,6429562,18,404320,53086069
09089,2009-08-03,3,6,11,19,27,2,7,95503725,1,5000000,18,126376,46949691
09090,2009-08-05,18,25,30,33,34,4,10,91379188,2,5000000,11,171998,46981058
09091,2009-08-08,1,5,17,32,34,3,7,95708687,1,5000000,11,287238,51108194
09092,2009-08-10,10,21,22,27,29,8,12,102843787,0,0,19,115829,45632991
09093,2009-08-12,7,9,22,30,33,9,11,97843787,1,5641679,44,35091,47767244
09094,2009-08-15,1,5,21,23,29,5,12,106868423,0,0,11,277852,52581788
09095,2009-08-17,8,18,24,30,33,1,6,96868423,2,6022716,29,197490,48364617
09096,2009-08-19,7,12,28,32,33,1,3,104983148,0,0,16,152532,48423174
09097,2009-08-22,6,13,14,22,25,1,4,108781006,0,0,19,470531,53124002
09098,2009-08-24,11,17,19,25,26,2,10,82781006,4,5353595,23,185192,48520631
09099,2009-08-26,3,9,21,23,33,6,10,92144340,0,0,11,274102,48169676
09100,2009-08-29,16,20,25,29,33,1,8,101558044,0,0,15,224135,52247864
09101,2009-08-31,2,10,14,22,26,4,9,96558044,1,6986209,19,252790,47809382
09102,2009-09-02,11,13,29,32,35,10,12,100398240,0,0,34,37067,48859582
09103,2009-09-05,16,20,28,32,33,1,2,103776415,0,0,21,450423,54467017
09104,2009-09-07,15,25,29,32,33,10,11,105875241,0,0,36,136035,49507325
09105,2009-09-09,1,25,26,34,35,6,11,108309281,0,0,26,262127,50958315
09106,2009-09-12,11,21,22,25,34,6,9,112315252,0,0,12,812805,55692618
09107,2009-09-14,11,12,33,34,35,1,10,107315252,1,7344588,38,147193,50513087
09108,2009-09-16,1,9,14,29,30,7,10,109931600,0,0,37,172777,51337395
09109,2009-09-19,2,11,13,26,35,6,10,104931600,1,9046646,17,643784,57166799
09110,2009-09-21,22,28,30,31,34,7,9,107143818,0,0,20,284138,51636412
09111,2009-09-23,4,11,13,19,35,10,12,102143818,1,8774361,13,812939,52850837
09112,2009-09-26,2,8,12,34,35,4,5,106317667,0,0,20,536090,57394342
09113,2009-09-28,3,4,10,18,27,6,8,107532884,0,0,38,85492,51363174
09114,2009-09-30,2,8,25,29,33,3,7,84532884,4,5487268,15,373572,51813022
09115,2009-10-03,1,2,6,8,26,5,12,95879579,0,0,4,1013097,50517460
09116,2009-10-05,12,15,23,30,33,9,12,93319627,2,5000000,29,84622,45459651
09117,2009-10-07,7,21,29,31,33,9,10,82939167,2,5000000,33,27843,47209745
09118,2009-10-10,10,17,18,21,34,5,11,92730021,0,0,14,239502,62050346
09119,2009-10-12,3,12,22,23,28,4,12,98097859,1,5000000,9,324806,56316371
09120,2009-10-14,11,23,27,28,32,2,5,107904920,0,0,19,173392,60056189
09121,2009-10-17,4,5,8,11,22,2,10,54673809,8,5795254,14,291839,73567264
09122,2009-10-19,1,2,11,31,33,5,6,56878026,2,6500000,12,258290,60514755
09123,2009-10-21,10,21,28,29,32,6,10,63953316,0,0,41,41195,62130621
09124,2009-10-24,1,3,14,32,35,7,11,76489108,0,0,17,177812,69674019
09125,2009-10-26,8,20,23,29,31,2,11,90678364,0,0,10,337839,63479997
09126,2009-10-28,14,23,27,28,33,8,12,102312718,0,0,17,165026,65283300
09127,2009-10-31,5,9,27,32,34,5,8,87126140,4,6132379,24,125819,77984435
09128,2009-11-02,6,21,28,32,34,4,7,97634482,0,0,10,250198,62083219
09129,2009-11-04,2,10,18,32,33,3,8,77054592,5,5967741,46,43828,67149959
09130,2009-11-07,9,14,25,32,34,2,8,88919860,1,8000000,10,424283,72087396
09131,2009-11-09,2,3,8,33,34,3,11,98050516,0,0,28,74232,62393936
09132,2009-11-11,2,10,12,15,28,4,7,106963054,1,10000000,7,530001,62748807
09133,2009-11-14,1,8,24,27,34,10,11,111334356,1,14000000,20,158361,69788002
09134,2009-11-16,2,16,19,28,33,7,11,107370438,2,8512027,23,103180,60197804
09135,2009-11-18,6,8,15,20,32,5,6,107893793,1,11682236,35,57355,63316973
09136,2009-11-21,7,13,23,24,29,6,10,101611149,2,7739117,57,26476,70354666
09137,2009-11-23,12,28,29,30,34,1,9,90767377,2,6706724,38,23720,64726488
09138,2009-11-25,3,4,14,28,32,9,10,80927196,3,5714285,28,95998,66057007
09139,2009-11-28,14,16,20,22,32,5,9,92503373,1,8000000,18,223248,69724233
09140,2009-11-30,7,8,19,26,30,1,12,98666575,1,8000000,49,47859,62128703
09141,2009-12-02,13,14,21,30,33,2,8,103935745,1,8000000,22,106970,62765789
09142,2009-12-05,5,6,13,24,31,3,11,44007409,9,5400616,72,15911,70853469
09143,2009-12-07,1,9,10,11,22,1,12,48445532,1,6875000,17,176427,62884100
09144,2009-12-09,18,26,32,33,34,4,6,36571512,3,6000000,64,12222,61978220
09145,2009-12-12,5,11,14,22,35,3,10,43098036,1,8000000,28,97270,68557416
09146,2009-12-14,11,17,23,24,25,3,6,52710568,1,8000000,15,209498,61477563
09147,2009-12-16,6,12,18,22,29,5,8,48191714,2,6500000,39,32480,60438195
09148,2009-12-19,2,4,13,14,33,1,9,54696815,1,8000000,28,85699,67488906
09149,2009-12-21,1,3,10,12,20,2,7,52825988,2,6500000,14,142617,60846169
09150,2009-12-23,4,11,18,25,34,5,7,65000723,0,0,32,82821,62649989
09151,2009-12-26,3,8,14,30,31,4,9,2716865,11,5468750,102,12000,68568519
09152,2009-12-28,1,23,29,30,32,7,12,32697004,0,0,9,352694,59093356
09153,2009-12-30,21,22,30,32,34,3,7,45689732,0,0,18,186275,61921485
10001,2010-01-02,2,6,7,12,27,2,8,45504266,2,9500000,33,72700,65988959
10002,2010-01-04,4,23,25,26,30,7,10,59188235,0,0,8,372352,59063615
10003,2010-01-06,5,14,23,27,30,2,8,65611514,1,8750000,21,164367,59587916
10004,2010-01-09,3,6,21,24,34,4,6,71469926,1,8000000,45,55470,67089619
10005,2010-01-11,4,17,19,22,30,2,3,79667245,1,8000000,21,146636,60174031
10006,2010-01-13,3,13,19,30,34,2,5,89093591,1,8000000,13,259934,60820884
10007,2010-01-16,7,23,26,29,32,8,11,71607483,4,5576923,45,45047,66968023
10008,2010-01-18,11,23,25,31,32,5,11,76422792,1,5000000,21,117901,59727873
10009,2010-01-20,2,5,13,27,32,3,11,84598107,1,5000000,18,167305,59047555
10010,2010-01-23,15,22,24,32,35,2,9,80080060,3,5000000,23,98422,64021576
10011,2010-01-25,2,3,11,27,32,8,11,93686243,0,0,31,86801,58954872
10012,2010-01-27,20,24,30,31,33,5,12,92737376,2,5000000,30,75900,59423790
10013,2010-01-30,18,21,22,26,34,9,12,105115884,0,0,21,137538,65363883
10014,2010-02-01,18,19,30,33,35,2,4,117407301,0,0,9,341428,59887023
10015,2010-02-03,3,10,14,18,28,8,10,118407987,1,9000457,22,109302,60286444
10016,2010-02-06,10,12,20,23,32,4,10,122313595,1,10000000,17,197242,66467786
10017,2010-02-08,13,21,23,27,34,9,12,123885908,1,9381541,24,99354,58963701
10018,2010-02-10,3,10,26,32,33,4,12,136398415,0,0,20,145072,60178507
10019,2010-02-20,3,11,19,26,27,2,9,135673799,1,8031409,26,107069,59288005
10020,2010-02-22,8,18,26,32,33,1,6,145273416,0,0,22,107558,55310141
10021,2010-02-24,11,20,23,24,25,7,9,101613245,7,5422655,29,74150,59435470
10022,2010-02-27,2,11,13,14,25,2,5,116363243,0,0,16,200680,65023742
10023,2010-03-01,11,13,29,32,33,2,8,105649877,3,5952584,43,39363,56897252
10024,2010-03-03,3,14,19,24,25,4,11,89654080,4,5667366,32,49990,58426025
10025,2010-03-06,9,11,13,14,25,1,7,82829054,4,5000000,30,104563,63920913
10026,2010-03-08,5,23,25,31,35,7,10,86090953,1,5000000,17,165009,56646358
10027,2010-03-10,5,23,26,32,34,2,9,63069499,5,5000000,41,12000,57838370
10028,2010-03-13,1,2,7,20,35,1,3,78158451,0,0,10,359260,66147851
10029,2010-03-15,21,22,33,34,35,3,4,23158451,11,5000000,370,12000,57269938
10030,2010-03-17,10,12,19,32,35,2,7,20000000,10,1971731,54,12000,57295895
10031,2010-03-20,5,13,16,17,35,6,8,20000000,5,4011638,9,316159,62185672
10032,2010-03-22,13,16,23,24,33,7,11,25528100,1,5000000,14,184703,56162851
10033,2010-03-24,12,19,28,29,30,5,8,10000000,6,4016973,79,12000,56215279
10034,2010-03-27,1,6,19,25,26,3,9,0,11,1989778,21,132084,62359829
10035,2010-03-29,14,16,20,31,34,1,7,13641244,1,5000000,9,304346,53908713
10036,2010-03-31,19,25,28,31,33,1,8,21392744,1,5000000,14,207341,55969409
10037,2010-04-03,19,21,26,34,35,1,9,25964395,1,5000000,33,70901,61763460
10038,2010-04-05,8,10,25,29,33,1,2,33493844,1,5000000,15,185621,54567749
10039,2010-04-07,7,19,26,28,32,1,8,42737714,0,0,34,65559,56831012
10040,2010-04-10,13,20,26,31,35,2,11,33361660,4,5000000,38,61057,64431044
10041,2010-04-12,16,22,28,29,34,4,12,36230442,1,5000000,41,40983,57921241
10042,2010-04-14,1,5,19,34,35,6,7,40523882,1,5000000,38,62267,57454140
10043,2010-04-17,5,8,10,33,35,2,10,46829711,1,5000000,16,158678,63884681
10044,2010-04-19,6,21,24,28,30,2,7,44227484,2,5000000,10,302774,58143721
10045,2010-04-21,8,17,18,20,28,9,10,57470828,0,0,19,137951,57857829
10046,2010-04-24,2,15,19,26,27,5,6,61840857,1,5000000,27,83289,62764147
10047,2010-04-26,4,8,11,30,31,2,8,64225019,1,5000000,18,96524,56875743
10048,2010-04-28,2,3,10,12,25,3,9,72386113,0,0,11,170022,58735417
10049,2010-05-01,1,25,29,31,33,4,10,49354330,5,5000000,17,75276,60877355
10050,2010-05-03,7,8,15,30,35,5,10,21849145,7,5000000,29,85847,54049738
10051,2010-05-05,6,10,20,24,32,6,10,28448605,1,5000000,19,148711,55951362
10052,2010-05-08,4,6,25,29,32,5,6,42621421,0,0,14,248645,61493077
10053,2010-05-10,9,19,22,26,34,9,11,7621421,7,5000000,95,12000,55150582
10054,2010-05-12,12,25,29,30,33,10,11,14147277,0,0,39,40850,55496523
10055,2010-05-15,13,14,17,27,32,2,10,17338573,1,5000000,18,146291,62315353
10056,2010-05-17,5,9,23,25,30,9,12,19842358,1,5000000,27,65392,56490604
10057,2010-05-19,15,17,24,32,35,7,9,30765762,0,0,14,165506,57176020
10058,2010-05-22,6,15,17,19,30,1,12,46478096,0,0,9,436453,62359762
10059,2010-05-24,6,10,14,25,34,1,3,54737276,1,5000000,6,453305,54852390
10060,2010-05-26,10,13,22,33,34,1,5,65434443,0,0,6,396191,56201529
10061,2010-05-29,5,12,14,17,22,5,7,78749467,0,0,13,239910,62194144
10062,2010-05-31,6,7,18,30,31,7,8,73712297,2,5000000,36,57081,56542229
10063,2010-06-02,7,14,16,30,31,3,6,68246190,3,5000000,15,198950,57039300
10064,2010-06-05,7,10,12,20,21,6,9,54844960,4,5000000,16,166320,61531531
10065,2010-06-07,5,8,13,14,32,8,11,60429879,0,0,34,40915,55131467
10066,2010-06-09,15,21,22,24,27,1,6,75835656,0,0,5,662614,56677441
10067,2010-06-12,1,11,19,30,32,3,10,73803088,1,5000000,78,12000,62600663
10068,2010-06-14,11,17,19,20,34,6,10,85182926,0,0,12,210737,53032771
10069,2010-06-16,6,17,18,25,29,8,9,79271311,2,5000000,59,15892,53568152
10070,2010-06-19,5,14,23,25,28,11,12,88617245,0,0,31,68468,61210368
10071,2010-06-21,7,12,26,30,32,2,7,24617245,11,5000000,66,12000,55331384
10072,2010-06-23,5,10,17,23,25,3,10,17882324,2,5000000,18,121112,54533355
10073,2010-06-26,4,9,11,30,32,1,11,26812404,1,5000000,13,250992,60608663
10074,2010-06-28,3,7,20,27,32,2,12,35805486,0,0,21,97485,52999626
10075,2010-06-30,10,12,17,23,27,5,7,47447468,0,0,12,246391,53735820
10076,2010-07-03,9,12,16,19,35,2,12,54438161,1,5000000,7,525989,58643115
10077,2010-07-05,6,7,9,17,24,2,12,68192388,0,0,3,1018831,51385724
10078,2010-07-07,2,3,15,28,35,1,11,64693013,3,5000000,37,80283,52509206
10079,2010-07-10,1,4,21,22,24,2,5,73622943,1,5000000,12,309554,57860042
10080,2010-07-12,8,19,27,29,34,4,10,57991262,3,5000000,42,13323,51730394
10081,2010-07-14,14,18,20,24,27,5,10,58837329,2,5000000,15,185402,53790383
10082,2010-07-17,5,8,24,29,30,4,6,59997130,1,5000000,27,76811,59031323
10083,2010-07-19,7,11,21,22,35,4,7,70427784,0,0,19,126432,52191517
10084,2010-07-21,3,13,14,22,26,2,5,71587264,2,5000000,11,232489,53749055
10085,2010-07-24,2,10,16,18,34,2,3,83772375,0,0,12,257885,58856786
10086,2010-07-26,1,2,12,19,35,5,7,94543919,0,0,17,148062,53608302
10087,2010-07-28,1,12,20,21,24,2,8,98174483,1,5000000,29,73295,55063233
10088,2010-07-31,3,5,14,30,35,3,6,108164091,0,0,20,118923,59905393
10089,2010-08-02,4,10,13,18,23,8,10,118078333,0,0,21,115956,57414129
10090,2010-08-04,8,24,26,31,32,7,9,124236856,0,0,24,62207,58501458
10091,2010-08-07,6,10,23,26,31,5,7,139768200,0,0,14,272479,66214621
10092,2010-08-09,2,15,29,30,34,2,12,131117725,2,6115262,44,36065,59055333
10093,2010-08-11,2,4,9,28,29,5,8,133909187,1,10000000,15,203039,61816350
10094,2010-08-14,20,32,33,34,35,6,7,52909187,15,5000000,161,12000,68284989
10095,2010-08-16,12,14,16,19,25,1,6,64588531,0,0,12,235946,56577946
10096,2010-08-18,4,9,24,30,35,1,10,66555735,2,5000000,16,167960,58771688
10097,2010-08-21,9,17,21,28,29,2,8,76027560,0,0,12,191350,64370716
10098,2010-08-23,2,3,12,13,25,1,7,71443015,3,5000000,21,141962,59220089
10099,2010-08-25,3,11,17,21,30,1,8,85858323,0,0,21,168600,58457907
10100,2010-08-28,19,20,30,33,35,6,8,83319869,3,5000000,26,114588,64495368
10101,2010-08-30,11,15,22,27,35,5,8,91341852,1,5000000,15,199570,58593813
10102,2010-09-01,4,15,19,24,35,1,10,101077959,1,5000000,13,236724,58562191
10103,2010-09-04,10,14,29,30,35,5,8,99498286,1,7675135,28,93864,67247961
10104,2010-09-06,14,25,30,32,33,1,11,110525988,0,0,23,110553,60416556
10105,2010-09-08,5,17,26,27,35,8,9,100765234,3,6164276,31,69717,62352316
10106,2010-09-11,5,27,28,29,34,9,12,100354171,1,8059291,49,36290,68873822
10107,2010-09-13,14,17,22,27,34,3,5,115890519,0,0,8,481747,62175316
10108,2010-09-15,1,10,13,19,34,9,12,131279571,0,0,4,892118,62114953
10109,2010-09-18,1,2,8,11,25,10,12,135660685,1,10000000,20,154635,69672110
10110,2010-09-20,21,29,30,33,35,7,11,107660685,5,5000000,127,12000,61233010
10111,2010-09-22,3,6,13,14,29,1,2,110317336,1,10000000,14,213614,57890101
10112,2010-09-25,14,15,18,34,35,8,10,122285420,0,0,34,72205,68835336
10113,2010-09-27,5,16,22,23,32,4,10,120731074,1,7297103,63,21448,63320398
10114,2010-09-29,3,7,22,25,35,3,11,134831903,0,0,14,229281,63838591
10115,2010-10-02,5,7,10,15,32,3,8,136016248,1,8826809,11,304621,65524983
10116,2010-10-04,14,22,27,28,35,4,10,145289370,0,0,25,88315,56784987
10117,2010-10-06,4,6,21,27,34,5,9,145087752,1,8198920,17,117176,62632305
10118,2010-10-09,19,22,23,29,35,8,10,137943639,2,6501509,25,99336,76404009
10119,2010-10-11,5,13,14,23,26,2,3,152111523,0,0,40,72655,67852382
10120,2010-10-13,8,10,18,34,35,6,10,136207855,4,6028453,34,85241,69038409
10121,2010-10-16,21,22,31,32,34,2,12,127295616,3,6682917,41,87047,74948552
10122,2010-10-18,5,6,11,13,26,2,7,117473947,3,6514505,11,297935,66373725
10123,2010-10-20,18,20,30,32,33,1,11,110462088,2,5996047,39,28377,66411141
10124,2010-10-23,1,9,27,29,34,1,6,124686109,0,0,16,228498,72653166
10125,2010-10-25,1,7,9,14,19,9,12,139208970,0,0,11,302559,66663335
10126,2010-10-27,3,5,9,13,33,5,11,152381273,0,0,7,462186,66524806
10127,2010-10-30,3,22,24,30,33,4,10,153984522,1,9402165,8,299467,75260848
10128,2010-11-01,6,17,19,29,35,2,8,128813670,5,5336802,46,23371,70281583
10129,2010-11-03,14,15,24,25,26,3,7,113066453,3,5417181,101,12000,70819039
10130,2010-11-06,5,6,9,10,34,8,11,127117024,0,0,25,139806,77341875
10131,2010-11-08,10,15,22,28,29,4,12,141390723,0,0,17,184772,68740049
10132,2010-11-10,18,21,23,25,29,6,11,146945257,1,10000000,11,357575,69621078
10133,2010-11-13,11,16,17,21,22,3,6,154666909,1,10000000,14,310906,75926041
10134,2010-11-15,9,12,13,19,30,4,5,152182011,1,6676733,91,12000,67662077
10135,2010-11-17,14,17,19,26,32,3,4,168417353,0,0,16,251710,70738679
10136,2010-11-20,3,13,18,30,33,7,8,163749436,2,7136430,61,43566,79923031
10137,2010-11-22,22,27,28,33,35,9,11,136378484,6,5292116,59,18665,70991878
10138,2010-11-24,8,12,14,19,27,5,6,127814283,3,6430176,40,61380,71201049
10139,2010-11-27,3,13,16,19,29,7,9,115572235,3,6390150,34,95872,76745173
10140,2010-11-29,6,18,20,30,31,3,6,123567697,0,0,49,40534,70653318
10141,2010-12-01,5,11,17,23,33,3,10,112242527,3,6236078,67,34901,71550574
10142,2010-12-04,10,11,19,21,27,4,6,116594989,1,10000000,33,106314,78555350
10143,2010-12-06,10,16,18,22,27,6,8,114682941,2,7695984,20,169558,70677872
10144,2010-12-08,2,11,16,22,31,10,11,131231569,0,0,17,234732,70224248
10145,2010-12-11,18,19,27,28,33,3,6,108303265,5,5603773,37,52420,75190565
10146,2010-12-13,14,17,30,31,34,4,10,117052228,0,0,36,60756,67029732
10147,2010-12-15,1,15,19,21,23,11,12,133025584,0,0,13,299969,66009262
10148,2010-12-18,3,4,8,10,35,2,6,148564727,0,0,18,197322,74147240
10149,2010-12-20,5,22,24,25,30,1,6,148967896,1,8501320,21,159604,68713293
10150,2010-12-22,5,24,28,29,35,1,9,162060141,0,0,14,229688,70254401
10151,2010-12-25,1,10,32,33,35,3,8,97069214,10,5282115,77,30417,75884305
10152,2010-12-27,2,5,18,22,23,7,12,106070691,1,5000000,32,92418,67198522
10153,2010-12-29,6,7,16,24,35,4,6,108744805,1,10000000,28,106954,67696029
11001,2011-01-01,7,8,15,32,34,5,12,106264493,2,7506561,36,83136,72601190
11002,2011-01-03,11,13,27,28,29,2,6,114577721,0,0,82,22713,63595435
11003,2011-01-05,1,24,27,30,31,1,6,116751373,1,9782435,25,118966,66980266
11004,2011-01-08,7,8,10,23,25,7,9,130793921,0,0,23,147428,76345453
11005,2011-01-10,1,7,25,27,30,7,12,148709393,0,0,12,346192,68602032
11006,2011-01-12,2,8,16,26,35,11,12,93810617,8,5474021,31,96769,68116097
11007,2011-01-15,14,24,32,33,35,2,9,104675282,0,0,48,51369,71802234
11008,2011-01-17,1,23,26,27,30,5,6,98414874,2,6728099,43,67768,65912879
11009,2011-01-19,9,10,11,14,24,3,8,104135936,1,5000000,16,172225,65249173
11010,2011-01-22,4,8,10,14,27,5,7,120840432,0,0,14,271617,73127513
11011,2011-01-24,2,17,23,24,30,2,9,132249188,0,0,24,112679,65868407
11012,2011-01-26,3,12,19,25,30,8,11,127667330,2,6806047,40,51675,67808306
11013,2011-01-29,5,8,14,28,30,4,6,139951606,0,0,29,86205,75146172
11014,2011-01-31,2,14,20,21,24,2,9,155416933,0,0,15,254573,68783676
11015,2011-02-09,8,18,19,22,23,1,3,164947287,0,0,29,85859,61116088
11016,2011-02-12,15,20,30,33,35,6,9,177165752,0,0,30,86197,74768258
11017,2011-02-14,16,19,24,26,31,2,4,190209245,0,0,19,172191,67218101
11018,2011-02-16,16,22,24,32,34,2,10,204559462,0,0,14,242197,71591148
11019,2011-02-19,8,21,23,27,33,6,11,190984829,3,5819512,58,29891,86106831
11020,2011-02-21,9,12,19,22,28,1,5,204915970,0,0,27,119069,75264171
11021,2011-02-23,1,9,13,17,30,2,8,216528880,0,0,31,83696,77486022
11022,2011-02-26,9,14,24,25,34,1,4,235318601,0,0,27,167019,88756676
11023,2011-02-28,5,13,16,18,24,2,12,238779266,1,9775276,16,259878,78141115
11024,2011-03-02,12,15,16,20,33,8,12,247441137,1,10000000,19,220199,79549112
11025,2011-03-05,8,9,25,28,29,2,10,254653894,1,10000000,50,81096,90511689
11026,2011-03-07,1,9,15,20,29,7,9,272445556,0,0,13,320570,82639796
11027,2011-03-09,5,14,25,34,35,2,5,266248099,3,6956120,62,55101,84423224
11028,2011-03-12,1,2,13,17,28,1,4,286700891,0,0,32,148208,91860917
11029,2011-03-14,3,9,17,24,28,6,12,283471208,2,7505209,30,129236,80911079
11030,2011-03-16,15,19,25,30,33,3,8,232471208,9,5000000,112,12000,81778553
11031,2011-03-19,12,17,19,22,35,4,11,250852819,0,0,26,172597,93937733
11032,2011-03-21,7,16,23,31,33,3,10,254707534,1,10000000,29,92828,81643680
11033,2011-03-23,3,19,24,29,33,3,9,256334761,1,9011343,17,207707,83735466
11034,2011-03-26,3,6,9,17,27,3,9,279221801,0,0,29,171438,94247323
11035,2011-03-28,3,4,13,15,32,4,9,298041572,0,0,10,425305,84025048
11036,2011-03-30,3,18,29,30,33,8,9,313269458,0,0,20,197124,85781802
11037,2011-04-02,1,12,14,22,24,10,12,322942088,1,10000000,20,228088,96693251
11038,2011-04-04,7,9,11,13,33,10,12,326387365,1,9768864,16,276455,80422215
11039,2011-04-06,1,11,14,22,34,6,8,327322701,2,8645112,16,264138,85116728
11040,2011-04-09,3,7,15,18,20,1,6,348774894,0,0,20,262412,96069406
11041,2011-04-11,4,5,11,13,25,3,6,341699221,3,7023022,24,168585,87556274
11042,2011-04-13,6,9,18,30,32,10,12,349947313,1,10000000,44,95042,87928876
11043,2011-04-16,2,8,23,33,35,5,10,361242100,0,0,79,34461,93914514
11044,2011-04-18,11,21,24,26,31,6,7,371458144,0,0,50,50826,89608392
11045,2011-04-20,13,21,22,29,31,7,11,387770674,0,0,38,106097,95364376
11046,2011-04-23,9,15,16,19,29,4,6,381020504,2,6927047,112,32524,107968006
11047,2011-04-25,2,15,22,33,35,5,8,386905515,1,10000000,12,320909,96770184
11048,2011-04-27,13,17,25,27,28,2,3,361905515,5,5000000,255,12000,97367653
11049,2011-04-30,5,6,10,22,25,1,9,357714362,2,7258678,39,90625,105382597
11050,2011-05-02,4,7,29,32,33,8,10,360591452,1,10000000,32,84997,87452567
11051,2011-05-04,6,8,12,17,18,5,10,360501853,2,8303466,19,200210,94449532
11052,2011-05-07,13,24,31,32,33,3,9,349623523,4,6520277,41,82066,103826788
11053,2011-05-09,3,16,28,31,32,1,9,372405323,0,0,13,427827,92967750
11054,2011-05-11,5,9,16,26,35,3,10,392030969,0,0,32,137723,96198701
11055,2011-05-14,1,7,31,32,35,2,10,419164003,0,0,40,155267,121919915
11056,2011-05-16,3,5,29,30,31,8,10,414373623,3,9668447,67,75461,113369983
11057,2011-05-18,7,11,30,31,34,9,12,426872297,1,14000000,25,186324,111836045
11058,2011-05-21,1,9,27,32,33,3,6,303872297,21,5162601,221,12000,123623363
11059,2011-05-23,9,16,21,29,34,7,10,328983692,0,0,28,204157,111037756
11060,2011-05-25,3,25,29,32,34,9,10,327233734,2,10961548,33,128205,110273508
11061,2011-05-28,6,7,16,18,20,4,10,325886265,3,9194913,22,282485,119067560
11062,2011-05-30,6,10,17,20,21,3,7,326866617,2,10123166,22,237156,104437410
11063,2011-06-01,10,17,18,26,32,1,5,348759449,0,0,28,181307,103484742
11064,2011-06-04,1,6,27,30,34,1,6,362140610,1,15000000,23,301345,114835819
11065,2011-06-06,3,11,14,25,34,1,4,375078277,1,14000000,27,182044,96759634
11066,2011-06-08,6,13,18,20,33,9,10,395795484,0,0,36,127883,102319445
11067,2011-06-11,10,17,22,24,32,3,10,367347891,5,6720822,88,23547,117519124
11068,2011-06-13,1,13,16,18,32,7,9,380952965,1,14000000,9,617126,105704934
11069,2011-06-15,3,5,28,29,33,4,12,377697008,2,9036932,56,61515,105442230
11070,2011-06-18,9,19,22,29,30,2,8,306602546,13,5401149,147,12000,116191211
11071,2011-06-20,27,31,33,34,35,4,6,299596663,2,7998038,184,12000,105844387
11072,2011-06-22,3,11,13,20,35,3,8,319871133,0,0,30,163834,103091748
11073,2011-06-25,13,19,20,22,33,5,11,317666106,2,10844864,43,93341,114496899
11074,2011-06-27,7,16,23,28,31,3,6,138721670,25,5266941,142,21182,102090087
11075,2011-06-29,6,9,20,23,28,6,10,137633524,3,9424856,17,300147,99290929
11076,2011-07-02,18,23,25,29,30,1,2,140694437,2,11353637,25,198796,108032153
11077,2011-07-04,5,8,19,33,34,1,12,149491545,1,14000000,36,112895,94881787
11078,2011-07-06,4,9,16,27,30,2,6,146794221,2,9180172,65,55977,96091331
11079,2011-07-09,1,3,23,30,31,2,10,162610282,1,14000000,19,275371,109599428
11080,2011-07-11,5,12,30,31,32,1,3,180641784,0,0,35,110792,93978157
11081,2011-07-13,4,13,20,21,35,2,9,197429220,0,0,28,129382,95329740
11082,2011-07-16,7,20,25,30,32,5,9,184396669,4,6662493,31,172554,106787273
11083,2011-07-18,6,8,18,20,24,4,8,182379281,2,7660870,73,42336,94242715
11084,2011-07-20,14,29,31,34,35,1,12,199987836,0,0,48,83255,95024927
11085,2011-07-23,2,17,19,21,22,3,10,181023381,5,6075660,30,121690,102298924
11086,2011-07-25,4,5,6,9,15,1,6,200963433,0,0,19,223417,89388176
11087,2011-07-27,6,13,20,25,34,7,9,192547274,2,6175342,82,22536,91364808
11088,2011-07-30,20,21,27,29,35,3,8,184852679,4,7050900,28,183525,104344297
11089,2011-08-01,5,6,23,27,34,3,4,207931278,0,0,24,238538,92442848
11090,2011-08-03,2,4,29,30,34,5,8,223262272,0,0,21,184156,92181969
11091,2011-08-06,11,17,23,29,30,6,8,234735997,1,10000000,54,80880,103226069
11092,2011-08-08,10,17,19,32,33,1,12,234885420,2,8383140,30,121259,90900093
11093,2011-08-10,4,6,8,19,31,10,11,252703120,0,0,18,208394,90159691
11094,2011-08-13,11,21,22,32,34,4,8,242990584,4,6714576,58,65881,98719396
11095,2011-08-15,9,12,17,19,29,6,11,244892108,1,9601015,71,38056,88632964
11096,2011-08-17,3,8,20,24,25,1,2,245245462,2,8451117,71,52769,92112778
11097,2011-08-20,4,19,28,31,33,11,12,256846500,1,10000000,27,204265,101197498
11098,2011-08-22,6,7,28,33,35,1,10,257814962,2,8656154,32,136934,90755796
11099,2011-08-24,2,6,9,12,20,5,8,258383576,2,8522871,24,170187,90999691
11100,2011-08-27,8,11,13,28,33,8,9,260611163,1,9261493,50,71923,100342747
11101,2011-08-29,5,12,20,28,30,3,7,14156217,32,5086232,158,12430,90688655
11102,2011-08-31,19,24,28,31,34,4,12,25254149,1,5000000,19,200597,82689764
11103,2011-09-03,3,4,26,29,34,1,3,27371055,3,5000000,33,141918,94563941
11104,2011-09-05,7,19,27,28,34,2,5,27080587,2,5000000,78,27486,83754211
11105,2011-09-07,2,11,26,32,33,5,12,47353889,0,0,19,252626,86608080
11106,2011-09-10,1,9,29,30,35,5,9,0,10,4434500,150,16698,91808460
11107,2011-09-12,2,6,18,30,32,1,8,20989564,6,5000000,42,61825,72822076
11108,2011-09-14,7,15,18,24,28,1,7,38197639,0,0,26,161578,79849685
11109,2011-09-17,1,11,12,22,34,8,10,52990177,1,5000000,25,173618,91438308
11110,2011-09-19,30,31,33,34,35,4,7,10000000,65,693588,1203,12000,81941832
11111,2011-09-21,2,11,13,23,31,11,12,25888039,0,0,17,189143,70482914
11112,2011-09-24,6,17,28,32,33,8,12,36043587,0,0,75,29891,84408746
11113,2011-09-26,4,5,7,10,12,4,5,43144622,2,5000000,15,262084,78810315
11114,2011-09-28,6,8,17,27,35,2,11,59148718,0,0,28,137669,77707216
11115,2011-10-01,17,26,30,31,35,6,11,75408885,0,0,18,185301,83064433
11116,2011-10-03,10,15,18,19,26,7,12,91469633,0,0,14,271067,70949104
11117,2011-10-05,10,12,28,32,33,3,5,93150429,1,5000000,44,35208,74465435
11118,2011-10-08,4,7,11,32,35,5,7,113105840,0,0,29,166295,92127620
11119,2011-10-10,4,15,20,26,31,6,12,132763457,0,0,37,125407,84425624
11120,2011-10-12,20,25,26,30,31,9,10,70955762,10,5303543,45,55937,84084781
11121,2011-10-15,2,3,30,31,33,3,9,88050408,0,0,32,125927,90476880
11122,2011-10-17,3,8,23,24,34,5,12,88150642,3,5000000,36,93211,81834817
11123,2011-10-19,10,14,18,19,35,1,6,90578986,2,5000000,37,80442,83017071
11124,2011-10-22,8,12,14,20,25,6,8,109336208,0,0,33,126311,91126295
11125,2011-10-24,7,10,27,34,35,10,12,126631088,0,0,25,148773,81800266
11126,2011-10-26,7,17,29,30,33,10,12,121775456,2,6714788,72,28651,84597838
11127,2011-10-29,1,11,22,26,29,5,8,126403896,1,10000000,25,148889,93458807
11128,2011-10-31,3,4,6,11,13,1,2,147214578,0,0,28,182549,86120096
11129,2011-11-02,1,7,13,18,23,4,8,166898558,0,0,32,120946,85738115
11130,2011-11-05,8,9,13,23,35,11,12,169772009,1,9530604,17,234594,95428576
11131,2011-11-07,3,5,12,18,33,7,11,173711416,1,10000000,29,109975,86318167
11132,2011-11-09,12,14,16,19,33,2,9,181219052,1,10000000,17,226636,85110386
11133,2011-11-12,4,11,23,26,35,3,12,155586179,6,5959919,60,67958,95538914
11134,2011-11-14,1,10,12,14,17,9,10,176136024,0,0,15,304442,85194456
11135,2011-11-16,6,22,29,33,35,3,12,183215202,1,10000000,24,161505,86259820
11136,2011-11-19,8,9,11,19,33,3,12,187894014,1,10000000,14,362786,94285070
11137,2011-11-21,2,15,18,23,31,1,2,205106425,0,0,26,151985,85186217
11138,2011-11-23,17,23,26,30,32,6,12,192215936,3,6287223,43,76360,86193005
11139,2011-11-26,4,6,10,15,16,3,4,204116699,1,10000000,23,214713,95740821
11140,2011-11-28,1,12,32,33,34,9,11,194719682,2,6375620,41,58693,84991439
11141,2011-11-30,2,11,19,22,35,10,12,190726011,2,7002109,69,31554,83501512
11142,2011-12-03,4,26,30,33,34,4,6,180227762,3,6666943,21,189733,94416077
11143,2011-12-05,8,9,12,25,33,7,10,186088213,1,10000000,32,116835,85953558
11144,2011-12-07,7,18,24,28,33,2,3,197910066,0,0,51,50520,84813847
11145,2011-12-10,7,15,19,24,29,4,6,208226606,1,10000000,49,82336,92985042
11146,2011-12-12,9,13,19,29,34,2,11,227180037,0,0,28,132310,86403431
11147,2011-12-14,1,15,16,27,28,2,7,238328635,1,10000000,28,162994,88349665
11148,2011-12-17,7,10,11,26,31,3,4,236831159,2,7834174,46,67965,93916125
11149,2011-12-19,2,7,12,29,31,3,5,245776977,1,10000000,22,207058,87367470
11150,2011-12-21,13,22,30,33,34,6,12,211919872,7,5108847,93,12000,86462940
11151,2011-12-24,7,11,14,20,27,3,10,210904537,2,8072990,27,155746,96680030
11152,2011-12-26,1,4,6,21,35,2,11,228103496,0,0,14,279657,86403094
11153,2011-12-28,6,22,29,30,35,3,5,243156811,0,0,44,81259,88096248
11154,2011-12-31,4,12,16,20,28,8,11,262691603,0,0,25,186045,101724253
12001,2012-01-02,7,27,28,32,33,1,12,234100467,5,5259017,138,12000,82753736
12002,2012-01-04,3,11,14,26,29,7,8,238711466,1,10000000,31,105304,86112821
12003,2012-01-07,16,22,24,33,34,3,10,239743471,2,8677334,21,233481,97363283
12004,2012-01-09,10,11,22,31,32,6,7,254045459,0,0,32,101974,86852728
12005,2012-01-11,1,2,29,31,33,7,12,268966261,0,0,34,102548,87772129
12006,2012-01-14,3,20,22,25,27,1,9,280396272,1,10000000,29,163276,95280803
12007,2012-01-16,4,5,13,17,25,7,10,286271587,1,10000000,39,91632,84157452
12008,2012-01-18,6,8,30,31,32,1,11,289611772,1,10000000,52,60706,84499619
12009,2012-01-21,6,14,20,29,35,9,10,299389761,1,10000000,32,136635,102935799
12010,2012-01-30,25,26,29,32,34,5,7,314253773,0,0,34,102158,81078669
12011,2012-02-01,5,19,22,29,30,2,4,318247147,1,10000000,35,91013,81889658
12012,2012-02-04,6,18,22,30,35,2,7,320252410,2,9001754,29,144991,92326799
12013,2012-02-06,7,8,11,12,24,1,2,281212681,7,5730683,24,159190,82271346
12014,2012-02-08,10,14,24,30,32,1,12,281574644,2,8453986,21,201987,83871244
12015,2012-02-11,12,13,24,26,33,6,8,275778245,3,7045244,34,102262,95884232
12016,2012-02-13,5,14,20,29,31,8,12,294074410,0,0,26,164830,87031289
12017,2012-02-15,6,11,22,29,34,3,12,205074410,16,5000000,338,12000,88488285
12018,2012-02-18,3,10,14,29,31,4,8,227011384,0,0,20,235881,99822905
12019,2012-02-20,7,9,17,30,34,1,12,232722464,1,10000000,19,201424,89499046
12020,2012-02-22,12,14,27,29,34,3,6,241041919,1,10000000,27,153622,90897202
12021,2012-02-25,10,15,21,31,34,7,8,237838706,3,7621507,25,191350,99364364
12022,2012-02-27,7,12,20,33,35,1,10,230699005,3,6746733,66,43777,90283501
12023,2012-02-29,7,9,17,29,35,9,10,231239956,2,8513649,27,147322,91666115
12024,2012-03-03,3,11,17,21,30,3,7,210442692,5,6097068,44,88565,97249349
12025,2012-03-05,1,2,5,12,27,4,7,220170940,1,10000000,30,139176,87875533
12026,2012-03-07,10,11,22,23,29,2,9,209315120,2,5549788,55,15321,85927802
12027,2012-03-10,3,10,11,22,31,5,7,189752158,6,6159670,39,104474,95971572
12028,2012-03-12,10,12,15,33,34,3,10,198411361,0,0,35,60766,86559171
12029,2012-03-14,4,7,8,18,29,7,10,213113822,0,0,27,125662,89622157
12030,2012-03-17,3,21,22,26,32,1,3,224610048,1,10000000,15,367456,98542242
12031,2012-03-19,19,21,23,25,30,3,8,222387989,2,7763574,18,234813,86577924
12032,2012-03-21,7,8,16,26,34,7,11,241879359,0,0,42,98441,86307926
12033,2012-03-24,8,13,19,27,32,1,8,261869884,0,0,41,105351,94884885
12034,2012-03-26,1,8,15,16,29,8,9,259501847,2,7726144,18,218764,85603413
12035,2012-03-28,1,4,30,32,35,8,12,255400272,3,7421871,26,167025,85560035
12036,2012-03-31,1,9,20,30,31,8,12,275715296,0,0,84,61841,93125386
12037,2012-04-02,9,13,27,31,35,3,10,288320107,0,0,27,100038,78247988
12038,2012-04-04,11,23,25,31,35,1,3,308092525,0,0,10,425213,79903202
12039,2012-04-07,15,21,22,24,35,1,5,305743107,3,7811240,60,67415,93381476
12040,2012-04-09,2,13,23,28,29,1,5,324915094,0,0,30,139686,83497529
12041,2012-04-11,1,2,13,22,23,2,10,328725027,1,9920805,27,156216,83292294
12042,2012-04-14,7,24,27,28,35,7,12,317892751,3,6613924,33,119549,91457793
12043,2012-04-16,1,6,25,31,34,3,9,330934635,0,0,17,155260,84038794
12044,2012-04-18,3,4,14,32,35,1,2,325410674,3,7310376,11,504082,85892219
12045,2012-04-21,5,11,17,20,28,11,12,327494107,1,9201429,87,41727,92180256
12046,2012-04-23,4,8,19,23,27,4,11,342272592,0,0,23,138765,82530964
12047,2012-04-25,5,7,17,30,34,3,10,355708159,0,0,14,218464,84357630
12048,2012-04-28,6,9,26,30,35,5,6,343351390,3,6045041,73,29716,94540722
12049,2012-04-30,9,18,22,27,31,10,12,358707839,0,0,24,151668,78398644
12050,2012-05-02,13,17,22,28,29,1,10,357744136,2,8012098,31,116073,83400618
12051,2012-05-05,1,2,17,18,33,5,12,370141010,1,10000000,22,233300,92673669
12052,2012-05-07,10,20,26,31,33,10,12,377226308,1,10000000,22,166280,81471740
12053,2012-05-09,11,12,26,28,31,7,12,395477861,0,0,20,223260,82756548
12054,2012-05-12,1,16,18,27,30,10,11,391349045,2,7473162,12,399703,93112833
12055,2012-05-14,7,22,26,32,33,1,8,387386703,2,7012551,59,38116,84354924
12056,2012-05-16,11,21,23,26,34,7,9,386376159,2,7996485,24,151337,86198008
12057,2012-05-19,1,2,14,33,34,3,5,395939072,1,10000000,22,203780,93786172
12058,2012-05-21,13,21,29,31,35,4,12,386647639,2,6397617,59,44634,94702479
12059,2012-05-23,9,13,19,21,27,3,4,379705028,4,7176230,24,201502,95348657
12060,2012-05-26,2,16,21,24,30,6,10,384536427,1,10000000,22,216993,101189600
12061,2012-05-28,5,10,14,27,33,7,9,384347790,2,8270453,69,54644,90048368
12062,2012-05-30,21,32,33,34,35,8,9,228347790,30,5000000,507,12000,92554549
12063,2012-06-02,11,25,26,29,35,1,2,227036376,2,7896195,43,76924,98939363
12064,2012-06-04,9,12,13,15,30,9,10,229995094,1,9566131,23,183103,90348096
12065,2012-06-06,10,22,28,29,34,5,11,227963752,2,7656219,41,82748,90420169
12066,2012-06-09,1,20,25,29,33,4,6,247731515,0,0,20,217826,98611893
12067,2012-06-11,20,22,27,30,33,1,2,256596305,1,10000000,19,216836,88206089
12068,2012-06-13,1,21,31,32,35,3,6,263814038,0,0,70,23820,89260141
12069,2012-06-16,2,4,22,25,34,2,11,276745169,1,10000000,14,387023,101566246
12070,2012-06-18,9,22,23,32,34,6,8,292784939,0,0,28,137976,90123786
12071,2012-06-20,13,23,29,31,34,6,8,286925096,2,7112532,33,119225,91655172
12072,2012-06-23,4,8,17,22,25,4,10,306680564,0,0,23,198049,96524190
12073,2012-06-25,18,23,29,33,34,2,7,311595963,1,10000000,25,155368,88041836
12074,2012-06-27,10,22,23,30,32,1,7,70930242,50,5124457,47,77398,89310405
12075,2012-06-30,7,9,10,18,22,5,10,90026538,0,0,24,180579,91308852
12076,2012-07-02,2,14,16,22,24,2,5,110771249,0,0,14,378898,80072550
12077,2012-07-04,10,30,32,33,34,2,3,82771249,5,5000000,135,12000,80443734
12078,2012-07-07,1,2,23,25,35,5,12,80255739,4,5000000,38,107431,90043223
12079,2012-07-09,1,5,25,32,33,1,10,92633784,1,5000000,11,421285,79358981
12080,2012-07-11,11,12,14,25,28,2,5,110424961,0,0,19,209925,80420397
12081,2012-07-14,10,16,17,30,35,1,8,113317516,1,9538563,36,107580,88440294
12082,2012-07-16,2,4,9,10,15,8,10,114033805,2,8572096,22,173824,80587602
12083,2012-07-18,16,19,28,29,31,5,8,119081870,1,10000000,26,141296,80519889
12084,2012-07-21,21,24,27,29,31,1,2,122538709,1,9773682,31,149762,87316969
12085,2012-07-23,7,18,29,31,33,10,12,82168393,7,5470189,33,84670,79262178
12086,2012-07-25,3,20,25,29,32,5,10,95922991,0,0,17,201532,78946927
12087,2012-07-28,1,6,7,21,31,4,11,110130296,1,5000000,16,261323,87077255
12088,2012-07-30,13,17,24,30,35,2,10,108698300,2,7856000,14,224000,77824388
12089,2012-08-01,6,12,21,29,32,6,11,125297322,0,0,23,159223,78492327
12090,2012-08-04,2,21,27,29,33,2,10,130347386,1,10000000,37,100333,86568483
12091,2012-08-06,3,10,28,31,33,1,9,129358969,1,7921491,28,104572,78967695
12092,2012-08-08,8,9,23,25,31,2,12,124289219,2,7033397,23,138762,77673891
12093,2012-08-11,2,16,21,31,33,4,11,133431285,1,10000000,22,204182,88134396
12094,2012-08-13,2,14,23,32,35,1,10,127108672,2,6712149,26,98269,78940678
12095,2012-08-15,6,9,22,27,30,8,12,122925022,2,7260601,29,132377,81331179
12096,2012-08-18,5,10,19,24,35,8,9,138933742,0,0,44,78763,88805215
12097,2012-08-20,9,17,24,29,32,1,2,142144368,1,10000000,26,112192,80344147
12098,2012-08-22,2,11,28,29,30,6,12,140602551,1,7690908,47,54156,82055498
12099,2012-08-25,12,18,24,25,32,2,12,160992010,0,0,17,289212,90063317
12100,2012-08-27,7,9,13,19,27,1,3,97280598,11,5299455,40,62386,81304308
12101,2012-08-29,2,5,8,9,31,3,7,109329359,1,5000000,16,231955,80597889
12102,2012-09-01,2,4,6,13,35,4,8,118360865,1,10000000,22,207994,87514716
12103,2012-09-03,2,9,18,23,24,1,4,121552988,1,9663383,21,224066,79540358
12104,2012-09-05,16,18,24,25,27,4,9,140640872,0,0,20,205246,81198871
12105,2012-09-08,5,6,14,15,31,6,8,138411865,2,7761792,26,152455,89754073
12106,2012-09-10,15,23,25,29,31,9,10,137174318,2,7920817,15,231810,80675002
12107,2012-09-12,4,7,9,22,33,1,3,153914360,0,0,28,138633,81786911
12108,2012-09-15,6,7,12,24,35,2,6,157260079,1,10000000,48,68970,90264220
12109,2012-09-17,1,22,30,32,35,9,11,144611573,4,6225248,42,70721,81799464
12110,2012-09-19,1,11,17,19,26,5,12,125852385,5,5832108,33,72231,81741224
12111,2012-09-22,1,24,25,30,33,4,11,143493586,0,0,17,235216,88314707
12112,2012-09-24,1,2,28,31,35,5,7,140279011,2,7509082,26,138505,81099610
12113,2012-09-26,3,10,22,27,29,3,12,133756829,2,6159271,84,16202,80773978
12114,2012-09-29,3,6,21,33,35,1,7,154150771,0,0,18,274665,89017250
12115,2012-10-01,1,6,13,19,23,6,9,169023532,0,0,9,440674,69446925
12116,2012-10-03,1,11,18,20,22,7,10,184689749,0,0,24,133899,72022417
12117,2012-10-06,1,12,18,21,33,7,8,181213469,2,7174572,134,17809,86058922
12118,2012-10-08,5,17,25,30,33,1,12,198330008,0,0,30,131161,82368464
12119,2012-10-10,5,6,9,19,32,6,9,203401661,1,10000000,25,134869,84197556
12120,2012-10-13,2,10,21,23,29,3,4,205781709,1,9920032,52,57143,93463759
12121,2012-10-15,7,18,20,29,30,5,6,180675093,6,5797310,59,50260,85404825
12122,2012-10-17,23,24,25,29,31,3,12,185975688,1,10000000,55,70347,84662712
12123,2012-10-20,5,8,18,30,33,1,9,183245311,2,7423207,44,60961,92384268
12124,2012-10-22,7,11,19,20,35,5,10,185343410,1,9732065,55,47510,84938472
12125,2012-10-24,6,14,17,22,35,1,2,202092498,0,0,28,146921,86722271
12126,2012-10-27,13,14,21,28,29,5,10,222582953,0,0,21,239654,95611728
12127,2012-10-29,12,13,14,25,35,10,12,232101513,1,10000000,31,138429,87738452
12128,2012-10-31,9,10,19,30,31,4,11,158101513,13,5000000,136,12000,86991830
12129,2012-11-03,1,7,21,28,31,3,9,162359872,1,10000000,30,113161,94242307
12130,2012-11-05,14,19,23,29,30,6,7,162055982,1,8206711,21,135733,87503658
12131,2012-11-07,2,16,18,27,30,8,12,165300948,1,10000000,29,106385,90069224
12132,2012-11-10,5,8,21,25,33,1,11,158224875,3,6760872,126,25631,99422591
12133,2012-11-12,5,7,13,29,30,1,5,177867882,0,0,24,185749,91763431
12134,2012-11-14,1,6,18,32,35,2,7,174119756,2,7083957,70,34907,90893857
12135,2012-11-17,3,5,17,18,33,6,7,195352677,0,0,34,143708,99774197
12136,2012-11-19,2,23,29,30,31,1,4,187811157,2,6399609,106,18747,93630031
12137,2012-11-21,3,12,20,21,27,1,6,176275822,3,6731203,27,164876,92645458
12138,2012-11-24,13,17,27,31,33,6,12,168189135,4,6985552,43,95230,99444792
12139,2012-11-26,9,10,12,22,25,4,11,159798479,3,6779507,46,82131,89470036
12140,2012-11-28,7,17,27,28,29,9,10,102910036,10,5274814,169,12000,89995813
12141,2012-12-01,3,11,19,23,34,2,12,109227850,1,10000000,53,77703,97483582
12142,2012-12-03,15,19,29,34,35,7,10,109794215,1,8569317,58,50494,90411341
12143,2012-12-05,9,27,29,30,31,3,6,102870962,2,6025581,101,12297,90699066
12144,2012-12-08,11,13,14,21,29,1,10,3369368,15,5345297,35,132393,100893900
12145,2012-12-10,5,22,31,33,35,6,9,22893881,1,5000000,51,37323,83242808
12146,2012-12-12,1,10,13,17,26,6,8,22302458,3,5000000,30,143280,88326469
12147,2012-12-15,2,3,17,19,33,2,9,28529333,2,5000000,14,351175,95259080
12148,2012-12-17,4,16,27,29,34,6,11,32076134,2,5000000,44,81411,86921952
12149,2012-12-19,2,10,23,33,34,5,10,30708485,2,5000000,39,83375,86183124
12150,2012-12-22,2,14,18,24,31,2,3,51830291,0,0,12,426703,93073171
12151,2012-12-24,3,19,20,24,33,3,4,69714376,0,0,24,158969,84629482
12152,2012-12-26,4,17,26,33,34,2,8,42430665,6,5000000,30,135756,86036210
12153,2012-12-29,8,9,10,13,22,5,10,54890188,1,5000000,28,153153,92912437
12154,2012-12-31,3,26,27,31,32,3,9,69462813,0,0,20,178258,85173381
13001,2013-01-02,6,9,11,31,32,5,11,87583599,0,0,18,206504,82539302
13002,2013-01-05,4,20,27,31,32,6,12,108094375,0,0,14,346173,97887870
13003,2013-01-07,1,16,18,21,31,9,12,120141232,1,10000000,29,173939,92114091
13004,2013-01-09,7,8,12,20,25,3,7,101548129,4,5949602,53,55795,93113469
13005,2013-01-12,18,22,26,28,31,10,12,123594996,0,0,25,205565,102731749
13006,2013-01-14,8,20,25,31,32,5,7,126585204,1,9579253,42,104370,91873354
13007,2013-01-16,14,29,32,33,34,3,6,116585204,2,5000000,87,12000,93622278
13008,2013-01-19,2,7,25,29,34,3,6,124053473,1,10000000,13,422851,103090366
13009,2013-01-21,10,17,19,27,29,5,12,100586068,5,5809955,75,39572,92051355
13010,2013-01-23,9,15,17,18,29,9,11,117031592,0,0,34,103430,93053917
13011,2013-01-26,1,2,8,15,23,6,9,116673757,3,8253813,20,268910,103189764
13012,2013-01-28,1,14,31,32,34,2,11,135535963,0,0,11,457265,90273475
13013,2013-01-30,13,15,29,30,35,1,11,146150128,0,0,61,43411,91878143
13014,2013-02-02,5,8,25,29,31,2,4,154624839,1,10000000,41,108995,102516364
13015,2013-02-04,14,15,26,32,33,1,11,152902085,2,7891600,22,187018,90554838
13016,2013-02-06,5,15,19,27,32,8,9,170130710,0,0,23,185254,93354624
13017,2013-02-16,11,14,22,29,34,5,11,0,39,4762252,123,31945,92868182
13018,2013-02-18,20,23,31,33,34,3,9,11738506,1,5000000,48,31860,72887266
13019,2013-02-20,6,12,17,29,30,7,11,18419704,1,5000000,57,45540,78774727
13020,2013-02-23,6,11,20,31,32,5,9,30797768,0,0,33,83353,90505561
13021,2013-02-25,23,24,28,30,33,1,11,43329822,1,5000000,28,142537,84584535
13022,2013-02-27,3,4,13,17,23,3,8,53204819,1,5000000,14,290650,86402223
13023,2013-03-02,5,19,24,26,35,5,7,68857932,0,0,36,100825,93617454
13024,2013-03-04,9,12,14,18,24,1,4,84966486,1,5000000,20,258208,88302567
13025,2013-03-06,3,23,25,26,28,10,12,95037003,1,5000000,13,339352,89233230
13026,2013-03-09,2,10,16,30,33,5,6,86999987,3,5000000,64,49382,96984428
13027,2013-03-11,3,12,14,24,35,3,8,99217311,1,5000000,29,133467,88478779
13028,2013-03-13,13,19,28,30,34,8,12,117290371,0,0,30,143436,90226179
13029,2013-03-16,5,7,17,25,26,4,10,124168043,1,10000000,50,74024,100525965
13030,2013-03-18,3,5,9,10,28,5,7,142906622,0,0,24,169964,92399963
13031,2013-03-20,12,17,18,26,32,10,11,152903939,1,10000000,23,200474,92857755
13032,2013-03-23,12,27,28,33,35,1,8,159896906,1,10000000,35,108929,101795038
13033,2013-03-25,12,18,22,28,31,1,11,183084465,0,0,16,359497,94424531
13034,2013-03-27,1,3,11,19,29,4,8,175024647,3,6840774,23,182556,98117695
13035,2013-03-30,5,14,28,32,34,7,8,157137514,6,6345873,34,143178,105886815
13036,2013-04-01,8,12,32,33,35,3,5,158595131,1,9305077,40,66745,94764559
13037,2013-04-03,2,26,31,32,34,6,8,159171880,1,8717832,40,56847,93728141
13038,2013-04-06,1,19,24,25,26,7,9,180313811,0,0,28,160166,103728759
13039,2013-04-08,6,23,30,33,35,7,10,192846712,0,0,42,68767,96554089
13040,2013-04-10,16,17,22,26,35,3,10,205633582,1,10000000,12,482261,98544111
13041,2013-04-13,3,13,14,15,34,5,8,198017788,3,6640933,81,29727,108882630
13042,2013-04-15,2,6,22,23,33,1,6,200479790,2,9154000,28,182193,98411504
13043,2013-04-17,7,13,25,34,35,7,9,192316919,2,6632735,30,96754,100358246
13044,2013-04-20,7,11,13,18,28,5,10,192471304,2,8372919,29,176096,108144031
13045,2013-04-22,8,11,12,21,25,2,7,186295531,3,7189671,41,107688,98754178
13046,2013-04-24,15,16,19,25,32,5,11,207466383,0,0,28,175327,98130483
13047,2013-04-27,12,20,28,30,35,3,11,228283036,0,0,25,182602,108924465
13048,2013-04-29,10,11,23,32,33,1,4,180774662,7,5505453,43,76089,93439302
13049,2013-05-01,18,22,25,31,32,4,6,185855837,1,10000000,38,88974,90270660
13050,2013-05-04,14,22,30,32,33,7,8,183101262,2,7415141,56,50952,108845242
13051,2013-05-06,5,8,15,18,33,7,8,189058365,1,10000000,46,95987,101017433
13052,2013-05-08,1,2,10,29,31,1,10,166304395,6,6034952,52,73925,99005450
13053,2013-05-11,13,31,33,34,35,5,7,123304395,8,5000000,231,12000,107125902
13054,2013-05-13,5,8,21,30,32,1,8,114882950,4,6929758,23,202599,97491675
13055,2013-05-15,4,5,22,23,24,3,9,107162071,3,6903540,35,114786,97894933
13056,2013-05-18,11,22,30,32,35,3,4,106703983,2,8215874,59,81973,106923534
13057,2013-05-20,7,15,27,33,35,7,10,123030080,0,0,22,170063,95419334
13058,2013-05-22,20,21,27,31,35,7,11,125968561,2,9312826,27,187922,97868322
13059,2013-05-25,3,8,11,24,27,7,12,148773878,0,0,42,113884,107444050
13060,2013-05-27,15,25,26,32,35,5,10,116219946,7,5477724,57,37010,97754407
13061,2013-05-29,1,14,18,21,32,5,10,142690976,0,0,18,346026,104825840
13062,2013-06-01,1,5,8,9,12,9,12,133663835,5,7129714,36,184871,123085059
13063,2013-06-03,3,5,11,27,28,5,6,146067573,1,10000000,25,208892,108064818
13064,2013-06-05,21,24,26,28,32,1,3,159171307,1,10000000,21,250446,109225079
13065,2013-06-08,9,28,31,34,35,2,9,164666357,1,10000000,284,14102,123733625
13066,2013-06-10,6,7,13,33,34,2,11,173469085,1,10000000,55,73519,108172336
13067,2013-06-12,2,3,5,8,29,10,12,168117873,3,7144174,17,214417,105168115
13068,2013-06-15,10,17,27,34,35,5,7,151050094,5,6057629,73,41475,123220775
13069,2013-06-17,6,12,13,16,30,7,12,165804899,1,10000000,41,130460,112197585
13070,2013-06-19,9,12,18,21,29,1,8,172138704,1,10000000,75,58389,113538678
13071,2013-06-22,13,19,26,27,28,3,11,170320645,3,7929319,77,61669,129186697
13072,2013-06-24,12,27,28,33,35,3,5,131224965,7,5560590,159,18887,115290338
13073,2013-06-26,3,5,23,27,31,2,6,124925587,3,7333431,34,165827,116689022
13074,2013-06-29,6,14,20,24,32,1,7,112228527,3,6569851,63,63912,124113767
13075,2013-07-01,1,11,13,19,35,7,8,111311262,2,8098136,28,169939,111388586
13076,2013-07-03,13,15,16,26,27,9,10,106302568,3,7405796,34,153561,110287003
13077,2013-07-06,24,26,30,32,35,6,12,103028044,3,7605661,61,75745,121705850
13078,2013-07-08,2,7,23,31,33,2,8,104883662,2,8951872,29,150547,110464206
13079,2013-07-10,9,10,17,21,34,1,7,106225828,2,8780721,81,52183,111146788
13080,2013-07-13,6,21,23,27,31,4,6,132673164,0,0,27,221780,121739755
13081,2013-07-15,7,9,15,17,23,2,7,150300415,1,10000000,34,209297,115556938
13082,2013-07-17,3,9,25,26,33,3,12,171994313,0,0,30,155511,112633760
13083,2013-07-20,26,29,30,32,35,4,10,86994313,14,5000000,345,12000,123762556
13084,2013-07-22,8,22,26,29,35,1,5,105974540,0,0,31,139049,109893917
13085,2013-07-24,8,19,23,27,32,3,5,98643241,3,6975684,65,62063,109057485
13086,2013-07-27,9,16,26,29,31,6,9,28968747,16,5000000,83,38878,118005920
13087,2013-07-29,9,12,22,32,34,2,4,42617129,1,5000000,23,212239,102329273
13088,2013-07-31,3,5,8,33,35,1,3,0,37,1150769,197,12000,101099585
13089,2013-08-03,6,7,23,24,29,4,11,2846241,3,5000000,39,103008,103107680
13090,2013-08-05,2,26,30,31,33,11,12,5263955,2,5000000,39,74580,93663331
13091,2013-08-07,4,9,28,34,35,2,8,0,7,723495,130,12000,94094638
13092,2013-08-10,7,10,21,27,33,3,9,0,4,2958913,64,45478,100655848
13093,2013-08-12,1,5,17,18,26,5,7,0,6,1211256,59,36407,91058614
13094,2013-08-14,3,28,33,34,35,6,9,0,10,24000,271,12000,89359971
13095,2013-08-17,3,17,28,30,33,1,10,642661,3,5000000,24,141883,85079922
13096,2013-08-19,17,19,20,22,26,6,8,19111160,0,0,24,182404,82602563
13097,2013-08-21,7,8,13,17,32,3,8,28216869,1,5000000,16,265204,87209004
13098,2013-08-24,2,6,16,29,34,10,11,35352220,2,5000000,52,72072,96508845
13099,2013-08-26,4,11,28,30,33,5,12,12009973,4,5000000,73,12000,90552001
13100,2013-08-28,9,12,24,26,30,5,9,6402825,3,5000000,39,96355,91302467
13101,2013-08-31,4,9,13,15,32,2,9,14743158,2,5000000,22,251803,99608666
13102,2013-09-02,6,12,15,19,26,2,11,36350423,0,0,21,223330,90509576
13103,2013-09-04,5,8,13,16,31,3,9,37443844,3,5000000,59,63673,94510010
13104,2013-09-07,2,5,11,27,29,1,11,61624635,0,0,29,197797,103746815
13105,2013-09-09,7,13,27,30,34,1,12,73054761,1,5000000,33,112342,95015234
13106,2013-09-11,6,7,12,13,27,3,12,88399110,1,5000000,40,121097,96682691
13107,2013-09-14,7,13,14,18,25,5,12,111070403,0,0,26,204245,103336022
13108,2013-09-16,5,10,13,15,18,2,11,134193271,0,0,22,272836,98043296
13109,2013-09-18,13,20,26,29,32,2,6,145869127,1,10000000,24,218948,99337442
13110,2013-09-21,7,16,18,32,33,2,7,149035335,2,9388735,28,175199,110067240
13111,2013-09-23,7,12,13,20,27,1,3,151209447,1,9239212,81,47398,102613684
13112,2013-09-25,2,10,20,22,29,5,12,164634801,1,10000000,25,218418,102958306
13113,2013-09-28,19,21,23,28,30,8,12,154688007,4,6675534,161,24961,114354307
13114,2013-09-30,6,17,21,23,33,1,9,135253881,6,6173985,511,12000,101049414
13115,2013-10-02,5,16,29,32,34,4,11,87253881,9,5000000,166,12000,90887232
13116,2013-10-05,13,22,23,30,33,9,11,97540922,1,5000000,45,97922,106157155
13117,2013-10-07,5,16,23,25,33,7,12,112954194,1,5000000,22,198669,94444889
13118,2013-10-09,4,6,11,20,31,1,5,124989788,1,10000000,30,168855,102403342
13119,2013-10-12,1,2,16,23,35,1,11,144276439,1,10000000,32,199228,114833494
13120,2013-10-14,6,14,15,22,26,3,11,167252806,0,0,13,413988,103379902
13121,2013-10-16,3,18,19,20,24,3,12,167954219,2,8513182,26,209983,107502799
13122,2013-10-19,15,17,20,24,35,4,12,183742526,1,10000000,19,312585,114607447
13123,2013-10-21,2,9,10,33,34,5,12,201386997,0,0,28,129263,106562135
13124,2013-10-23,5,7,18,21,32,10,11,207891533,1,10000000,43,81806,110782997
13125,2013-10-26,4,8,14,23,28,4,8,178104632,6,5787443,64,57509,119978991
13126,2013-10-28,9,10,15,18,30,3,6,172845865,3,7164717,39,92509,109378334
13127,2013-10-30,3,14,16,19,32,5,10,165583037,3,6988364,42,103291,110020727
13128,2013-11-02,11,13,27,33,35,1,2,113183371,10,5214305,150,12000,120450087
13129,2013-11-04,11,23,29,30,33,1,4,103338276,3,6770618,56,76983,108505512
13130,2013-11-06,8,9,15,19,30,6,9,95469948,3,6876234,51,75049,109732548
13131,2013-11-09,12,15,29,30,31,4,12,116854488,0,0,54,96982,117449499
13132,2013-11-11,23,26,28,31,34,2,10,105675073,4,6470096,57,60497,106761393
13133,2013-11-13,2,8,10,16,17,9,12,122965280,1,10000000,17,363869,109127259
13134,2013-11-16,2,13,19,23,32,2,9,148480349,0,0,38,163558,117471260
13135,2013-11-18,4,13,19,25,26,7,12,171612098,0,0,32,148280,107973516
13136,2013-11-20,5,11,15,25,28,5,11,154167079,4,6096792,53,56919,111309765
13137,2013-11-23,4,12,32,33,34,6,8,152139878,2,7657598,79,35223,122455002
13138,2013-11-25,3,8,13,17,24,7,9,81149879,14,5091780,303,12000,109150434
13139,2013-11-27,5,6,18,20,31,6,7,82963265,3,5000000,33,163536,108440465
13140,2013-11-30,1,12,17,26,28,1,6,91556766,4,5000000,49,141727,116980853
13141,2013-12-02,5,15,18,25,31,8,10,111701804,0,0,44,115776,107596104
13142,2013-12-04,6,11,25,28,29,4,12,115535221,1,9930590,50,82434,111067962
13143,2013-12-07,3,8,14,21,31,6,8,118184260,2,9012573,41,139102,121306535
13144,2013-12-09,3,20,21,23,35,2,8,128088241,1,10000000,14,437197,110147338
13145,2013-12-11,2,13,15,18,20,2,11,153157780,0,0,29,217052,110223270
13146,2013-12-14,6,7,15,25,31,1,9,168244721,1,10000000,48,117365,120844765
13147,2013-12-16,3,9,22,24,25,5,9,171377233,2,9377504,23,214583,106840083
13148,2013-12-18,2,5,9,29,32,3,7,177610569,1,10000000,26,132788,110251832
13149,2013-12-21,6,7,8,9,13,5,7,180873480,2,9420969,37,143073,121299463
13150,2013-12-23,6,7,14,18,22,8,11,195421794,1,10000000,19,282164,110252541
13151,2013-12-25,2,13,21,27,30,3,4,218469468,0,0,33,144273,115202750
13152,2013-12-28,9,12,14,18,19,3,9,208662004,5,7025670,26,232835,129948961
13153,2013-12-30,4,5,16,17,30,3,9,235568607,0,0,35,180278,120218297
14001,2014-01-01,5,13,20,23,29,8,11,245814203,1,10000000,51,92763,120984608
14002,2014-01-04,1,12,21,24,29,1,7,265231194,1,10000000,49,126117,134448795
14003,2014-01-06,7,11,13,21,33,5,6,262749156,2,7696913,41,110773,121231014
14004,2014-01-08,7,10,19,27,28,9,12,259377488,2,7468802,60,65432,121043337
14005,2014-01-11,15,17,18,29,33,4,8,251264064,4,6981095,38,125187,132360353
14006,2014-01-13,1,4,7,16,35,6,8,279505469,0,0,29,186411,119059472
14007,2014-01-15,8,11,14,21,32,3,11,263085157,5,6378533,99,47129,123439275
14008,2014-01-18,11,13,20,28,35,1,5,282150599,1,10000000,29,242212,137668320
14009,2014-01-20,10,18,25,29,33,7,8,277824746,2,7224139,125,26297,123676782
14010,2014-01-22,5,10,20,26,27,1,3,289164215,2,10000000,42,167815,126731854
14011,2014-01-25,4,6,14,24,35,7,12,305399026,1,10000000,26,273756,138131180
14012,2014-01-27,9,20,21,23,29,5,7,308985857,1,9827845,64,74203,126548654
14013,2014-01-29,10,11,13,22,28,4,12,324041671,1,10000000,91,61637,137312298
14014,2014-02-08,1,9,11,27,29,3,11,325125162,2,8694497,42,102624,130439909
14015,2014-02-10,4,6,18,20,30,5,7,336487176,1,10000000,40,130654,118668684
14016,2014-02-12,4,6,13,24,34,4,9,312409622,8,6326869,21,302420,123079546
14017,2014-02-15,5,10,11,23,34,1,10,295873500,5,6712143,31,206428,136657269
14018,2014-02-17,8,9,12,28,34,2,12,317846981,0,0,41,126284,121704224
14019,2014-02-19,7,12,22,29,32,11,12,316455971,2,7976663,70,62013,127761746
14020,2014-02-22,1,14,17,30,35,6,7,322855712,2,10000000,37,161466,142178440
14021,2014-02-24,6,10,17,23,24,3,9,309059701,4,6564613,39,108915,128569953
14022,2014-02-26,3,6,10,16,25,10,11,325669431,1,10000000,29,209938,130079120
14023,2014-03-01,4,13,15,29,33,5,9,306189144,4,5835860,105,25417,141829576
14024,2014-03-03,7,11,15,31,32,6,11,297992483,4,7145411,32,178784,129953991
14025,2014-03-05,19,20,27,32,34,6,8,292317488,3,7282407,49,97469,128550281
14026,2014-03-08,5,10,12,15,26,4,8,318035173,0,0,91,63618,139988871
14027,2014-03-10,9,10,24,28,29,10,12,313884979,3,7411068,49,89630,129519796
14028,2014-03-12,3,10,20,25,30,10,12,323066741,1,10000000,38,156895,129511240
14029,2014-03-15,3,21,22,23,35,5,9,302523173,6,6258224,87,51836,143829382
14030,2014-03-17,3,14,18,29,35,11,12,299990119,3,7931261,20,356849,128331774
14031,2014-03-19,6,15,27,32,33,3,4,298257838,2,7755906,151,20925,124711221
14032,2014-03-22,2,5,6,9,31,2,9,313118209,1,10000000,41,141051,139487493
14033,2014-03-24,1,7,8,28,29,4,8,313921770,2,8601186,121,30583,126213215
14034,2014-03-26,3,11,14,27,32,5,7,294040655,6,6124320,143,23326,126684339
14035,2014-03-29,9,12,14,28,29,3,10,291041522,3,7777938,71,87265,138292718
14036,2014-03-31,1,2,12,17,29,3,8,293099517,3,8790665,33,177965,124665987
14037,2014-04-02,3,4,8,19,34,2,4,294858966,2,8784473,45,128622,124476686
14038,2014-04-05,7,8,12,20,32,3,5,290675013,3,7558526,46,105870,130841888
14039,2014-04-07,2,5,11,15,20,8,11,316737418,0,0,32,177295,122285750
14040,2014-04-09,12,15,21,30,33,2,8,320311147,2,9249673,29,230190,127871621
14041,2014-04-12,5,7,11,15,18,5,12,325477040,2,9657920,37,185177,139292056
14042,2014-04-14,16,21,25,27,35,6,11,319726297,4,7374876,33,181982,126547122
14043,2014-04-16,1,11,23,29,30,1,12,347321907,0,0,57,100530,126802014
14044,2014-04-19,22,23,25,27,35,3,11,358093528,2,10000000,45,164774,136866302
14045,2014-04-21,6,10,12,16,30,2,11,376989546,1,10000000,33,194585,124470129
14046,2014-04-23,3,15,18,21,26,1,6,387964150,1,10000000,22,310052,127230354
14047,2014-04-26,6,17,18,30,34,6,12,404566567,1,10000000,54,149381,139568509
14048,2014-04-28,1,2,5,15,35,1,11,410032886,2,9734953,24,297364,132476146
14049,2014-04-30,3,15,17,22,31,3,5,427750617,1,10000000,34,187598,129357113
14050,2014-05-03,10,18,27,28,35,1,6,449771795,1,10000000,24,302800,143454855
14051,2014-05-05,1,7,11,29,30,3,11,426593556,6,6187200,62,78927,141385481
14052,2014-05-07,14,19,21,24,30,2,7,448239242,1,10000000,25,244998,148553518
14053,2014-05-10,2,11,17,27,30,3,4,465963587,2,10000000,56,138015,163362645
14054,2014-05-12,2,3,20,25,34,1,12,479762955,2,10000000,72,126347,150534284
14055,2014-05-14,4,23,26,27,35,10,11,497660787,1,10000000,75,75399,151250601
14056,2014-05-17,12,18,28,29,35,7,8,518055775,1,10000000,61,97524,170156653
14057,2014-05-19,8,10,20,27,33,1,9,513584094,4,8164774,40,160094,158049101
14058,2014-05-21,9,15,22,24,26,2,7,514062616,3,9033010,63,106443,156588831
14059,2014-05-24,7,15,17,25,29,4,11,499050363,6,7141398,89,71247,172487834
14060,2014-05-26,12,22,29,30,34,5,11,508335617,2,10000000,50,140672,155476267
14061,2014-05-28,4,11,17,20,29,6,10,530528894,1,10000000,48,127498,157379650
14062,2014-05-31,4,7,17,24,25,2,4,576508734,0,0,48,197762,171910477
14063,2014-06-02,11,17,21,23,34,3,4,603289864,1,10000000,28,279350,149422759
14064,2014-06-04,8,15,33,34,35,1,8,605400258,3,9481293,168,36266,175438349
14065,2014-06-07,7,12,19,31,33,7,12,593113888,5,7371542,54,129775,189856995
14066,2014-06-09,8,14,16,20,31,3,11,609851883,2,10000000,34,199482,171159701
14067,2014-06-11,3,18,23,24,31,3,7,642565242,1,10000000,27,341706,169829052
14068,2014-06-14,5,15,24,29,35,5,6,648506595,3,10000000,91,79136,183812242
14069,2014-06-16,16,22,27,29,31,2,9,658384418,2,10000000,26,228365,165688178
14070,2014-06-18,1,2,7,10,32,4,12,669821040,2,10000000,57,119758,167714687
14071,2014-06-21,4,14,15,22,23,1,7,696804568,1,10000000,43,221374,185954083
14072,2014-06-23,17,19,22,24,30,2,9,727466021,1,10000000,27,331930,168821103
14073,2014-06-25,4,5,7,13,35,5,6,729295547,3,9270829,121,54235,179054580
14074,2014-06-28,6,11,22,27,30,5,11,750501664,2,10000000,104,81061,198134948
14075,2014-06-30,5,7,29,32,35,4,10,729191341,7,6725435,55,118422,179024552
14076,2014-07-02,5,10,19,31,32,9,10,760644298,1,10000000,81,92632,178230857
14077,2014-07-05,9,16,26,31,32,1,5,765404764,3,9819134,55,167784,192620156
14078,2014-07-07,10,15,16,22,28,4,5,778417883,3,10000000,73,119758,173079920
14079,2014-07-09,9,10,20,31,32,6,10,783615300,3,10000000,64,134339,173530979
14080,2014-07-12,17,20,23,25,27,3,10,792428610,3,10000000,49,204471,193958265
14081,2014-07-14,3,5,8,10,25,9,12,830154471,0,0,43,166437,175722160
14082,2014-07-16,1,8,18,23,25,8,12,872216864,0,0,43,191919,181943644
14083,2014-07-19,18,20,24,33,35,5,10,892251472,2,10000000,83,101782,203993360
14084,2014-07-21,2,7,9,11,28,5,9,875765643,7,7224209,126,53920,181205445
14085,2014-07-23,6,12,13,25,29,11,12,879455090,3,9894855,108,68110,178919759
14086,2014-07-26,6,8,27,29,35,3,9,886731623,4,10000000,57,173491,201555668
14087,2014-07-28,4,7,31,33,35,9,10,916892029,1,10000000,55,134240,174787404
14088,2014-07-30,7,13,20,25,26,8,11,929910085,2,10000000,108,80866,183837153
14089,2014-08-02,2,8,12,29,30,7,12,897430770,9,6270293,119,48131,206285308
14090,2014-08-04,2,3,20,23,28,6,8,439724222,60,5182460,69,117087,176916628
14091,2014-08-06,10,16,18,29,32,2,7,466511258,1,10000000,42,188651,171622227
14092,2014-08-09,2,18,27,30,32,5,11,498422452,1,10000000,36,246536,185657187
14093,2014-08-11,3,8,30,32,34,9,11,538115272,0,0,63,128041,166087704
14094,2014-08-13,13,14,24,25,34,4,7,510765155,8,6429806,136,34644,168617295
14095,2014-08-16,6,22,30,31,34,5,6,508319326,4,8448139,44,154164,186569328
14096,2014-08-18,3,7,21,23,31,5,10,476575124,8,6383482,99,62566,167970220
14097,2014-08-20,3,15,20,21,23,7,9,508112843,1,10000000,33,267985,169611153
14098,2014-08-23,16,18,22,25,35,3,10,529856031,2,10000000,45,211357,184527907
14099,2014-08-25,15,21,22,23,33,1,7,541306441,3,10000000,52,171518,163978997
14100,2014-08-27,2,4,8,12,35,1,7,559791030,2,10000000,40,223353,162499795
14101,2014-08-30,9,10,12,17,28,3,11,595465040,0,0,88,77272,174450095
14102,2014-09-01,1,7,14,19,20,3,12,596966907,3,9256358,69,100215,160748402
14103,2014-09-03,14,20,23,25,26,10,12,626567022,1,10000000,44,199664,159163558
14104,2014-09-06,7,13,14,28,32,4,11,621617813,5,8234166,63,130673,176198779
14105,2014-09-08,4,10,26,29,32,4,8,634577614,2,10000000,54,126768,150824984
14106,2014-09-10,5,9,11,20,22,5,11,657364184,1,10000000,67,100367,162710870
14107,2014-09-13,5,13,14,21,34,8,10,691019481,1,10000000,53,156845,181325383
14108,2014-09-15,1,2,13,23,35,9,12,709422417,1,10000000,65,113416,159408053
14109,2014-09-17,15,18,20,21,23,1,2,707079547,5,8560406,39,218698,160457788
14110,2014-09-20,9,18,19,22,24,8,11,729018439,1,10000000,57,130823,176071215
14111,2014-09-22,11,16,18,20,29,3,4,766059220,0,0,32,253993,159305669
14112,2014-09-24,3,5,14,18,32,2,10,778946120,2,10000000,37,229873,161645347
14113,2014-09-27,2,13,17,19,23,1,6,770352154,5,7722784,57,128346,177747229
14114,2014-09-29,3,16,24,30,33,5,8,759165112,4,7238221,77,74863,162818645
14115,2014-10-01,1,5,26,29,30,2,10,770028734,2,10000000,47,159698,149573879
14116,2014-10-04,6,13,15,24,27,4,5,797914592,1,10000000,63,120272,165743086
14117,2014-10-06,3,14,17,18,33,6,9,806936584,2,10000000,45,133434,158204520
14118,2014-10-08,2,3,23,24,26,5,11,848491203,0,0,33,244438,177771292
14119,2014-10-11,4,8,9,13,18,8,12,876616071,1,10000000,91,93176,199847525
14120,2014-10-13,1,4,6,18,33,5,11,901617720,2,10000000,27,339635,177861722
14121,2014-10-15,13,16,18,22,32,8,10,903584105,3,9296431,64,137085,189841132
14122,2014-10-18,3,10,25,26,35,1,7,922321109,2,10000000,83,115949,210987138
14123,2014-10-20,1,9,12,22,25,2,9,926243050,3,9784550,34,249870,185788357
14124,2014-10-22,1,3,28,29,35,8,12,926501357,4,8967600,27,360690,188069407
14125,2014-10-25,12,15,19,23,31,4,10,941910615,2,10000000,114,77763,209429406
14126,2014-10-27,2,9,22,30,34,9,10,973284763,1,10000000,37,221647,188290135
14127,2014-10-29,2,4,6,15,19,2,11,980248197,3,10000000,28,394336,191283997
14128,2014-11-01,2,4,16,22,34,8,11,1012105455,2,10000000,52,221454,213457949
14129,2014-11-03,7,22,28,30,32,5,6,1043803747,1,10000000,44,195460,203647528
14130,2014-11-05,2,18,31,32,33,5,7,1047946346,3,9832710,65,116010,204087496
14131,2014-11-08,3,16,19,23,27,3,7,1070373608,2,10000000,222,36617,229525923
14132,2014-11-10,1,3,4,19,32,1,7,1103993932,2,10000000,26,434759,207042551
14133,2014-11-12,2,8,12,14,18,4,12,1125548895,2,10000000,250,44271,210539527
14134,2014-11-15,2,5,7,11,32,9,12,1157903994,2,10000000,43,244459,231332680
14135,2014-11-17,20,26,28,30,35,9,12,1191956659,2,10000000,38,316405,207091316
14136,2014-11-19,4,18,20,34,35,7,11,1154305279,9,6580696,77,116563,210035293
14137,2014-11-22,2,11,16,22,34,2,5,1178643374,2,10000000,53,175018,228889406
14138,2014-11-24,1,7,29,32,34,9,12,1185612824,4,10000000,25,418179,204150642
14139,2014-11-26,3,5,7,15,34,1,10,1200995750,3,10000000,33,326240,206237565
14140,2014-11-29,1,19,20,25,34,7,12,1251566141,1,10000000,43,307985,228862423
14141,2014-12-01,4,17,20,26,29,5,8,1244535901,5,7942185,61,137838,201721661
14142,2014-12-03,18,21,25,28,30,4,6,1213685929,10,6504645,107,68621,200197897
14143,2014-12-06,1,11,14,18,25,6,10,1241070437,3,10000000,66,183630,223887126
14144,2014-12-08,1,21,24,25,35,4,11,1290463839,0,0,39,263431,199169295
14145,2014-12-10,15,19,22,24,26,10,11,1321185915,2,10000000,40,271725,200399143
14146,2014-12-13,2,16,23,24,28,10,11,1361277737,2,10000000,197,53974,254595224
14147,2014-12-15,5,9,14,26,34,2,9,1324845582,9,6543131,58,153503,203455020
14148,2014-12-17,3,9,10,11,20,7,9,1326828262,4,9318025,146,57656,199263390
14149,2014-12-20,2,13,19,26,35,1,5,1234346541,23,5849579,85,109364,223525491
14150,2014-12-22,19,21,30,33,35,5,7,1211404301,6,7050858,67,132908,199620079
14151,2014-12-24,3,8,26,31,32,8,12,1192625943,7,6987198,78,98775,200426121
14152,2014-12-27,5,12,18,24,33,1,5,1211422140,3,10000000,126,85285,220548247
14153,2014-12-29,1,8,13,24,32,5,10,1212140454,4,9037107,68,143133,197278961
14154,2014-12-31,5,12,17,23,28,2,9,1135404076,14,5913927,109,81189,206102484
15001,2015-01-03,8,9,19,27,30,6,7,1084864825,11,6208747,153,53300,216525466
15002,2015-01-05,3,14,20,26,32,6,10,1092064321,3,10000000,90,98741,194417743
15003,2015-01-07,12,19,27,28,34,1,12,1058932056,8,6794760,59,156326,192816707
15004,2015-01-10,3,12,14,18,28,5,6,1063303937,3,9644205,40,248150,211045780
15005,2015-01-12,11,14,15,18,19,7,8,1056022676,6,7975072,69,135230,187061405
15006,2015-01-14,6,8,30,32,33,3,7,1061791325,2,10000000,64,122162,187375191
15007,2015-01-17,2,7,8,14,31,4,8,1084804698,2,10000000,98,77735,207134099
15008,2015-01-19,7,10,11,15,17,3,10,838917495,54,5350846,88,85830,187348140
15009,2015-01-21,17,22,26,27,33,6,10,885966276,0,0,55,158591,188166127
15010,2015-01-24,2,6,17,30,35,2,7,922553782,1,10000000,58,166880,208415367
15011,2015-01-26,4,13,22,25,30,1,6,867227273,16,6211643,186,42061,181219178
15012,2015-01-28,3,4,6,11,31,5,9,877629027,2,10000000,41,161425,175210148
15013,2015-01-31,11,15,25,28,35,7,10,922796421,0,0,40,226781,197604688
15014,2015-02-02,8,16,25,29,35,3,10,934144755,3,10000000,50,175328,181227543
15015,2015-02-04,1,5,13,17,32,4,11,901055602,8,5905475,79,46370,181763862
15016,2015-02-07,6,7,16,20,34,9,11,949403008,0,0,164,49292,208262620
15017,2015-02-09,7,13,16,17,29,1,7,980636543,1,10000000,75,116974,178974941
15018,2015-02-11,4,7,10,23,31,3,7,1013044052,1,10000000,113,82211,183587012
15019,2015-02-14,2,8,16,22,24,1,3,1056985003,1,10000000,49,254839,202001607
15020,2015-02-16,11,26,28,29,32,1,4,975106845,21,5865102,49,180170,179938437
15021,2015-02-25,22,23,24,26,31,5,6,1011148456,0,0,43,157272,154390777
15022,2015-02-28,9,11,14,15,26,11,12,1052353522,0,0,33,257531,175842569
15023,2015-03-02,6,9,11,12,22,3,11,1075234387,1,10000000,83,71350,145197189
15024,2015-03-04,2,6,8,16,34,3,4,1110363550,0,0,26,273733,145281488
15025,2015-03-07,7,10,20,22,27,10,11,1127093621,2,10000000,57,125572,165356211
15026,2015-03-09,11,13,14,15,22,2,8,1108175348,6,6864076,37,161249,148668212
15027,2015-03-11,5,21,22,25,28,3,10,1132469279,1,10000000,48,144395,152329023
15028,2015-03-14,3,9,28,32,33,9,10,1125436730,4,7727358,107,55009,168916049
15029,2015-03-16,7,10,19,30,35,3,5,1156201713,0,0,74,84674,156821118
15030,2015-03-18,9,18,19,26,31,2,5,1177191244,1,10000000,76,81195,155910978
15031,2015-03-21,7,21,29,32,33,4,12,1185204347,3,10000000,60,132219,174951434
15032,2015-03-23,6,21,25,27,30,7,11,1196045799,2,10000000,62,100026,154307257
15033,2015-03-25,3,17,22,26,28,3,7,1226652726,0,0,44,145171,157398348
15034,2015-03-28,4,8,15,18,26,5,9,1218836194,5,7831863,73,99655,177041373
15035,2015-03-30,22,24,29,30,35,1,10,1230022010,2,10000000,88,79623,158651414
15036,2015-04-01,14,18,20,23,24,4,8,1251569256,1,10000000,32,209153,154432386
15037,2015-04-04,10,16,21,28,31,7,8,1266667677,2,10000000,74,102228,166837072
15038,2015-04-06,12,19,22,31,35,7,8,1275685338,2,10000000,65,119378,144104641
15039,2015-04-08,3,6,7,16,25,1,6,1310555606,0,0,46,168727,156374573
15040,2015-04-11,2,9,10,23,35,9,12,1338069698,1,10000000,55,146158,174893028
15041,2015-04-13,1,11,21,23,28,1,10,1189775444,21,5397755,149,42414,157324325
15042,2015-04-15,3,7,12,17,24,2,11,1178648370,5,7367374,74,83501,160724766
15043,2015-04-18,2,20,22,25,29,2,7,1201450734,2,10000000,38,221391,179164202
15044,2015-04-20,16,18,27,31,33,1,3,1236933448,0,0,63,126723,160136919
15045,2015-04-22,8,9,22,29,30,8,12,1236261155,3,8781839,197,29586,163552645
15046,2015-04-25,5,7,10,22,26,4,10,1197238200,9,6089599,146,38854,176335782
15047,2015-04-27,1,2,17,23,31,5,12,1209162913,2,10000000,80,90656,161867018
15048,2015-04-29,10,11,22,24,33,2,9,1201607522,4,7786959,42,168906,160313095
15049,2015-05-02,8,9,11,15,22,8,10,1215002201,2,10000000,45,173163,167521507
15050,2015-05-04,6,7,10,20,28,2,7,1214317771,3,8749315,232,19526,161208064
15051,2015-05-06,1,2,11,16,21,1,5,1237114602,2,10000000,88,96353,185896288
15052,2015-05-09,13,19,24,27,29,7,8,1265334320,1,10000000,78,121149,196811203
15053,2015-05-11,8,25,28,29,32,4,7,1268085740,3,9529078,65,121164,172582965
15054,2015-05-13,2,9,15,24,34,3,9,1245292482,7,6893459,100,83843,184055388
15055,2015-05-16,6,11,14,20,30,5,10,1210286220,9,6232010,90,64180,193677838
15056,2015-05-18,6,12,19,26,35,3,10,1203143440,5,8023380,45,198149,175035185
15057,2015-05-20,1,5,7,14,26,4,6,1239297755,0,0,39,180771,178811732
15058,2015-05-23,10,14,20,27,30,7,12,1272415378,1,10000000,33,261318,191940346
15059,2015-05-25,7,9,19,23,32,1,3,1297185227,1,10000000,69,101924,171661517
15060,2015-05-27,16,24,25,26,33,4,11,1281829945,7,7205019,64,114390,177925335
15061,2015-05-30,6,7,8,16,22,2,10,1275356607,5,8020321,66,118278,188282124
15062,2015-06-01,6,7,13,14,15,1,4,1309316213,1,10000000,62,156532,167993435
15063,2015-06-03,1,4,6,34,35,2,4,1355424220,0,0,40,260988,173199270
15064,2015-06-06,2,8,20,28,31,7,10,1358857647,3,9677929,64,129013,186654146
15065,2015-06-08,4,5,7,13,35,8,11,1371749617,2,10000000,48,160379,168372417
15066,2015-06-10,1,3,7,13,29,2,10,1407746553,1,10000000,35,277368,174501895
15067,2015-06-13,4,10,18,24,27,4,11,1393017834,7,7405864,87,100741,188803797
15068,2015-06-15,2,3,20,31,35,4,8,1402288984,3,10000000,27,348239,169586611
15069,2015-06-17,2,9,11,22,25,1,7,1381432966,7,6772403,120,50393,169115808
15070,2015-06-20,3,9,12,17,18,4,12,1414660916,1,10000000,56,162612,182602893
15071,2015-06-22,4,6,13,16,34,4,10,1431495361,2,10000000,58,125216,163767077
15072,2015-06-24,19,20,21,31,33,9,10,1329421453,18,5501180,255,21892,171587332
15073,2015-06-27,9,26,27,30,34,1,6,1328502863,4,8771668,43,186288,179205990
15074,2015-06-29,1,12,21,27,33,4,9,1369791223,0,0,26,309662,160608454
15075,2015-07-01,13,14,26,27,33,10,12,1400549959,1,10000000,28,277900,160238358
15076,2015-07-04,3,19,21,31,34,5,12,1407154321,3,10000000,35,249391,177379432
15077,2015-07-06,1,16,17,22,28,2,9,1410707518,3,9859169,68,83173,157870045
15078,2015-07-08,19,24,26,28,33,1,2,1439120707,1,10000000,31,288085,161483265
15079,2015-07-11,1,9,17,23,24,4,5,1449582407,2,10000000,43,185287,171422165
15080,2015-07-13,14,20,29,30,32,3,8,1350821094,19,5197889,107,18135,153920898
15081,2015-07-15,3,4,10,13,17,5,9,1354908004,3,9998951,28,258864,156405464
15082,2015-07-18,8,15,28,31,33,3,6,1386721781,0,0,73,95920,171399172
15083,2015-07-20,14,16,19,25,29,10,12,1413999921,1,10000000,28,283125,155306617
15084,2015-07-22,10,20,21,32,34,6,7,1426556903,2,10000000,56,112914,156104489
15085,2015-07-25,2,3,4,6,16,3,12,1461889590,1,10000000,43,211670,170011903
15086,2015-07-27,5,9,11,15,32,4,9,1464467337,2,9941256,51,90748,150984971
15087,2015-07-29,2,5,15,17,22,1,11,1470621295,2,10000000,29,261627,155740439
15088,2015-08-01,5,15,28,31,34,11,12,1483412687,2,10000000,24,381203,169930972
15089,2015-08-03,5,12,18,20,27,10,12,1518071721,0,0,59,127971,150454358
15090,2015-08-05,6,9,11,17,21,6,8,1512866237,4,8039435,76,84924,155099232
15091,2015-08-08,2,7,28,29,30,3,7,1443881668,12,5702251,91,60709,169440511
15092,2015-08-10,2,14,21,27,34,5,8,1451533975,2,10000000,41,169675,152197701
15093,2015-08-12,16,17,25,26,27,2,4,1451063553,3,8805364,95,53680,156928961
15094,2015-08-15,2,3,10,11,29,3,7,1435245222,5,7249018,57,141399,173594229
15095,2015-08-17,8,14,26,34,35,5,10,1440739717,2,10000000,51,95306,154621807
15096,2015-08-19,3,9,12,18,21,2,6,1435883288,4,8099057,76,82721,160650698
15097,2015-08-22,4,16,17,26,27,1,4,1385860648,11,5995473,295,20461,177707072
15098,2015-08-24,9,14,21,27,33,6,9,1376083288,5,7392129,123,44562,158809204
15099,2015-08-26,9,12,14,22,25,5,10,1401717848,1,10000000,60,118781,163494555
15100,2015-08-29,9,15,18,23,32,5,7,1439790281,0,0,66,119913,178385394
15101,2015-08-31,6,12,17,18,32,7,12,1449994950,2,10000000,60,113139,158243139
15102,2015-09-02,11,14,15,33,34,3,12,1459255310,3,10000000,42,198786,162086829
15103,2015-09-05,7,9,15,25,34,4,10,1455105281,4,8219715,45,144777,171173990
15104,2015-09-07,16,19,25,30,34,4,9,1456310407,4,9165291,33,233023,160775788
15105,2015-09-09,8,9,15,21,27,5,9,1420929062,8,6255530,79,76255,158749270
15106,2015-09-12,2,11,13,22,30,2,3,1430870722,3,10000000,77,109179,177777720
15107,2015-09-14,3,23,25,28,29,6,7,1433360911,2,9681100,72,74257,156081037
15108,2015-09-16,1,13,16,26,31,7,12,1462391575,1,10000000,32,250464,161998296
15109,2015-09-19,1,6,11,22,31,3,12,1495720964,1,10000000,29,292108,175266499
15110,2015-09-21,2,7,10,22,30,7,11,1495014019,3,8796319,78,91163,156934105
15111,2015-09-23,7,8,16,24,28,3,10,1508880896,1,10000000,42,145692,155902332
15112,2015-09-26,4,5,15,19,28,4,11,1466183380,12,6132899,72,83506,173737414
15113,2015-09-28,1,14,21,29,33,2,10,1491364543,1,10000000,55,133177,155983901
15114,2015-09-30,9,18,24,31,34,2,10,1512320825,2,10000000,30,287412,153812339
15115,2015-10-03,8,12,13,14,16,3,9,1524904832,2,10000000,51,132995,156838517
15116,2015-10-05,7,10,19,24,33,3,7,1546620811,1,10000000,107,57318,140096862
15117,2015-10-07,6,17,20,30,33,10,11,1571949674,1,10000000,27,282630,150716634
15118,2015-10-10,3,7,20,24,31,4,9,1598506448,1,10000000,35,234588,179404233
15119,2015-10-12,1,8,12,16,21,6,11,1612482645,2,10000000,73,99442,161118237
15120,2015-10-14,1,9,15,24,32,5,10,1542943366,12,5286036,146,15000,163693770
15121,2015-10-17,2,4,17,27,28,4,6,1574025843,1,10000000,65,124178,183528820
15122,2015-10-19,11,13,15,26,35,6,11,1598150469,1,10000000,36,222914,163688001
15123,2015-10-21,4,15,27,29,30,2,10,1617571033,2,10000000,29,279909,162261394
15124,2015-10-24,4,6,12,31,32,3,6,1644462021,1,10000000,46,183164,178740598
15125,2015-10-26,2,3,15,17,28,8,10,1676808840,0,0,66,103509,161220270
15126,2015-10-28,4,5,8,9,21,3,6,1688575292,2,10000000,39,193674,167281836
15127,2015-10-31,9,11,14,19,30,3,8,1707307787,2,10000000,51,150417,177658247
15128,2015-11-02,10,12,23,30,32,3,4,1745843042,0,0,58,140554,163647991
15129,2015-11-04,1,6,23,25,29,3,9,1787749312,0,0,47,162217,168098239
15130,2015-11-07,17,25,31,32,34,2,12,1829288227,0,0,42,224534,180690724
15131,2015-11-09,11,17,19,20,27,2,3,1859845621,1,10000000,34,258876,165318307
15132,2015-11-11,3,8,14,18,27,1,5,1847218046,4,7217938,73,77107,167451867
15133,2015-11-14,3,7,8,25,30,4,8,1864412215,2,10000000,65,107549,183154237
15134,2015-11-16,1,2,6,15,35,4,7,1888647564,1,10000000,44,166325,166723168
15135,2015-11-18,5,16,20,25,29,6,8,1885887140,3,8326096,55,103016,169937109
15136,2015-11-21,5,20,23,29,32,2,10,1931606870,0,0,29,313506,183355072
15137,2015-11-23,14,17,21,23,26,8,11,1912625918,6,6668934,163,33527,163579669
15138,2015-11-25,1,16,20,29,32,4,7,1943530802,1,10000000,19,458746,165225737
15139,2015-11-28,2,3,5,25,32,5,7,1947298377,3,9633388,55,170653,183764171
15140,2015-11-30,1,11,15,26,35,6,11,1964244295,2,10000000,40,203372,166263824
15141,2015-12-02,2,4,15,19,31,2,3,1982691329,2,10000000,37,214588,169075319
15142,2015-12-05,12,14,22,26,30,3,6,2006518972,1,10000000,35,236599,178123661
15143,2015-12-07,9,20,31,33,35,10,11,2047286906,0,0,38,219379,170425278
15144,2015-12-09,1,9,24,26,29,6,11,2031681187,6,7225565,53,142351,164903129
15145,2015-12-12,6,7,20,29,32,11,12,2075176701,0,0,60,143786,186825762
15146,2015-12-14,4,15,19,27,31,4,11,2058880835,8,7328084,62,137282,168450253
15147,2015-12-16,1,2,13,18,19,8,10,2094531807,0,0,149,39141,167621529
15148,2015-12-19,8,11,27,31,33,8,9,2090620190,3,8288276,36,207954,186856040
15149,2015-12-21,4,6,10,12,28,2,8,2120052540,1,10000000,41,191574,172292839
15150,2015-12-23,4,13,18,25,33,3,7,2118309429,4,8586173,58,120005,175439825
15151,2015-12-26,15,16,18,30,35,1,7,2137475851,2,10000000,45,194264,197782412
15152,2015-12-28,4,5,22,29,35,2,11,2169835751,1,10000000,34,270382,173577818
15153,2015-12-30,1,7,22,27,33,2,11,2174681996,3,9835181,52,183393,177341413
16001,2016-01-02,1,7,19,20,30,5,10,2210663926,0,0,83,90901,191171493
16002,2016-01-04,7,12,18,25,35,7,9,2228413817,2,10000000,91,76006,173986996
16003,2016-01-06,4,12,17,22,26,6,7,2227670567,3,8789527,59,126551,175147656
16004,2016-01-09,10,20,23,32,35,9,10,2264943524,1,10000000,41,221591,191871662
16005,2016-01-11,6,9,12,15,20,8,11,2246550937,6,6921443,123,43518,169105644
16006,2016-01-13,14,16,17,22,24,2,9,2247031342,3,9007208,31,298056,180497252
16007,2016-01-16,2,5,14,32,35,1,3,2298709549,0,0,39,303989,202035521
16008,2016-01-18,5,12,31,34,35,4,5,2298400864,3,8861198,76,84999,178354713
16009,2016-01-20,5,8,10,17,20,2,12,2311006265,2,10000000,55,127973,176511721
16010,2016-01-23,12,13,15,16,28,2,5,2302754070,6,7946166,32,274772,186070936
16011,2016-01-25,2,8,10,15,23,5,10,2299985144,4,8455618,48,152113,165598768
16012,2016-01-27,5,7,11,23,28,3,12,2304563180,3,9927745,68,120953,174347733
16013,2016-01-30,3,21,23,31,35,2,11,2308385677,4,9581482,40,246681,196083786
16014,2016-02-01,6,8,21,24,27,2,10,2336966940,1,10000000,37,218384,167498517
16015,2016-02-03,1,4,10,13,30,3,9,2358276843,1,10000000,50,126080,175834905
16016,2016-02-06,3,10,22,29,32,2,5,2412371190,0,0,110,97760,219513959
16017,2016-02-15,11,18,24,28,29,5,10,2435071508,1,10000000,32,203318,164715457
16018,2016-02-17,5,10,13,27,33,8,11,2406571046,9,6595943,81,75696,168872599
16019,2016-02-20,4,11,15,20,26,8,9,2404067663,4,8500974,111,64495,190202047
16020,2016-02-22,1,16,22,29,30,2,9,2413910892,3,10000000,45,169545,171343959
16021,2016-02-24,1,4,9,10,35,9,11,2423302041,3,10000000,21,432296,172707771
16022,2016-02-27,4,18,21,30,35,2,11,2418520496,5,8322614,53,171287,189772716
16023,2016-02-29,4,9,14,25,27,6,11,2423340376,3,9980529,37,244498,172348704
16024,2016-03-02,1,2,11,15,18,4,8,2434908381,3,10000000,31,293421,175020852
16025,2016-03-05,3,6,13,23,24,7,10,2414488420,7,6817484,107,60565,189993749
16026,2016-03-07,2,6,29,30,34,1,7,2437434650,2,10000000,33,286308,172906063
16027,2016-03-09,6,11,13,15,28,2,6,2463504249,1,10000000,39,200386,165730671
16028,2016-03-12,13,18,20,23,31,3,6,2483217739,2,10000000,37,212750,189419722
16029,2016-03-14,20,26,27,29,32,5,12,2479920749,3,8208990,46,119796,171706268
16030,2016-03-16,10,19,21,29,33,4,6,2465972725,5,7316928,66,117400,177689118
16031,2016-03-19,3,14,24,27,29,4,11,2476910786,3,10000000,65,157334,199452289
16032,2016-03-21,5,9,14,20,33,5,12,2493009722,2,10000000,57,161918,177132305
16033,2016-03-23,3,14,15,31,35,9,10,2511698040,2,10000000,54,147384,176664030
16034,2016-03-26,14,18,31,32,35,9,10,2529363336,3,10000000,38,263586,196686078
16035,2016-03-28,17,22,24,25,29,9,12,2569760622,0,0,33,269315,176183863
16036,2016-03-30,7,15,26,30,31,3,6,2586646951,2,10000000,65,111495,178303412
16037,2016-04-02,3,5,13,24,34,3,5,2591557138,4,9893072,39,250605,190154993
16038,2016-04-04,3,7,9,15,33,5,12,2619796551,1,10000000,28,290425,162789486
16039,2016-04-06,1,8,16,22,28,4,5,2644960121,1,10000000,128,56639,175964032
16040,2016-04-09,20,22,29,30,35,1,6,2670147850,2,10000000,98,98591,195762857
16041,2016-04-11,12,23,24,27,34,3,6,2665901627,4,8286971,57,142554,181468695
16042,2016-04-13,2,6,8,19,24,1,6,2664544915,6,8767057,34,306819,214155413
16043,2016-04-16,1,9,16,33,34,9,12,2702567559,2,10000000,55,200654,228715316
16044,2016-04-18,1,6,10,20,31,5,11,2741738778,1,10000000,38,220169,209144746
16045,2016-04-20,7,11,25,30,33,2,8,2751851987,2,10000000,79,84640,208877948
16046,2016-04-23,3,19,22,32,34,8,12,2802250699,1,10000000,51,210082,234063155
16047,2016-04-25,2,3,23,29,32,5,9,2818458597,2,10000000,63,151835,209248189
16048,2016-04-27,4,12,17,25,27,4,10,2796673004,7,6841100,364,15478,211943223
16049,2016-04-30,3,4,5,27,33,4,9,2815398495,3,10000000,31,309766,225571411
16050,2016-05-02,7,17,21,29,35,4,5,2861932628,0,0,41,199431,188690604
16051,2016-05-04,16,21,23,24,32,7,8,2893688412,1,10000000,26,321949,207454874
16052,2016-05-07,8,14,19,20,33,10,11,2899026352,3,9927164,166,52598,223301686
16053,2016-05-09,4,13,15,30,35,3,5,2944900065,0,0,36,232271,201842185
16054,2016-05-11,2,5,9,21,30,6,7,2979083994,1,10000000,58,141766,205932685
16055,2016-05-14,6,21,27,30,34,4,9,3015190001,1,10000000,52,158077,226059390
16056,2016-05-16,10,12,14,31,35,4,5,3032443827,3,10000000,86,99307,210790992
16057,2016-05-18,8,17,19,23,30,3,8,3009402657,7,7002637,93,89132,213023494
16058,2016-05-21,2,15,17,23,28,5,9,3014713549,4,9731041,41,250353,229058692
16059,2016-05-23,2,10,27,28,33,5,7,3043271917,2,10000000,61,143169,202819144
16060,2016-05-25,2,6,22,27,34,8,11,3077037661,1,10000000,22,400797,196515573
16061,2016-05-28,9,15,17,21,23,7,12,3093759024,3,10000000,52,192296,215033704
16062,2016-05-30,2,10,14,15,35,1,9,3132059059,1,10000000,68,135737,188425995
16063,2016-06-01,8,12,22,27,35,5,9,3048747028,14,5840860,64,124023,183210569
16064,2016-06-04,1,2,10,18,35,5,11,3091375735,1,10000000,81,118266,203000672
16065,2016-06-06,1,9,18,22,24,11,12,3110745172,2,10000000,38,225905,181371568
16066,2016-06-08,10,28,29,31,33,5,11,3134209189,2,10000000,46,218229,174801414
16067,2016-06-11,2,8,11,13,19,2,8,3112353931,7,6834426,61,118226,193116655
16068,2016-06-13,5,7,22,26,34,7,12,3130353378,2,10000000,73,105067,177410817
16069,2016-06-15,14,17,19,23,30,2,9,3168678368,0,0,43,172894,178476614
16070,2016-06-18,2,9,13,19,23,5,7,3188361100,2,10000000,57,154856,197159296
16071,2016-06-20,8,15,19,20,33,7,12,3228188881,0,0,85,90176,175417801
16072,2016-06-22,16,20,24,26,31,4,9,3244300482,2,10000000,37,196081,175717401
16073,2016-06-25,7,14,17,24,27,8,10,3212539589,9,6617923,216,35457,194352348
16074,2016-06-27,1,5,7,11,14,3,8,3253621821,0,0,29,308116,175722061
16075,2016-06-29,3,7,17,22,31,8,12,3255540118,4,9256229,54,163291,176883798
16076,2016-07-02,3,8,10,17,31,5,6,3259813305,4,9767946,51,173379,196154295
16077,2016-07-04,9,11,14,16,35,2,5,3290546304,1,10000000,24,362071,174576074
16078,2016-07-06,7,18,29,31,35,5,11,3316339129,1,10000000,48,150604,176031216
16079,2016-07-09,7,14,15,20,27,5,10,3335784172,2,10000000,61,145812,192640889
16080,2016-07-11,15,20,29,30,33,7,12,3336763346,4,9120909,54,133795,173241722
16081,2016-07-13,6,7,18,21,33,3,8,3364881401,1,10000000,75,94118,171324058
16082,2016-07-16,3,8,23,28,29,2,7,3354316977,6,7670901,76,102289,189939641
16083,2016-07-18,1,5,9,33,35,1,5,3337317109,6,7073427,87,71429,172863465
16084,2016-07-20,8,12,15,26,35,1,8,3379034576,0,0,35,244199,168397590
16085,2016-07-23,14,15,27,31,32,1,7,3154382762,47,5355451,97,76135,188292705
16086,2016-07-25,3,5,22,25,30,7,9,3165240870,2,10000000,45,163813,170252092
16087,2016-07-27,3,16,17,23,25,7,9,3178408229,2,10000000,57,138645,173941407
16088,2016-07-30,4,6,17,21,30,6,11,3206441463,1,10000000,52,157378,191906681
16089,2016-08-01,7,14,17,28,34,7,10,3245924700,0,0,57,143575,173986818
16090,2016-08-03,4,6,8,28,32,7,12,3277357768,1,10000000,40,228071,177705779
16091,2016-08-06,8,13,17,21,22,2,8,3290154296,3,10000000,43,193067,194108585
16092,2016-08-08,2,13,31,33,34,7,11,3311199962,2,10000000,44,172219,175425164
16093,2016-08-10,1,8,14,30,35,6,7,3305502727,5,8033290,104,68481,174774485
16094,2016-08-13,1,14,16,17,18,5,7,3293149626,7,7651464,47,180781,193668600
16095,2016-08-15,8,12,18,19,21,3,6,3296613494,2,9779074,93,71663,172149445
16096,2016-08-17,1,6,8,12,21,5,10,3279830818,5,7280272,63,123759,176201944
16097,2016-08-20,6,8,18,31,33,10,12,3318516210,1,10000000,55,182570,194470665
16098,2016-08-22,8,9,11,20,29,4,5,3309928561,4,7630986,101,56705,174126611
16099,2016-08-24,3,4,12,14,27,1,5,3337125371,1,10000000,41,229363,176499869
16100,2016-08-27,8,12,19,26,30,2,12,3372470173,1,10000000,145,67260,194558808
16101,2016-08-29,4,6,28,33,35,7,12,3405154941,1,10000000,24,379420,176690621
16102,2016-08-31,3,5,6,34,35,3,12,3449353717,0,0,55,155538,177794219
16103,2016-09-03,5,14,20,23,29,3,11,3461843842,3,10000000,76,107797,196977631
16104,2016-09-05,1,20,22,23,30,6,7,3475855899,3,10000000,46,196336,176312231
16105,2016-09-07,8,11,31,34,35,1,2,3509923337,1,10000000,55,173380,175645150
16106,2016-09-10,3,21,30,33,35,1,4,3493879603,6,7312443,139,52781,191510252
16107,2016-09-12,2,6,19,24,26,4,6,3462561196,7,6607125,44,175322,174509999
16108,2016-09-14,10,17,22,23,25,7,9,3437657318,7,6542310,104,50797,173106306
16109,2016-09-17,3,25,28,31,34,11,12,3466514047,2,10000000,50,198739,193626665
16110,2016-09-19,7,20,21,23,30,7,10,3442910758,8,6772123,72,92985,179311987
16111,2016-09-21,4,9,22,26,27,2,12,3467679525,1,10000000,92,86588,181731808
16112,2016-09-24,7,22,23,31,32,4,5,3502750201,1,10000000,64,130955,199351193
16113,2016-09-26,10,11,17,30,34,3,12,3515191923,3,10000000,56,149794,177637883
16114,2016-09-28,16,17,20,32,33,3,7,3502839878,6,7458089,32,240465,173340048
16115,2016-10-01,1,4,15,31,34,2,11,3547923720,0,0,43,229239,188778020
16116,2016-10-03,4,6,8,19,34,10,12,3566017216,2,10000000,22,357126,157717027
16117,2016-10-05,3,9,14,16,23,2,9,3557096623,5,7676957,36,200413,159626154
16118,2016-10-08,12,15,18,24,29,3,11,3571935089,2,10000000,123,65868,195629351
16119,2016-10-10,2,3,9,21,22,5,10,3569855994,4,8573445,98,87730,175765163
16120,2016-10-12,3,10,20,32,34,4,7,3565337019,5,8218445,45,170108,177521772
16121,2016-10-15,4,5,8,15,20,1,6,3559509834,5,8110981,67,128067,196550154
16122,2016-10-17,1,3,12,14,29,2,6,3603748957,0,0,39,229813,178700027
16123,2016-10-19,4,5,13,20,32,1,10,3651778795,0,0,74,139892,179976965
16124,2016-10-22,4,13,24,26,29,8,11,3693174707,0,0,36,233216,191410193
16125,2016-10-24,6,7,8,28,30,1,2,3727254222,1,10000000,76,105159,179128075
16126,2016-10-26,11,13,16,19,24,6,8,3727343868,4,8943883,47,171203,176733833
16127,2016-10-29,1,5,15,24,26,9,10,3747064984,2,10000000,28,368223,192473077
16128,2016-10-31,17,20,22,30,33,7,8,3742471490,5,8206736,87,86762,178307590
16129,2016-11-02,7,8,19,30,35,8,9,3745975912,3,9693425,91,86455,180262598
16130,2016-11-05,11,23,32,33,34,1,12,3722891036,10,7114758,64,147130,200057806
16131,2016-11-07,6,13,25,28,30,2,7,3705987913,6,7083984,89,73205,172418049
16132,2016-11-09,4,18,19,22,35,1,2,3726472243,2,10000000,38,243586,180524624
16133,2016-11-12,1,4,5,23,28,5,9,3724999633,4,8706060,38,238903,203224114
16134,2016-11-14,1,3,31,32,34,2,7,3741306383,3,10000000,53,163435,185722161
16135,2016-11-16,1,10,12,18,35,1,12,3770081323,2,10000000,59,185221,187947049
16136,2016-11-19,5,6,7,19,23,4,11,3791740200,2,10000000,425,15144,204254202
16137,2016-11-21,7,20,23,29,34,2,10,3807220445,2,10000000,63,119261,181006344
16138,2016-11-23,12,13,16,29,35,5,11,3826489200,2,10000000,39,226343,179140283
16139,2016-11-26,13,21,30,31,35,1,8,3864958511,1,10000000,42,225438,200772078
16140,2016-11-28,12,16,23,29,34,4,11,3845393921,9,7220551,121,79106,188081802
16141,2016-11-30,2,6,7,19,28,11,12,3857570669,2,10000000,91,105391,193465971
16142,2016-12-03,1,6,17,23,26,6,12,3899078595,1,10000000,51,206031,208883904
16143,2016-12-05,4,6,22,27,31,6,7,3904182884,3,10000000,59,145073,188839857
16144,2016-12-07,4,5,13,22,31,5,10,3914443711,3,10000000,75,113410,191810527
16145,2016-12-10,1,9,11,17,28,3,8,3913126519,4,8669836,224,24515,209502660
16146,2016-12-12,21,22,25,29,34,1,11,3915756735,4,9377831,56,182464,191944792
16147,2016-12-14,7,19,20,28,30,4,12,3791177687,22,5356179,413,15000,186538144
16148,2016-12-17,5,14,15,23,25,6,8,3806985330,3,10000000,70,136062,210580973
16149,2016-12-19,1,2,3,12,33,4,9,3816313703,2,10000000,96,73600,189963373
16150,2016-12-21,1,10,18,24,29,7,10,3229738187,106,5002840,2251,15000,188065956
16151,2016-12-24,4,7,11,14,21,5,12,3219661079,5,7764199,101,89308,219111783
16152,2016-12-26,8,17,22,24,30,5,11,3224085510,3,9894220,97,93852,194727932
16153,2016-12-28,13,18,25,29,35,3,11,3271932474,0,0,59,160380,196228015
16154,2016-12-31,6,16,17,21,29,4,6,3235556086,10,6729997,92,101048,226398958
17001,2017-01-02,7,9,20,31,33,8,10,3214884037,8,6898280,89,81529,186624920
17002,2017-01-04,7,12,14,31,34,9,11,3252308112,1,10000000,112,94533,192781724
17003,2017-01-07,3,5,6,13,22,9,12,3270524644,2,10000000,46,211393,206276983
17004,2017-01-09,5,8,11,28,31,6,7,3269100289,4,8648787,97,73849,186673580
17005,2017-01-11,5,9,20,26,35,2,11,3313392877,0,0,72,124767,188095935
17006,2017-01-14,4,6,23,32,33,5,6,3269026898,13,6247111,127,63619,206891305
17007,2017-01-16,8,11,17,25,27,2,4,3283292218,3,10000000,54,163945,185767086
17008,2017-01-18,3,4,9,25,32,2,4,3299550616,2,10000000,48,183841,184148162
17009,2017-01-21,5,6,8,12,22,3,4,3334512408,1,10000000,76,123464,203513636
17010,2017-01-23,4,10,13,18,35,1,2,3305544582,7,6781359,42,225866,185249696
17011,2017-01-25,5,15,21,29,34,6,9,3296873997,4,7753983,57,140980,193935932
17012,2017-02-04,4,5,24,26,35,7,12,3309200241,2,10000000,48,188622,199177937
17013,2017-02-06,5,12,17,30,34,11,12,3335198533,1,10000000,43,191627,176214923
17014,2017-02-08,4,8,15,24,25,2,5,3358297383,1,10000000,68,119082,173798704
17015,2017-02-11,1,7,19,27,34,1,2,3373917243,3,10000000,83,112410,196382532
17016,2017-02-13,3,13,28,30,33,9,10,3382818218,3,10000000,84,97252,181455349
17017,2017-02-15,4,19,24,26,29,4,6,3392699037,3,10000000,70,124952,182067186
17018,2017-02-18,6,7,10,17,23,1,9,3418876151,2,10000000,52,173164,200875000
17019,2017-02-20,2,6,14,23,25,2,10,3371542925,11,6272113,57,145860,182158151
17020,2017-02-22,16,21,24,27,28,4,7,3350612688,6,6970810,117,54136,181168570
17021,2017-02-25,1,15,17,20,26,6,8,3379016481,1,10000000,89,92353,201103341
17022,2017-02-27,2,3,9,17,24,6,12,3427151759,0,0,39,250053,188485187
17023,2017-03-01,5,8,12,24,34,7,10,3455027875,1,10000000,97,72605,183366943
17024,2017-03-04,21,23,29,32,35,11,12,3471058022,3,10000000,73,131828,206593265
17025,2017-03-06,10,16,19,20,34,4,5,3479144224,2,10000000,49,160881,183593080
17026,2017-03-08,10,14,19,25,32,2,7,3483244837,4,9734049,34,262153,186355566
17027,2017-03-11,8,17,25,33,34,3,11,3480957577,5,8569144,124,66308,206383912
17028,2017-03-13,6,18,22,23,33,9,11,3490596212,3,10000000,75,107131,185993221
17029,2017-03-15,1,6,14,17,29,1,11,3541799422,0,0,59,163414,189003450
17030,2017-03-18,21,22,24,29,34,5,6,3590538407,0,0,83,104627,203209977
17031,2017-03-20,2,16,17,30,32,2,9,3582956408,5,7864769,77,93890,185528267
17032,2017-03-22,2,13,14,18,29,3,9,3612033002,1,10000000,33,243657,190004398
17033,2017-03-25,15,22,23,25,34,5,11,3638317243,2,10000000,75,119443,206676911
17034,2017-03-27,6,12,21,26,29,2,11,3657628827,2,10000000,58,147755,188394105
17035,2017-03-29,14,17,22,30,33,7,12,3606190192,11,6041708,143,49967,191121882
17036,2017-04-01,1,4,9,18,33,2,5,3638673625,1,10000000,67,146181,207193403
17037,2017-04-03,13,15,16,32,34,6,11,3676610111,0,0,172,49161,172182359
17038,2017-04-05,4,5,13,18,27,3,9,3670337332,4,8078810,63,120249,183323685
17039,2017-04-08,5,6,14,17,26,3,8,3696565737,1,10000000,182,42579,202116551
17040,2017-04-10,4,6,10,23,29,9,11,3682847590,5,7343490,112,68767,183016793
17041,2017-04-12,2,4,6,25,31,5,9,3696768216,2,10000000,34,288506,187473970
17042,2017-04-15,2,17,31,33,34,1,7,3699831558,3,9501645,74,110653,202920322
17043,2017-04-17,6,13,22,25,35,9,12,3726032789,2,10000000,39,220005,189775514
17044,2017-04-19,11,16,17,18,25,2,9,3753218411,2,10000000,66,142780,219158986
17045,2017-04-22,1,8,11,21,35,9,12,3791214185,2,10000000,58,198950,236182140
17046,2017-04-24,4,17,20,23,30,2,3,3769992914,7,7154756,116,71833,214822695
17047,2017-04-26,15,19,32,33,34,9,12,3664460457,17,5811339,61,142515,216534177
17048,2017-04-29,7,9,13,15,19,3,10,3661625450,4,8580522,112,80226,233285579
17049,2017-05-01,9,12,14,22,31,5,8,3606049646,11,6055761,86,74686,202400371
17050,2017-05-03,12,14,17,20,28,2,6,3589897237,7,7486392,47,200246,218534565
17051,2017-05-06,14,17,18,22,29,10,11,3636318978,1,10000000,81,124003,241560120
17052,2017-05-08,3,19,24,28,33,4,12,3631157292,4,8229327,93,81082,218340582
17053,2017-05-10,6,19,20,22,26,1,11,3625148136,6,8272809,76,127008,218610023
17054,2017-05-13,16,29,30,32,33,4,5,3591834048,9,6945590,67,146223,237276288
17055,2017-05-15,19,20,22,30,33,3,9,3614943787,2,10000000,87,107343,213671196
17056,2017-05-17,1,4,24,27,32,3,10,3623470204,4,10000000,51,193013,217496898
17057,2017-05-20,12,16,19,23,24,2,5,3589910730,9,6930982,60,178244,237458502
17058,2017-05-22,14,18,20,21,28,3,6,3565690703,8,6986731,107,75857,215638058
17059,2017-05-24,8,11,13,15,17,3,10,3607004261,1,10000000,116,85050,223675219
17060,2017-05-27,9,15,20,26,31,5,12,3538189538,14,5957762,187,35879,245007742
17061,2017-05-29,10,19,23,25,30,2,4,3568226863,1,10000000,116,65013,208653050
17062,2017-05-31,1,4,6,8,28,8,12,3602783336,2,10000000,57,191426,214270896
17063,2017-06-03,18,21,22,24,29,5,11,3561778733,11,6287758,281,24867,234932394
17064,2017-06-05,1,8,20,27,30,3,4,3591742938,2,10000000,78,116875,211131212
17065,2017-06-07,5,11,12,19,28,5,12,3572736762,8,7305373,82,106135,213256921
17066,2017-06-10,11,15,23,26,30,2,11,3583202521,4,10000000,77,140834,231593730
17067,2017-06-12,10,17,18,32,35,10,11,3602210395,2,10000000,134,66107,212851692
17068,2017-06-14,7,8,19,24,27,6,7,3622286671,1,10000000,113,64040,209829116
17069,2017-06-17,10,16,20,23,32,8,11,3655686532,2,10000000,66,151488,228473387
17070,2017-06-19,6,16,18,26,30,2,3,3663920573,4,10000000,69,136834,207995131
17071,2017-06-21,1,4,11,14,33,5,7,3673649899,3,10000000,70,136845,210213519
17072,2017-06-24,1,3,29,32,34,2,5,3724273122,1,10000000,33,346418,228833631
17073,2017-06-26,7,18,28,31,33,1,2,3744836916,3,10000000,43,238884,204516994
17074,2017-06-28,8,10,11,13,17,8,11,3790728402,0,0,59,159161,204843047
17075,2017-07-01,5,11,16,18,35,1,6,3798166893,3,10000000,45,219558,221784822
17076,2017-07-03,2,7,25,30,35,7,12,3809067958,2,10000000,41,224809,200022206
17077,2017-07-05,1,3,4,25,31,6,9,3854394416,0,0,54,157657,199482288
17078,2017-07-08,4,5,27,31,34,3,6,3885958972,2,10000000,67,159068,215807962
17079,2017-07-10,1,17,19,32,33,2,11,3858398294,8,6846376,101,83791,195650788
17080,2017-07-12,8,10,21,30,31,2,5,3863295763,4,9890573,102,72884,195562828
17081,2017-07-15,2,12,15,20,34,1,6,3886662218,3,10000000,46,230358,214440906
17082,2017-07-17,5,13,20,21,25,8,9,3905756159,2,10000000,42,193952,195165466
17083,2017-07-19,2,5,14,22,34,3,9,3942194219,1,10000000,67,135916,196082394
17084,2017-07-22,6,11,14,21,31,9,12,3995626666,0,0,46,233159,212546263
17085,2017-07-24,9,13,14,25,30,2,5,3965099359,7,6665765,237,38310,196537555
17086,2017-07-26,12,15,18,22,31,1,8,3912253586,12,6160458,86,98697,197778070
17087,2017-07-29,3,14,21,29,35,2,6,3955355946,1,10000000,66,162144,217653411
17088,2017-07-31,5,28,31,34,35,8,9,3970858480,3,10000000,55,175572,197682581
17089,2017-08-02,3,5,6,15,18,3,10,3963658497,5,7918368,117,63221,195804666
17090,2017-08-05,3,6,15,22,35,9,11,4007843515,1,10000000,48,223443,213149992
17091,2017-08-07,1,5,7,16,19,3,12,4051343402,0,0,61,153078,195484927
17092,2017-08-09,3,7,9,17,34,4,5,4088257898,0,0,47,163459,195744671
17093,2017-08-12,5,6,17,21,29,2,4,4092641538,5,9617428,74,145415,221236141
17094,2017-08-14,3,5,8,29,33,4,8,4085529699,4,7965144,97,79496,199415092
17095,2017-08-16,15,32,33,34,35,3,12,4049665155,10,6540496,942,15000,201396755
17096,2017-08-19,3,7,9,17,28,4,12,4090375935,1,10000000,95,107135,208897903
17097,2017-08-21,7,14,19,22,34,7,12,4126211909,1,10000000,76,125007,196473148
17098,2017-08-23,6,9,17,30,35,10,11,4147258197,2,10000000,68,113754,196939620
17099,2017-08-26,8,9,17,18,24,3,7,4185748073,1,10000000,53,184138,221193415
17100,2017-08-28,2,5,18,19,31,1,9,4228046475,0,0,71,119712,199482458
17101,2017-08-30,5,15,21,25,29,5,8,4125812710,18,5495812,164,31641,200305918
17102,2017-09-02,1,12,23,24,29,8,12,4163837399,2,10000000,55,213587,224707432
17103,2017-09-04,4,19,20,24,29,3,4,4188619608,2,10000000,53,173350,199164249
17104,2017-09-06,9,11,22,27,30,9,11,4191982211,3,9662472,192,36073,200139054
17105,2017-09-09,4,15,22,24,32,2,9,4224981560,2,10000000,42,268351,224525720
17106,2017-09-11,9,12,18,23,29,2,4,4239006391,3,10000000,76,130216,201806989
17107,2017-09-13,4,10,19,25,27,6,12,4256486299,2,10000000,89,91858,203030002
17108,2017-09-16,1,4,15,21,22,4,9,4268598636,3,10000000,49,219374,224635006
17109,2017-09-18,6,9,19,26,34,5,7,4242085788,6,6758620,95,76612,202094126
17110,2017-09-20,10,14,20,21,35,2,5,4252044900,3,10000000,59,154052,201794687
17111,2017-09-23,2,14,17,26,34,8,12,4289815824,1,10000000,43,251070,220140489
17112,2017-09-25,5,6,20,31,32,6,12,4270236000,6,7219221,88,105157,199283910
17113,2017-09-27,5,8,17,18,23,4,12,4238842403,10,6601551,117,73142,202181819
17114,2017-09-30,6,7,12,18,23,1,12,4288325250,1,10000000,55,207498,221457669
17115,2017-10-02,14,19,20,25,31,6,8,4288831779,3,9023329,172,38436,175963547
17116,2017-10-04,2,27,30,32,33,1,3,4309435912,2,10000000,36,242412,172984540
17117,2017-10-07,5,7,9,24,32,8,10,4307581838,5,8668433,40,220578,207881694
17118,2017-10-09,2,7,16,20,33,3,11,4252457951,11,6287618,57,166932,195121929
17119,2017-10-11,5,7,13,29,35,3,8,4247472952,5,8296832,43,216912,197391000
17120,2017-10-14,8,15,24,26,27,5,6,4223045066,7,6747509,107,63449,216330390
17121,2017-10-16,1,6,12,26,31,1,7,4271765199,0,0,59,149524,199583003
17122,2017-10-18,3,12,18,29,34,3,11,4284527224,3,10000000,72,137357,204853140
17123,2017-10-21,3,15,23,26,32,1,12,4318722376,2,10000000,67,180135,224279189
17124,2017-10-23,3,29,30,32,35,3,8,4351880934,1,10000000,48,179827,201634459
17125,2017-10-25,7,11,18,26,28,4,5,4275162353,16,5652545,255,21874,202527987
17126,2017-10-28,3,4,13,24,33,1,11,4291619493,3,10000000,71,176696,224742436
17127,2017-10-30,2,15,18,21,22,3,10,4224508242,17,5932533,87,81089,202014185
17128,2017-11-01,9,11,13,18,33,2,3,4236702290,3,10000000,47,237346,210460163
17129,2017-11-04,5,17,20,32,33,4,9,4234584571,4,8566848,95,74828,221400965
17130,2017-11-06,5,18,28,33,34,3,4,4269462536,1,10000000,56,177998,205281738
17131,2017-11-08,3,5,8,19,34,1,12,4276365066,4,10000000,68,131810,209769933
17132,2017-11-11,11,17,23,26,27,1,10,4276365066,2,10000000,67,187527,228286369
17133,2017-11-13,15,17,19,32,33,1,3,4363865130,0,0,53,199420,205369201
17134,2017-11-15,7,18,19,32,34,2,10,4384046233,2,10000000,91,105156,209089016
17135,2017-11-18,1,12,15,19,22,2,4,4403766719,4,10000000,59,207123,228099000
17136,2017-11-20,1,11,20,21,22,3,4,4314495402,17,5878930,96,103245,204621999
17137,2017-11-22,1,20,22,28,29,5,7,4236731015,15,6019019,32,297765,208371260
17138,2017-11-25,4,7,9,20,25,2,11,4195563190,13,6550178,69,144104,224706665
17139,2017-11-27,2,6,19,25,32,9,12,4210596967,2,10000000,85,91355,208076169
17140,2017-11-29,10,16,25,26,29,1,5,4219678773,3,10000000,51,185752,210287622
17141,2017-12-02,2,8,21,22,29,3,5,4237389514,3,10000000,69,150239,227842115
17142,2017-12-04,1,5,16,19,28,2,10,4275347171,1,10000000,55,174921,209153464
17143,2017-12-06,6,9,24,29,32,2,7,4282393686,4,10000000,66,147020,209971249
17144,2017-12-09,3,21,23,29,32,10,11,4309699345,3,10000000,76,161804,233101357
17145,2017-12-11,4,7,17,18,19,3,10,4317224774,2,10000000,114,72192,213369884
17146,2017-12-13,1,5,11,14,35,9,10,4318480826,4,9143114,99,90710,213122165
17147,2017-12-16,5,16,17,25,34,1,11,4367250718,1,10000000,73,151991,229737246
17148,2017-12-18,19,27,31,32,35,11,12,4364959468,4,8582365,60,151203,211263443
17149,2017-12-20,10,18,19,25,26,4,12,4407904079,1,10000000,102,102805,216816379
17150,2017-12-23,3,6,10,13,18,9,11,4457502260,1,10000000,41,282679,235911666
17151,2017-12-25,5,6,23,28,32,4,5,4464946961,3,10000000,52,198440,211995741
17152,2017-12-27,2,4,7,23,28,2,8,4466541182,4,9200875,89,102532,214887235
17153,2017-12-30,1,9,24,26,34,9,12,4478126302,4,10000000,70,162593,236928410
18001,2018-01-01,1,13,22,25,35,3,4,4479674483,4,9138300,47,249848,215274808
18002,2018-01-03,12,20,23,27,34,1,6,4443585959,11,6484151,77,108436,208431222
18003,2018-01-06,4,21,23,24,30,9,10,4440647604,5,8556199,60,172793,226801109
18004,2018-01-08,4,9,22,28,30,1,10,4445675467,4,9787367,56,186520,205801716
18005,2018-01-10,4,9,23,24,30,8,11,4435847449,6,7758568,174,48824,208354385
18006,2018-01-13,19,20,30,32,33,3,5,4483250787,0,0,121,79115,228876959
18007,2018-01-15,3,4,28,31,34,4,11,4504102672,2,10000000,41,263162,210430592
18008,2018-01-17,9,15,17,20,22,10,11,4509562520,3,9822295,47,225457,211879491
18009,2018-01-20,10,12,28,30,34,3,4,4570009063,0,0,38,338952,230281073
18010,2018-01-22,24,25,26,28,29,4,12,4588018755,2,10000000,74,136700,209455315
18011,2018-01-24,3,13,15,23,26,1,10,4641173456,0,0,37,309639,203498133
18012,2018-01-27,3,22,24,29,34,7,11,4635213010,6,8218993,109,92558,218599858
18013,2018-01-29,8,24,31,33,35,7,10,4684812702,0,0,43,245948,203090721
18014,2018-01-31,14,16,18,24,31,1,8,4726825681,1,10000000,53,188566,203817985
18015,2018-02-03,4,13,15,18,29,5,11,4753653322,2,10000000,59,155659,220572521
18016,2018-02-05,1,2,12,13,23,9,12,4766514256,3,10000000,81,108508,202835116
18017,2018-02-07,4,19,21,23,31,4,9,4771863108,3,9929207,37,262613,202520718
18018,2018-02-10,6,8,13,24,28,6,12,4824492674,0,0,63,176906,226108418
18019,2018-02-12,10,11,19,21,28,5,12,4865933980,1,10000000,42,250933,206501821
18020,2018-02-14,1,10,13,14,21,9,12,4908324787,1,10000000,45,251143,223552917
18021,2018-02-24,5,6,8,9,15,4,11,4941852651,1,10000000,84,101227,233520667
18022,2018-02-26,2,10,19,33,35,5,6,4988506161,0,0,43,223044,202288216
18023,2018-02-28,12,13,18,21,29,2,8,5016451627,1,10000000,72,110789,203587803
18024,2018-03-03,2,16,24,30,32,4,7,5038602897,3,10000000,29,383935,230080943
18025,2018-03-05,7,8,9,15,34,7,8,5047617317,3,10000000,46,203072,207433913
18026,2018-03-07,1,2,3,4,30,3,5,5074912532,2,10000000,108,82611,205938359
18027,2018-03-10,1,18,20,21,26,4,11,5085962016,3,10000000,39,257805,222637440
18028,2018-03-12,4,19,25,30,35,4,7,5125941530,1,10000000,60,175366,210397698
18029,2018-03-14,3,9,21,25,29,1,8,5134052855,3,10000000,81,112385,211962307
18030,2018-03-17,5,18,21,28,32,9,11,5152546013,2,10000000,130,68015,230478981
18031,2018-03-19,3,8,13,17,23,5,11,5184093714,1,10000000,83,115734,211527559
18032,2018-03-21,7,10,17,32,35,5,12,5225006750,1,10000000,59,161202,211403323
18033,2018-03-24,2,3,19,23,34,4,9,5198381632,9,6877616,113,65866,231061109
18034,2018-03-26,8,11,22,27,32,3,7,5196338763,5,8607549,110,78334,212117050
18035,2018-03-28,5,7,10,12,24,7,11,5244871082,0,0,73,129707,211060885
18036,2018-03-31,11,17,18,21,27,7,8,5297754793,0,0,54,207387,227859939
18037,2018-04-02,1,3,27,30,31,2,11,5323867872,2,10000000,52,183389,205790103
18038,2018-04-04,14,23,25,31,32,1,3,5339234513,3,10000000,39,263418,198878775
18039,2018-04-07,2,7,14,29,32,10,11,5364269644,2,10000000,84,109752,217344524
18040,2018-04-09,5,7,18,27,31,1,8,5411665761,0,0,122,70652,211513034
18041,2018-04-11,1,23,25,31,33,1,12,5445163138,3,10000000,57,213838,253422570
18042,2018-04-14,3,19,25,29,35,5,9,5327068941,19,5684224,122,65084,265007165
18043,2018-04-16,3,6,13,28,33,4,11,5239147674,17,5925049,73,113999,256568992
18044,2018-04-18,2,4,6,18,21,5,8,5268779121,2,10000000,111,86924,265929558
18045,2018-04-21,2,5,20,30,35,5,9,5283900535,4,10000000,71,171739,283210997
18046,2018-04-23,10,20,22,29,32,5,10,5268370217,7,7630443,55,196032,257284500
18047,2018-04-25,3,8,10,14,20,4,8,5293491487,3,10000000,62,183363,258398718
18048,2018-04-28,2,3,11,20,25,2,7,5318104005,3,10000000,56,204437,276622481
18049,2018-04-30,4,7,9,10,13,6,12,5368233194,0,0,63,147438,230788528
18050,2018-05-02,22,24,26,34,35,6,12,5422293094,1,10000000,52,225430,241836897
18051,2018-05-05,9,18,28,29,35,3,11,5447396941,2,10000000,79,130027,263978006
18052,2018-05-07,5,16,18,19,25,2,7,5447819442,4,8985806,95,103357,240438756
18053,2018-05-09,11,16,21,23,25,2,12,5515804329,0,0,49,252575,247482667
18054,2018-05-12,9,10,12,20,30,1,7,5465203784,13,6617083,122,91172,266905172
18055,2018-05-14,3,7,20,33,34,9,10,5505823357,1,10000000,78,125126,247382161
18056,2018-05-16,2,4,16,28,34,5,7,5556714938,1,10000000,66,160241,242284907
18057,2018-05-19,13,19,22,27,28,5,6,5533435106,7,7295419,105,101615,263782813
18058,2018-05-21,9,11,12,26,32,4,10,5563764270,1,10000000,117,68635,239072621
18059,2018-05-23,1,9,10,27,35,6,11,5611696366,1,10000000,64,165915,242609804
18060,2018-05-26,4,22,27,29,31,2,10,5654020895,2,10000000,55,226490,263797526
18061,2018-05-28,4,10,12,28,31,8,11,5653787525,5,8898996,56,171242,237450953
18062,2018-05-30,12,14,19,23,35,2,7,5703821164,1,10000000,54,196831,238259472
18063,2018-06-02,5,14,15,32,34,3,10,5705403010,4,9167585,83,109249,245622727
18064,2018-06-04,1,3,4,11,29,2,4,5761282472,0,0,65,160419,224954479
18065,2018-06-06,7,10,28,31,32,8,10,5772639586,3,10000000,119,75369,220810457
18066,2018-06-09,1,20,23,32,33,1,4,5813704069,2,10000000,57,203548,239793134
18067,2018-06-11,3,7,12,18,31,7,10,5854895390,1,10000000,67,139612,219756324
18068,2018-06-13,8,12,16,26,33,5,6,5874936454,2,10000000,72,105371,196468042
18069,2018-06-16,1,8,13,21,24,2,11,5885037873,3,10000000,35,304461,241142640
18070,2018-06-18,2,5,10,16,30,4,7,5919039404,1,10000000,52,166567,211903935
18071,2018-06-20,2,5,23,30,31,3,9,5949658808,1,10000000,33,266396,214566154
18072,2018-06-23,5,12,17,24,26,1,2,5981278505,2,10000000,61,166210,224650873
18073,2018-06-25,13,19,24,25,29,2,8,5972044398,5,7758350,118,67694,201563745
18074,2018-06-27,3,9,12,28,30,4,12,5909727592,11,6048382,117,68364,199597596
18075,2018-06-30,1,6,12,20,34,4,12,5958857007,1,10000000,80,165012,220535723
18076,2018-07-02,7,18,28,29,32,6,8,5950663010,4,7818546,127,55940,199580156
18077,2018-07-04,1,6,9,15,26,8,9,5981630962,1,10000000,69,122792,203843593
18078,2018-07-07,7,11,12,22,30,3,6,5999253266,2,10000000,101,80657,218580534
18079,2018-07-09,3,4,10,27,29,1,5,5968985976,9,6597056,150,53079,202323374
18080,2018-07-11,7,16,24,26,31,10,11,5956453500,6,7560939,100,79192,200930992
18081,2018-07-14,2,10,13,21,35,1,12,5995484438,1,10000000,74,153574,220990027
18082,2018-07-16,1,2,14,17,18,8,10,6046964394,0,0,49,202544,202664331
18083,2018-07-18,7,12,25,27,28,10,11,6060893274,3,10000000,57,186650,203396776
18084,2018-07-21,6,11,17,22,35,11,12,6114274675,0,0,60,170820,221782319
18085,2018-07-23,1,2,14,25,31,5,7,6119215421,4,9772486,48,203649,203720742
18086,2018-07-25,16,22,24,29,31,4,5,6147152397,2,10000000,26,359527,202039886
18087,2018-07-28,3,14,19,23,25,1,4,6170422461,3,10000000,60,185287,221733708
18088,2018-07-30,8,9,21,25,33,1,8,6175967288,3,9965868,47,209895,201070776
18089,2018-08-01,26,27,28,32,34,6,10,6185259533,3,10000000,188,43376,198789849
18090,2018-08-04,6,20,24,33,34,4,11,6215638458,1,10000000,38,222618,214323707
18091,2018-08-06,6,22,26,28,31,1,7,6239379715,2,10000000,50,200300,200209093
18092,2018-08-08,5,7,14,18,19,4,10,6271921898,1,10000000,61,138724,203960013
18093,2018-08-11,3,11,16,18,33,3,11,6289602123,2,10000000,71,133969,219900805
18094,2018-08-13,11,16,25,30,34,8,10,6342519469,0,0,40,250003,204437453
18095,2018-08-15,7,14,18,29,35,5,12,6304083968,10,6232202,169,33847,201899050
18096,2018-08-18,13,14,20,28,34,6,10,6319451570,3,10000000,67,137285,224999849
18097,2018-08-20,10,12,14,18,23,1,4,6344726748,2,10000000,26,407484,205831161
18098,2018-08-22,2,15,18,25,27,5,7,6340719923,5,8366389,54,145237,203730773
18099,2018-08-25,12,13,16,20,21,1,7,6343983973,6,9356006,33,344348,222690897
18100,2018-08-27,6,20,21,26,30,6,9,6342598373,4,8691899,42,179521,200023810
18101,2018-08-29,3,14,15,23,29,4,5,6308725026,8,6369457,213,31199,198499936
18102,2018-09-01,6,7,13,22,24,10,12,6342068179,2,10000000,71,145812,224197222
18103,2018-09-03,14,24,26,28,35,2,3,6391571458,0,0,31,311015,202609595
18104,2018-09-05,1,13,14,26,28,7,11,6430739174,1,10000000,40,253224,203640357
18105,2018-09-08,1,16,19,20,31,2,7,6452487726,3,10000000,62,170599,219284141
18106,2018-09-10,4,14,17,24,31,1,4,6472172226,2,10000000,84,107492,204182024
18107,2018-09-12,7,8,9,10,22,3,4,6469261221,5,8520138,84,102992,207148979
18108,2018-09-15,9,10,24,31,32,7,12,6512454344,1,10000000,40,257386,214909384
18109,2018-09-17,10,16,23,25,34,2,5,6515974853,3,9587170,37,234571,193599346
18110,2018-09-19,6,19,21,27,28,3,11,6499010024,6,7219659,136,56279,199222858
18111,2018-09-22,3,16,27,28,32,4,5,6520081923,3,10000000,48,212799,215472949
18112,2018-09-24,3,7,8,9,29,9,10,6521875291,3,9319980,88,76560,193514083
18113,2018-09-26,8,12,27,31,33,4,8,6557535636,1,10000000,68,132991,204939053
18114,2018-09-29,12,18,26,28,29,5,6,6552450316,6,8262635,77,121614,224148934
18115,2018-10-01,2,6,13,18,25,1,2,6535370887,5,7251127,118,63538,188986085
18116,2018-10-03,1,14,17,21,33,7,10,6524536540,6,7638767,48,168431,182177791
18117,2018-10-06,7,11,13,22,29,3,8,6498990134,8,6746812,104,66007,217651581
18118,2018-10-08,4,5,14,21,34,6,9,6485845808,6,7363770,43,156425,211508812
18119,2018-10-10,6,9,11,16,35,2,5,6481977558,5,8385832,56,157655,212932980
18120,2018-10-13,21,22,25,27,30,8,9,6502829135,3,10000000,148,67950,234821953
18121,2018-10-15,6,7,21,29,30,1,10,6520734499,2,10000000,91,105372,207915429
18122,2018-10-17,8,9,21,30,31,5,12,6530054426,4,10000000,116,78493,214571833
18123,2018-10-20,6,9,29,32,35,2,4,6522610651,6,8116254,91,109271,234208723
18124,2018-10-22,8,10,12,19,20,10,11,6524154322,3,9217353,156,50320,216443708
18125,2018-10-24,7,16,20,21,34,4,6,6522197027,5,8680527,80,123236,219795983
18126,2018-10-27,11,13,15,21,27,5,6,6554917405,2,10000000,82,132076,237550025
18127,2018-10-29,1,3,4,11,29,8,12,6564347966,3,10000000,75,137148,217690667
18128,2018-10-31,11,12,14,16,26,8,9,6594664860,2,10000000,54,188100,220324605
18129,2018-11-03,4,7,21,22,29,3,6,6576364115,7,7175014,112,76600,235940348
18130,2018-11-05,3,4,16,18,25,1,11,6590885413,3,10000000,50,209777,217325653
18131,2018-11-07,12,14,21,32,33,2,11,6635339455,1,10000000,49,225327,216536327
18132,2018-11-10,3,16,22,23,27,1,4,6678376013,1,10000000,56,202991,239163144
18133,2018-11-12,8,12,14,15,19,1,10,6657631974,9,7330640,52,208470,217396050
18134,2018-11-14,4,5,19,31,35,2,12,6685696823,2,10000000,39,270324,216189491
18135,2018-11-17,14,19,23,27,34,6,12,6728041749,2,10000000,32,370365,234501139
18136,2018-11-19,3,11,12,19,21,5,11,6745147509,2,10000000,89,92040,211832625
18137,2018-11-21,7,10,22,23,33,8,11,6774793860,1,10000000,103,88777,213366740
18138,2018-11-24,1,23,24,28,33,4,5,6820616434,1,10000000,45,240097,235550538
18139,2018-11-26,5,11,16,28,35,6,9,6818142501,4,8554761,57,146124,211260296
18140,2018-11-28,1,6,8,12,15,3,4,6827035600,4,10000000,43,236579,214669161
18141,2018-12-01,3,7,23,26,33,4,9,6821675414,7,8326917,86,115479,229878514
18142,2018-12-03,19,24,28,29,34,10,11,6821793738,5,8947164,62,149099,209733653
18143,2018-12-05,4,7,20,22,33,1,2,6875246343,0,0,34,311374,209812542
18144,2018-12-08,6,17,18,24,31,7,11,6852100778,7,6993911,167,49772,218318880
18145,2018-12-10,9,18,29,31,33,6,11,6863931453,3,10000000,62,155126,203937312
18146,2018-12-12,3,8,9,13,33,1,2,6915052805,0,0,59,168531,205362986
18147,2018-12-15,1,11,26,33,35,2,10,6972210324,0,0,38,303491,223971838
18148,2018-12-17,2,6,24,33,34,2,3,6967866677,6,8411469,154,74522,208136096
18149,2018-12-19,1,7,10,11,20,3,6,6956714763,5,7744487,73,118605,207515954
18150,2018-12-22,5,12,13,31,34,10,12,7002968220,1,10000000,56,222053,225791549
18151,2018-12-24,4,8,18,29,30,3,7,7018219322,2,10000000,103,84762,207291663
18152,2018-12-26,2,4,5,12,28,8,11,7064136608,0,0,54,165467,205613392
18153,2018-12-29,3,6,7,8,21,1,8,7088689110,2,10000000,81,129621,226088197
18154,2018-12-31,14,22,23,26,30,3,5,7118917925,1,10000000,45,203203,211659213
19001,2019-01-02,6,18,23,26,28,3,12,7142421311,3,10000000,52,198774,210010629
19002,2019-01-05,2,7,14,22,31,1,7,7151049695,3,10000000,128,73021,225241300
19003,2019-01-07,4,8,18,20,32,10,12,7201268804,0,0,47,208522,207380158
19004,2019-01-09,15,16,17,31,32,3,9,7161063055,11,6339208,156,48698,204580697
19005,2019-01-12,21,26,27,29,34,5,6,7179285216,2,10000000,159,56877,226883398
19006,2019-01-14,14,17,19,25,30,4,8,7179104849,3,8889205,89,73858,211569980
19007,2019-01-16,3,12,16,29,32,1,5,7231975347,0,0,74,147545,212856147
19008,2019-01-19,3,8,17,20,24,6,11,7175235779,15,6366438,71,152933,235369276
19009,2019-01-21,3,9,15,18,26,6,12,7221191570,0,0,106,81098,208724945
19010,2019-01-23,3,7,24,25,27,2,12,7255514505,2,10000000,42,249760,213767581
19011,2019-01-26,4,12,13,16,17,4,9,7282068516,2,10000000,66,143243,229215164
19012,2019-01-28,5,9,17,18,19,7,10,7270412609,5,7293176,144,38914,208049284
19013,2019-01-30,8,10,15,17,18,1,8,7261573924,6,7771123,80,94273,209355520
19014,2019-02-02,12,14,20,28,31,9,11,7281902287,3,10000000,113,85181,252453111
19015,2019-02-11,2,5,10,13,30,4,6,7318529721,1,10000000,57,179336,200905382
19016,2019-02-13,3,5,13,16,28,2,6,7335987177,2,10000000,38,285331,199463845
19017,2019-02-16,1,5,7,22,25,3,4,7345788306,3,10000000,89,111800,224354188
19018,2019-02-18,3,18,19,26,34,6,12,7368392285,2,10000000,84,125429,206286685
19019,2019-02-20,4,11,19,25,32,1,2,7344326745,3,10000000,118,334715,240747642
19020,2019-02-23,1,8,16,27,34,3,12,7305795077,4,10000000,633,56048,262801443
19021,2019-02-25,7,13,17,24,33,1,10,7281471244,3,10000000,86,431389,246282617
19022,2019-02-27,1,4,14,15,21,1,5,7260411038,3,10000000,67,690336,250698873
19023,2019-03-02,1,3,14,26,30,6,11,7266412331,1,10000000,36,1244119,271045330
19024,2019-03-04,11,17,19,29,33,8,9,7212374715,5,10000000,79,414991,253993953
19025,2019-03-06,6,13,16,19,29,3,7,7214723367,1,10000000,103,342578,254293562
19026,2019-03-09,10,12,15,17,19,2,3,7119844630,7,10000000,125,296197,276287254
19027,2019-03-11,16,18,24,25,27,2,7,7126442764,1,10000000,89,506436,258310439
19028,2019-03-13,6,22,28,29,33,2,7,7126442764,0,0,59,1146099,265043546
19029,2019-03-16,1,4,18,24,28,2,3,7130547449,1,10000000,67,868859,286607872
19030,2019-03-18,7,9,13,14,33,2,4,7130547449,0,0,68,924270,259512014
19031,2019-03-20,3,8,21,26,33,4,5,7087941067,3,10000000,364,97104,258941467
19032,2019-03-23,1,4,7,11,30,7,8,7075490420,2,10000000,86,490476,281069928
19033,2019-03-25,1,2,4,16,24,7,9,7046359233,3,10000000,35,1340977,259583444
19034,2019-03-27,8,12,15,27,30,1,2,7043311561,2,10000000,102,443242,263239739
19035,2019-03-30,1,3,5,7,18,8,9,6990724180,5,10000000,185,219952,278976389
19036,2019-04-01,3,9,21,28,30,1,12,6962303972,3,10000000,100,447761,264051280
19037,2019-04-03,6,16,26,33,35,4,8,6957878947,2,10000000,597,54212,259744189
19038,2019-04-06,5,11,16,18,27,7,12,6935534547,3,10000000,98,457972,273576520
19039,2019-04-08,1,12,18,26,35,6,12,6835874898,11,10000000,68,745698,258620074
19040,2019-04-10,1,3,31,32,34,1,3,6679434767,11,10000000,70,685657,256461644
19041,2019-04-13,12,19,20,22,28,2,6,6358353641,33,10000000,67,689483,278194830
19042,2019-04-15,4,10,13,28,33,11,12,6274619165,6,10000000,79,555574,266281814
19043,2019-04-17,2,6,7,12,15,6,12,6017894923,17,10000000,68,729171,265838829
19044,2019-04-20,3,6,10,12,31,1,2,6008098541,3,10000000,81,687437,297670249
19045,2019-04-22,1,4,16,19,33,3,12,5552688626,36,10000000,263,91568,266773843
19046,2019-04-24,2,8,14,15,35,10,12,5516686407,5,10000000,215,198355,279781730
19047,2019-04-27,3,4,10,16,32,4,9,5438181603,7,10000000,107,419370,301841890
19048,2019-04-29,6,10,16,29,33,5,11,5385687606,5,10000000,175,229553,277776696
19049,2019-05-01,10,16,22,26,27,7,11,5347345506,4,10000000,101,517399,258571922
19050,2019-05-04,4,15,16,20,35,3,12,5336065897,3,10000000,46,1084514,285832883
19051,2019-05-06,11,15,16,20,29,4,8,5344151471,1,10000000,84,500949,271425230
19052,2019-05-08,4,10,15,20,24,7,11,5313363213,4,10000000,95,486630,276499358
19053,2019-05-11,1,11,19,26,35,11,12,5323214069,1,10000000,94,626159,302681393
19054,2019-05-13,2,18,23,27,30,5,10,4984758180,29,10000000,212,111076,276149811
19055,2019-05-15,2,4,6,19,22,2,6,4963149792,3,10000000,74,569761,283602540
19056,2019-05-18,1,7,10,12,23,6,8,4915397955,5,10000000,100,521758,305996270
19057,2019-05-20,8,14,16,34,35,6,12,4894582543,3,10000000,81,571549,276199961
19058,2019-05-22,3,10,13,14,32,7,11,4845045372,5,10000000,64,645666,275571204
19059,2019-05-25,7,8,15,27,32,8,12,4833102719,3,10000000,127,362522,301599968
19060,2019-05-27,1,11,12,18,21,8,10,4833102719,0,0,93,709472,269705099
19061,2019-05-29,1,2,13,14,26,5,11,4808403292,4,10000000,101,436775,272417820
19062,2019-06-01,5,16,23,25,28,1,12,4764031989,5,10000000,170,242083,292876443
19063,2019-06-03,5,8,15,18,21,4,8,4705583932,7,10000000,158,192105,269890522
19064,2019-06-05,7,8,13,19,29,11,12,4705583932,0,0,106,418043,277172405
19065,2019-06-08,3,8,10,23,27,2,12,4677385385,3,10000000,102,491543,295446062
19066,2019-06-10,4,10,11,18,31,5,8,4639229846,5,10000000,128,265113,272861483
19067,2019-06-12,3,8,11,15,16,2,10,4596914428,6,10000000,102,534981,281702303
19068,2019-06-15,4,5,8,17,27,6,11,4527560332,6,10000000,71,570619,302523734
19069,2019-06-17,8,22,23,33,34,4,6,4409347604,13,10000000,76,664345,277867343
19070,2019-06-19,2,13,15,22,34,2,12,4419628452,1,10000000,43,1186548,271071777
19071,2019-06-22,7,13,14,15,22,7,11,4386203654,5,10000000,108,412686,295494008
19072,2019-06-24,2,4,6,9,18,7,10,4390457899,1,10000000,81,481312,269398842
19073,2019-06-26,4,11,19,20,24,8,11,4382364770,2,10000000,176,176485,271821466
19074,2019-06-29,8,9,13,14,34,5,7,4372011525,3,10000000,90,542497,301323048
19075,2019-07-01,5,6,7,11,16,2,11,4329058171,4,10000000,102,360251,264828767
19076,2019-07-03,1,6,11,23,29,1,11,4297766552,5,10000000,68,740286,266685847
19077,2019-07-06,1,15,17,21,33,7,10,4306208094,1,10000000,58,893219,293644337
19078,2019-07-08,5,10,21,26,30,1,7,4306208094,0,0,117,524589,272470927
19079,2019-07-10,10,13,16,28,35,4,5,4282392621,4,10000000,75,704932,271256673
19080,2019-07-13,5,13,18,19,24,2,7,4212738028,6,10000000,127,306022,296452290
19081,2019-07-15,6,24,26,30,33,2,7,4186160786,3,10000000,58,873889,272912117
19082,2019-07-17,6,18,20,21,31,3,4,4117332393,7,10000000,74,611256,271428141
19083,2019-07-20,17,24,26,28,32,7,9,4096211433,2,10000000,108,425427,292813014
19084,2019-07-22,12,23,25,34,35,1,7,4085660246,2,10000000,88,639090,267484415
19085,2019-07-24,4,5,6,15,26,8,11,4061417389,3,10000000,97,441006,266144001
19086,2019-07-27,5,15,16,28,31,2,7,3904840978,15,10000000,266,103760,288257269
19087,2019-07-29,5,6,18,19,27,7,12,3816395392,10,10000000,144,225581,265658108
19088,2019-07-31,1,5,18,27,33,6,8,3755102164,7,10000000,76,627469,270234407
19089,2019-08-03,9,14,18,33,34,3,12,3719449576,4,10000000,83,614487,297660456
19090,2019-08-05,13,19,28,30,33,2,12,3716328636,2,10000000,47,1057313,267395452
19091,2019-08-07,4,13,20,26,28,3,12,3724322763,1,10000000,68,731621,269521488
19092,2019-08-10,2,11,15,27,30,2,5,3693574033,4,10000000,115,422984,282457933
19093,2019-08-12,16,17,26,29,35,1,7,3598377683,9,10000000,113,284575,263591081
19094,2019-08-14,1,12,14,26,27,7,9,3605111819,1,10000000,57,786871,268760225
19095,2019-08-17,3,12,17,19,31,2,6,3519353885,7,10000000,114,383903,285599790
19096,2019-08-19,2,12,22,23,27,2,6,3519455539,1,10000000,96,527784,264716811
19097,2019-08-21,10,17,20,30,35,10,12,3499337221,3,10000000,51,935083,265934781
19098,2019-08-24,13,15,17,19,22,3,4,3413905651,7,10000000,87,561592,283264604
19099,2019-08-26,4,6,18,27,33,7,9,3199540848,19,10000000,345,60832,264966797
19100,2019-08-28,5,8,12,19,21,6,11,3013571194,13,10000000,228,97237,285699001
19101,2019-08-31,5,11,18,19,27,5,6,2965514601,6,10000000,264,131997,317232101
19102,2019-09-02,5,10,15,19,31,3,6,2971122369,1,10000000,180,238519,294439142
19103,2019-09-04,5,12,22,27,32,4,7,2866542333,9,10000000,238,115804,282169207
19104,2019-09-07,2,7,19,22,28,3,5,2854646726,3,10000000,179,279809,307889648
19105,2019-09-09,1,4,9,14,17,1,6,2849032904,2,10000000,151,286226,276792452
19106,2019-09-11,5,8,10,32,35,2,10,2849290615,1,10000000,106,517027,277501958
19107,2019-09-14,5,9,19,27,35,2,3,2814001476,4,10000000,181,197483,293549724
19108,2019-09-16,24,27,28,31,34,4,8,2810944267,2,10000000,55,818390,284940682
19109,2019-09-18,2,7,8,20,25,11,12,2807779067,1,10000000,89,449539,280419217
19110,2019-09-21,1,19,23,24,30,4,5,2796874880,3,10000000,85,625724,304148169
19111,2019-09-23,6,15,20,23,27,8,10,2773019555,4,10000000,91,523219,278838967
19112,2019-09-25,3,10,16,21,33,5,6,2636508289,13,10000000,573,44488,280910162
19113,2019-09-28,3,11,27,34,35,1,2,2630473138,2,10000000,96,620026,311100525
19114,2019-09-30,3,5,7,20,23,4,11,2618860320,3,10000000,75,710140,293032964
19115,2019-10-09,1,18,21,28,32,5,12,2576114778,6,10000000,105,498979,286493206
19116,2019-10-12,2,10,16,21,23,2,12,2540591129,4,10000000,87,770679,297819968
19117,2019-10-14,1,18,21,25,35,7,8,2510705016,4,10000000,66,806808,271077215
19118,2019-10-16,2,3,13,19,26,2,3,2505219109,2,10000000,101,406469,272734633
19119,2019-10-19,3,6,9,23,34,2,11,2450995411,4,10000000,83,611893,296906555
19120,2019-10-21,6,15,17,22,25,1,9,2417531958,4,10000000,97,417655,275763665
19121,2019-10-23,1,2,3,7,17,4,10,2389042428,3,10000000,73,661861,276665665
19122,2019-10-26,5,19,25,31,33,10,11,2388431797,1,10000000,65,800691,289532078
19123,2019-10-28,3,13,15,26,30,5,12,2325632751,6,10000000,100,379897,273397306
19124,2019-10-30,7,17,26,27,30,6,12,2320815917,2,10000000,99,413450,275959410
19125,2019-11-02,5,8,9,14,34,2,5,2290847003,4,10000000,75,755654,298679570
19126,2019-11-04,5,9,16,18,30,4,7,2177652384,10,10000000,150,205967,276082640
19127,2019-11-06,4,7,8,11,16,9,11,2135181961,5,10000000,110,377119,300600530
19128,2019-11-09,20,21,25,34,35,3,12,2137001005,2,10000000,85,699443,322813843
19129,2019-11-11,10,13,18,23,30,6,12,2091270342,6,10000000,167,245350,295027665
19130,2019-11-13,1,13,20,21,26,4,10,2080589741,3,10000000,83,556878,303550489
19131,2019-11-16,5,6,14,27,29,6,10,2069940753,3,10000000,105,522131,329976108
19132,2019-11-18,3,5,6,13,18,10,12,2031322367,5,10000000,101,519792,302574925
19133,2019-11-20,3,12,24,27,34,1,12,2012422203,3,10000000,89,644929,307662290
19134,2019-11-23,5,6,7,14,17,10,11,1982686527,4,10000000,130,414036,315940098
19135,2019-11-25,4,5,19,25,26,1,11,1952350514,4,10000000,87,544581,285312173
19136,2019-11-27,3,16,20,26,29,3,9,1836618363,9,10000000,113,364978,286999222
19137,2019-11-30,3,5,12,13,26,7,12,1811011407,4,10000000,185,222837,312773222
19138,2019-12-02,4,6,7,20,29,2,4,1807797396,2,10000000,164,319280,292541823
19139,2019-12-04,1,5,7,8,11,6,10,1732644632,7,10000000,178,175769,289227664
19140,2019-12-07,3,7,8,25,27,3,5,1668432904,7,10000000,118,334833,316440627
19141,2019-12-09,2,10,20,21,35,1,12,1655481326,3,10000000,135,378250,300500952
19142,2019-12-11,3,4,26,29,33,6,7,1627275281,3,10000000,71,705678,299921169
19143,2019-12-14,4,22,23,24,32,6,12,1598566973,5,10000000,94,657567,319892573
19144,2019-12-16,2,5,20,28,31,2,11,1542864127,5,10000000,153,220193,293207584
19145,2019-12-18,5,9,19,22,32,3,5,1484740052,5,10000000,188,231444,296865423
19146,2019-12-21,10,11,26,33,34,1,6,1381880355,15,6697152,92,159122,314007833
19147,2019-12-23,9,12,19,22,33,7,8,1365277988,6,9568706,101,108661,291104886
19148,2019-12-25,3,4,7,11,30,8,9,1357789884,5,10000000,91,119722,289764338
19149,2019-12-28,1,2,7,33,35,6,10,1422864762,0,0,85,177509,317712338
19150,2019-12-30,7,11,12,16,33,5,7,1347226024,19,6819667,115,114036,296427458
20001,2020-01-01,17,25,26,32,34,4,7,1387021575,2,10000000,95,145642,290178486
20002,2020-01-04,3,7,18,25,30,2,7,1369911816,6,9908421,152,89594,314707905
20003,2020-01-06,23,25,26,30,34,3,7,1441800542,0,0,52,333491,284089915
20004,2020-01-08,17,20,21,29,30,5,9,1439766324,4,10000000,129,80526,279672368
20005,2020-01-11,6,10,33,34,35,1,3,1430492846,7,10000000,198,70540,306743622
20006,2020-01-13,9,22,25,31,32,8,12,1474266994,1,10000000,106,118123,274628114
20007,2020-01-15,2,10,19,24,30,5,8,1413642399,12,7162433,131,96229,275894030
20008,2020-01-18,14,17,19,24,32,1,6,1436007521,4,10000000,57,344283,312604530
20009,2020-01-20,19,29,31,34,35,6,10,1426304213,6,10000000,102,152272,306054010
20010,2020-03-14,1,8,13,24,32,2,9,1408398439,6,8599471,70,114765,193022506
20011,2020-03-16,2,13,19,22,23,2,7,1392702843,5,9096183,58,158385,169402246
20012,2020-03-18,1,6,18,32,34,1,3,1417484531,2,10000000,35,268738,180512101
20013,2020-03-21,1,4,5,11,35,3,9,1382155015,9,7976833,45,278794,210216729
20014,2020-03-23,3,7,9,17,21,3,6,1368119121,4,8706884,149,44032,203414775
20015,2020-03-25,1,7,23,24,26,3,7,1389102104,2,10000000,42,280807,213742602
20016,2020-03-28,4,8,19,31,35,1,2,1414113824,3,10000000,61,217312,235862341
20017,2020-03-30,1,6,7,9,10,2,11,1394320154,6,8730653,150,56374,220830654
20018,2020-04-01,9,14,16,24,26,4,12,1443693869,0,0,69,160807,230454828
20019,2020-04-04,1,12,22,23,33,1,12,1445697714,4,10000000,65,206046,251571436
20020,2020-04-06,8,10,12,26,32,5,9,1452932120,3,10000000,76,130721,229103689
20021,2020-04-08,10,12,24,31,33,4,9,1418256965,9,8087069,129,94599,255667147
20022,2020-04-11,4,14,20,28,35,2,3,1459915832,1,10000000,85,132699,279808308
20023,2020-04-13,4,11,23,26,30,1,6,1448119562,5,10000000,76,144157,266526290
20024,2020-04-15,3,5,6,24,30,3,7,1437049655,4,9810302,143,56756,274944706
20025,2020-04-18,2,14,21,22,26,5,7,1442053199,5,10000000,81,158628,290980102
20026,2020-04-20,3,15,26,32,34,8,12,1423923368,7,9777969,97,148263,267647668
20027,2020-04-22,4,7,20,25,32,3,9,1403985232,6,9243858,76,168946,267026928
20028,2020-04-25,4,5,28,34,35,1,8,1319654038,13,6757551,201,60732,297809663
20029,2020-04-27,11,14,17,22,30,7,9,1333962954,4,10000000,100,122739,274347215
20030,2020-04-29,1,8,17,27,30,5,6,1308815503,6,9047466,154,71986,336512111
20031,2020-05-02,1,2,5,15,21,4,5,1285895989,7,9916051,102,134204,348801433
20032,2020-05-04,2,3,9,16,32,3,4,1167303638,19,5845668,169,37815,315030186
20033,2020-05-06,7,19,20,31,34,5,8,1148417852,6,10000000,96,143208,344128096
20034,2020-05-09,11,13,20,27,31,2,4,1119481106,8,9891637,65,286379,363231403
20035,2020-05-11,10,11,22,26,28,2,4,1181117013,2,10000000,80,190608,322907375
20036,2020-05-13,1,5,11,12,26,2,7,1165797220,6,10000000,99,152093,329608250
20037,2020-05-16,1,4,10,11,14,2,5,1119552352,11,8423230,163,97469,347550329
20038,2020-05-18,4,15,20,22,24,1,9,1189804474,1,10000000,68,235783,321713613
20039,2020-05-20,1,5,15,22,31,2,9,1252426577,2,10000000,82,200203,327734435
20040,2020-05-23,2,17,20,28,29,1,7,1290293247,3,10000000,99,155828,350219331
20041,2020-05-25,7,13,20,29,34,4,7,1240028370,10,8174807,85,164840,323641936
20042,2020-05-27,3,4,5,11,22,5,6,712471085,73,5024350,1424,20000,329246559
20043,2020-05-30,12,13,17,31,32,1,6,775887380,2,10000000,64,247923,361785294
20044,2020-06-01,1,3,22,28,30,2,5,793042322,4,7648434,79,159905,326278357
20045,2020-06-03,2,9,16,23,27,3,8,397099392,56,5129137,351,22068,331645185
20046,2020-06-06,15,24,27,30,34,4,12,450033830,2,10000000,93,167603,356817551
20047,2020-06-08,4,18,27,28,30,3,10,459553012,5,7088857,83,168127,329244489
20048,2020-06-10,3,9,10,15,16,7,9,464779671,6,6920039,92,145440,326341634
20049,2020-06-13,3,11,15,22,30,8,10,466168612,7,6767678,175,79868,346562943
20050,2020-06-15,3,14,16,22,34,2,6,519429958,3,10000000,47,338385,319364735
20051,2020-06-17,2,7,9,19,33,1,7,546514270,3,9837277,135,83927,316737986
20052,2020-06-20,9,11,26,28,35,6,7,617935817,1,10000000,109,139182,346849702
20053,2020-06-22,2,15,18,21,27,3,6,660208306,2,10000000,72,226197,321021775
20054,2020-06-24,11,14,15,19,20,3,7,652393350,8,6499570,109,119965,316196813
20055,2020-06-27,3,4,12,18,34,10,12,733955513,0,0,69,245252,323557054
20056,2020-06-29,3,11,25,29,34,3,6,788369268,2,10000000,77,185738,293376714
20057,2020-07-01,17,20,21,22,31,2,8,819749459,2,10000000,93,120838,290961693
20058,2020-07-04,1,15,19,26,27,5,10,801073309,5,9421778,137,80612,311403757
20059,2020-07-06,1,15,22,28,32,3,11,845222708,2,10000000,72,191667,288214989
20060,2020-07-08,12,14,25,34,35,3,12,840309834,7,10000000,109,112902,293094526
20061,2020-07-11,7,8,12,21,26,1,6,823114481,5,10000000,133,106145,311505452
20062,2020-07-13,1,5,14,23,31,2,7,811151382,5,10000000,66,144275,281547455
20063,2020-07-15,11,18,20,21,33,6,7,828120324,3,10000000,48,284622,285313485
20064,2020-07-18,5,10,23,34,35,1,11,864409231,3,10000000,75,195825,306180017
20065,2020-07-20,13,15,26,32,33,5,7,905602072,2,10000000,84,156336,275339410
20066,2020-07-22,6,14,21,34,35,3,10,918419473,4,10000000,56,230559,275984921
20067,2020-07-25,1,8,14,16,28,4,10,969682196,1,10000000,54,285608,298070364
20068,2020-07-27,15,20,23,26,33,2,8,963387967,5,10000000,110,110818,275720877
20069,2020-07-29,5,7,26,30,31,7,10,984516774,3,10000000,73,160051,276270699
20070,2020-08-01,1,22,30,31,32,4,12,1021716141,2,10000000,47,319597,294678230
20071,2020-08-03,1,12,16,28,33,3,12,992189046,7,8759262,75,171808,269034062
20072,2020-08-05,11,15,18,20,27,5,6,875748466,22,5677396,212,28888,270501710
20073,2020-08-08,4,10,12,23,27,8,9,857463718,7,9742502,129,91542,298601828
20074,2020-08-10,3,9,10,12,21,4,11,829434509,8,8240826,166,66605,270785594
20075,2020-08-12,2,9,10,21,35,1,7,848526595,4,10000000,59,217584,271697395
20076,2020-08-15,1,8,18,28,30,10,12,827752078,7,9172500,184,61724,294292139
20077,2020-08-17,17,23,28,29,32,1,3,890203888,0,0,65,213251,270568843
20078,2020-08-19,14,18,20,28,34,10,11,932733358,2,10000000,63,235153,269949871
20079,2020-08-22,4,16,24,29,35,2,12,941997906,5,10000000,78,187470,292614622
20080,2020-08-24,3,6,22,24,25,9,10,898072958,8,7392120,129,80860,263844694
20081,2020-08-26,1,13,15,32,35,8,10,941509338,2,10000000,44,319505,266594465
20082,2020-08-29,2,11,12,21,34,4,8,913232816,7,8556891,185,63356,291838192
20083,2020-08-31,1,2,17,32,34,4,9,923726887,5,10000000,56,298130,271235594
20084,2020-09-02,2,10,20,24,31,6,12,917779486,6,10000000,70,196210,281668774
20085,2020-09-05,3,4,11,15,28,2,3,817700326,19,5878445,392,20000,295847488
20086,2020-09-07,8,11,15,20,28,4,10,801056870,6,10000000,95,133505,273366854
20087,2020-09-09,1,4,20,23,29,4,8,840146319,2,10000000,55,272660,285933804
20088,2020-09-12,2,7,23,26,35,1,12,868351367,3,10000000,105,136300,297982352
20089,2020-09-14,13,16,20,22,27,1,2,910070807,2,10000000,44,336720,274438340
20090,2020-09-16,5,6,27,28,29,11,12,820939645,18,6420892,225,48126,280443686
20091,2020-09-19,12,16,20,23,31,5,12,863707288,2,10000000,82,178853,293820005
20092,2020-09-21,8,11,17,31,35,7,11,893054933,3,10000000,62,204135,269838213
20093,2020-09-23,6,14,25,27,28,4,11,939867946,1,10000000,72,200445,279991779
20094,2020-09-26,4,6,7,8,16,2,8,986269654,1,10000000,113,107925,290322382
20095,2020-09-28,2,18,25,26,32,2,7,971831930,5,10000000,113,91697,265863829
20096,2020-09-30,7,8,10,25,28,3,11,988983176,3,10000000,68,208082,282876912
20097,2020-10-05,5,25,27,30,34,6,12,963061002,8,8142371,78,118681,225919953
20098,2020-10-07,4,9,15,24,35,4,10,936316144,7,8375237,195,49312,264989928
20099,2020-10-10,2,3,11,15,27,4,12,913910111,7,9276156,177,73483,301168262
20100,2020-10-12,4,5,8,22,33,7,10,936240581,4,10000000,69,161287,274948701
20101,2020-10-14,3,4,5,9,34,7,9,942455528,5,10000000,109,118501,270291174
20102,2020-10-17,7,11,18,20,29,9,12,965450649,2,10000000,170,67717,290224663
20103,2020-10-19,7,12,13,19,23,2,8,929277059,7,7056688,182,36228,273609545
20104,2020-10-21,3,12,23,26,30,4,7,644732639,35,5543834,119,93553,276928873
20105,2020-10-24,3,8,12,13,22,4,12,669097276,4,8474471,91,143546,301070175
20106,2020-10-26,2,3,11,14,27,4,10,676948325,6,7175347,261,47698,277207977
20107,2020-10-28,1,4,13,17,28,3,7,611359963,14,5409214,193,33343,282777346
20108,2020-10-31,2,3,6,7,33,8,9,565897074,13,5881296,80,164519,304680045
20109,2020-11-02,2,20,21,23,32,6,12,616088690,1,10000000,66,193802,278965485
20110,2020-11-04,11,16,20,21,28,5,11,620860563,6,6966119,83,132491,282491639
20111,2020-11-07,5,7,9,20,28,2,7,633996339,4,7667800,110,102072,305503745
20112,2020-11-09,8,11,13,30,32,2,6,670912594,2,10000000,113,108341,278836720
20113,2020-11-11,6,14,18,28,33,2,5,686105119,5,7771898,121,105724,281010096
20114,2020-11-14,10,12,21,24,30,3,7,699754234,6,7416283,82,181463,311221154
20115,2020-11-16,1,9,18,19,23,1,9,663087702,13,5858135,161,61470,284014718
20116,2020-11-18,8,10,12,16,22,3,9,661279588,7,6651639,73,166572,281698423
20117,2020-11-21,7,19,20,23,24,5,10,657082925,6,6533726,125,82936,295676112
20118,2020-11-23,1,9,15,30,33,4,9,691143211,3,10000000,59,243507,275653893
20119,2020-11-25,14,22,24,28,32,7,8,685541779,5,6488585,63,175287,274272049
20120,2020-11-28,5,25,26,30,35,4,10,694960351,6,7151477,92,157223,301311242
20121,2020-11-30,9,17,27,28,35,3,8,658127792,12,5888553,96,115346,278202603
20122,2020-12-02,8,19,29,34,35,6,11,629576539,10,5812539,145,50433,281651508
20123,2020-12-05,1,7,11,15,21,4,11,641696961,5,7560029,163,69634,304863915
20124,2020-12-07,11,15,24,26,35,4,5,671260147,3,8940268,42,398755,278064291
20125,2020-12-09,1,2,3,8,22,1,4,699959034,2,9473073,73,188841,275346986
20126,2020-12-12,1,4,9,22,28,4,12,721797952,4,8293025,96,151985,298548217
20127,2020-12-14,1,4,17,18,26,3,10,723320954,5,6788183,51,246627,276778645
20128,2020-12-16,9,12,13,26,33,4,10,761816707,3,10000000,55,249603,274958597
20129,2020-12-19,10,22,27,33,34,1,11,816759358,2,10000000,62,265548,299215239
20130,2020-12-21,16,17,23,26,32,2,12,788606650,7,8580412,62,191821,275873752
20131,2020-12-23,8,25,27,29,35,2,3,804095087,4,7836812,84,157335,276280604
20132,2020-12-26,3,15,16,17,21,7,10,772089653,7,8732884,100,139407,305220768
20133,2020-12-28,11,24,26,33,35,8,9,802371363,2,10000000,79,125950,278817951
20134,2020-12-30,8,11,13,22,25,4,7,763061055,8,7660983,135,70426,279450044
21001,2021-01-02,2,6,12,19,33,8,9,801248468,2,10000000,103,149825,301287873
21002,2021-01-04,2,16,26,31,34,9,11,825914620,3,10000000,68,223170,278003685
21003,2021-01-06,7,21,28,31,35,4,10,811003040,6,10000000,66,182605,271582391
21004,2021-01-09,5,10,17,23,28,2,8,742165174,14,6781783,252,40037,287870674
21005,2021-01-11,3,7,10,12,35,3,5,782127364,1,10000000,77,188779,270292542
21006,2021-01-13,4,22,25,28,35,4,5,830578066,1,10000000,67,176510,273199546
21007,2021-01-16,5,23,30,34,35,8,10,854868061,3,10000000,160,81104,290613639
21008,2021-01-18,5,19,20,27,33,3,8,821084249,10,8342623,73,172279,267627406
21009,2021-01-20,1,3,20,29,32,5,12,865327653,1,10000000,103,112661,270385175
21010,2021-01-23,1,5,16,22,34,8,11,886344174,4,10000000,98,153518,292800978
21011,2021-01-25,6,9,11,14,21,1,3,903373114,2,10000000,299,35220,264730145
21012,2021-01-27,6,12,20,23,33,1,9,942151519,1,10000000,93,124142,267411208
21013,2021-01-30,21,27,28,30,34,8,11,975405452,4,10000000,59,281489,293461597
21014,2021-02-01,7,13,20,27,29,4,9,997073350,3,10000000,99,114748,268530082
21015,2021-02-03,4,8,17,19,25,1,7,945589061,10,6963705,259,37150,272319625
21016,2021-02-06,8,9,10,19,34,1,2,937156414,6,10000000,82,186837,311054206
21017,2021-02-08,17,21,26,29,32,2,7,961686810,5,10000000,75,221277,335358205
21018,2021-02-20,2,20,23,26,34,5,10,946984258,6,10000000,75,174392,289120482
21019,2021-02-22,1,12,13,28,29,3,4,989638020,1,10000000,134,76551,268699087
21020,2021-02-24,7,21,22,30,33,4,6,986653276,4,10000000,176,52410,266285933
21021,2021-02-27,16,18,29,33,35,9,12,1011996707,3,10000000,74,185332,292083963
21022,2021-03-01,2,12,22,30,33,2,4,1060440511,2,10000000,51,302580,267988268
21023,2021-03-03,7,9,13,16,32,2,9,1090709660,2,10000000,70,187612,269669045
21024,2021-03-06,11,14,21,24,31,2,10,1099396872,3,10000000,218,47504,290054173
21025,2021-03-08,17,18,23,30,31,10,12,1148953396,1,10000000,50,307329,276142896
21026,2021-03-10,7,11,20,24,27,1,11,1173541384,2,10000000,70,166283,276425219
21027,2021-03-13,9,21,22,26,30,4,12,1137674692,10,7998232,179,65296,300185659
21028,2021-03-15,2,3,5,17,29,4,10,1148168180,5,10000000,114,114974,290397846
21029,2021-03-17,2,6,10,32,33,4,7,1184579107,3,10000000,256,44429,291997028
21030,2021-03-20,18,23,25,26,32,2,7,1159086523,6,9376324,62,244363,310047645
21031,2021-03-22,1,4,19,20,34,3,5,1003234237,27,5391526,430,20000,291035602
21032,2021-03-24,1,11,14,34,35,7,10,1024512097,3,10000000,98,159729,294833370
21033,2021-03-27,1,3,5,30,32,1,5,1022165135,5,10000000,68,246340,315951286
21034,2021-03-29,8,10,14,25,34,7,8,1088179029,0,0,71,194355,287989728
21035,2021-03-31,5,11,16,30,32,3,4,1087964692,6,10000000,74,184089,282083604
21036,2021-04-03,8,17,25,28,33,7,11,1070761233,6,9886405,277,45263,293009078
21037,2021-04-05,10,21,27,29,33,4,12,1031553232,8,8094047,69,188644,265069172
21038,2021-04-07,9,11,20,29,32,1,7,915135532,17,6113204,199,51254,279043760
21039,2021-04-10,4,12,14,21,35,2,11,909367813,7,10000000,94,200165,392788008
21040,2021-04-12,2,3,9,16,19,3,7,870795060,8,8547328,136,99892,359580080
21041,2021-04-14,2,5,9,11,32,4,9,825740751,9,7739792,139,76002,359992265
21042,2021-04-17,9,15,20,23,29,4,5,871261628,4,10000000,156,105679,393684367
21043,2021-04-19,7,12,17,19,34,1,10,782390745,14,6968132,173,81926,360667332
21044,2021-04-21,6,18,31,33,35,10,11,748920583,11,6089993,177,76352,363597797
21045,2021-04-24,1,4,6,11,19,7,9,786177311,3,9103239,105,157653,393747066
21046,2021-04-26,6,8,12,14,18,6,8,748366613,12,5909252,113,94691,359217248
21047,2021-04-28,1,6,9,25,33,4,8,812065710,2,10000000,74,236848,361812479
21048,2021-05-01,4,7,17,21,27,10,12,743586048,11,7492512,215,65650,361695321
21049,2021-05-03,1,10,22,23,25,2,12,804858111,2,10000000,95,171835,318983261
21050,2021-05-05,9,22,32,33,35,5,10,776495378,7,9324231,106,126690,332629347
21051,2021-05-08,1,4,14,16,19,3,4,758421416,9,6297261,198,67730,378483472
21052,2021-05-10,2,11,13,14,30,9,12,786688797,6,8348700,99,159923,346174575
21053,2021-05-12,3,6,15,17,35,7,11,804585433,5,7659176,115,108825,352261603
21054,2021-05-15,3,6,17,20,25,3,9,830717939,5,10000000,112,150382,372706677
21055,2021-05-17,3,6,10,11,24,10,11,832841055,5,10000000,100,156924,340947213
21056,2021-05-19,3,11,16,21,26,9,10,789092340,9,8577701,100,152004,339616577
21057,2021-05-22,5,7,19,20,28,5,7,527921742,39,5176735,306,25278,364226316
21058,2021-05-24,13,15,17,23,34,1,11,584612592,2,10000000,53,313479,341604964
21059,2021-05-26,4,16,27,28,35,2,9,542212081,12,5810333,146,68435,310375326
21060,2021-05-29,9,13,25,31,33,3,7,509405221,8,5714074,105,62392,328214576
21061,2021-05-31,15,19,20,26,32,4,7,502877804,7,6484687,100,115599,304392970
21062,2021-06-02,4,6,23,32,34,5,7,525343538,5,8059793,71,216424,302275847
21063,2021-06-05,5,9,14,29,30,9,11,500754392,9,6029136,260,39778,320996162
21064,2021-06-07,1,17,19,32,34,6,10,546378197,2,10000000,60,229075,294413689
21065,2021-06-09,23,25,30,31,35,7,8,539311034,6,6498494,76,188581,297780859
21066,2021-06-12,24,26,29,34,35,9,11,506581579,12,5981636,317,38691,311082841
21067,2021-06-14,1,4,22,23,34,8,9,558289398,1,10000000,59,254020,281023856
21068,2021-06-16,2,20,21,26,30,2,10,527817203,13,6004435,115,108554,291893269
21069,2021-06-19,1,3,24,32,33,4,6,554239484,4,8622290,81,183547,314771219
21070,2021-06-21,3,20,21,22,24,6,12,612658366,1,10000000,59,265807,289443325
21071,2021-06-23,8,11,16,29,35,1,4,596211840,9,6287890,79,192242,285731730
21072,2021-06-26,2,3,15,22,26,3,11,627008381,3,9518742,123,117028,303912550
21073,2021-06-28,8,12,14,20,24,6,10,657298888,2,10000000,101,134102,280274335
21074,2021-06-30,11,14,18,20,25,3,7,700603889,1,10000000,84,158926,289189592
21075,2021-07-03,6,14,15,17,20,1,5,752135503,2,10000000,51,294104,306666791
21076,2021-07-05,6,13,22,25,26,2,4,775457206,2,9596268,129,92526,281760059
21077,2021-07-07,2,6,9,21,25,6,8,789285714,4,7575647,64,185350,279629097
21078,2021-07-10,2,8,17,19,25,1,5,821042099,3,9605842,91,165115,302960803
21079,2021-07-12,6,14,19,26,33,8,11,802121551,6,9906345,75,172047,279520279
21080,2021-07-14,15,16,20,29,30,6,10,767631448,8,8006507,118,91718,276105107
21081,2021-07-17,5,13,24,29,35,7,8,807325944,2,10000000,70,185428,301662622
21082,2021-07-19,1,14,22,29,33,3,10,747230176,11,7463880,89,159258,278896069
21083,2021-07-21,7,9,11,26,35,1,8,759158453,6,7329020,84,148138,272635093
21084,2021-07-24,2,10,14,30,33,6,9,763493932,6,6943989,130,92500,290591822
21085,2021-07-26,1,12,15,26,35,10,11,775634441,6,7421868,99,137086,270848072
21086,2021-07-28,2,3,7,16,17,6,10,822607828,1,10000000,71,176586,272160233
21087,2021-07-31,10,14,15,25,28,3,10,797251485,6,9400653,177,68131,290446990
21088,2021-08-02,2,14,31,34,35,1,7,822562305,2,9148546,63,197930,264720425
21089,2021-08-04,1,17,24,28,35,10,12,851200235,3,10000000,48,309133,269906690
21090,2021-08-07,6,7,19,26,32,6,12,880472278,2,10000000,236,46324,289448960
21091,2021-08-09,1,4,10,21,29,3,5,877764456,5,10000000,155,61811,272675404
21092,2021-08-11,12,14,27,28,34,3,7,907549564,2,10000000,108,111939,281386147
21093,2021-08-14,20,25,27,28,31,8,11,948527900,2,10000000,66,239598,302609762
21094,2021-08-16,5,6,24,27,33,5,12,931384310,6,9900472,77,173225,275141551
21095,2021-08-18,10,15,19,20,30,11,12,962561876,2,10000000,116,114636,279549610
21096,2021-08-21,7,8,10,20,21,1,5,927073812,10,8465507,204,69310,297348639
21097,2021-08-23,11,26,30,31,33,3,10,975519760,1,10000000,45,293323,272897259
21098,2021-08-25,2,7,21,27,33,7,9,1007650453,2,10000000,62,202870,276951852
21099,2021-08-28,15,19,27,28,30,3,4,1062893865,1,10000000,130,128865,303058009
21100,2021-08-30,7,11,23,26,28,2,7,1059494718,3,10000000,96,110807,280471793
21101,2021-09-01,13,18,19,27,32,6,11,1043300674,6,9675934,101,105827,281242026
21102,2021-09-04,2,8,11,16,23,2,7,982320279,13,7523067,117,111145,305869819
21103,2021-09-06,4,10,23,30,31,5,11,1037062397,1,10000000,61,232323,282429778
21104,2021-09-08,23,25,26,30,33,3,11,1086226837,2,10000000,71,228429,286479253
21105,2021-09-11,7,10,11,17,18,4,9,1087468357,4,10000000,117,89835,304015740
21106,2021-09-13,2,13,14,32,34,2,12,1149093888,0,0,97,149583,276794901
21107,2021-09-15,3,5,13,20,25,7,11,1105541509,9,7946101,70,199664,281751709
21108,2021-09-18,5,19,22,26,35,2,6,1069829501,8,8614284,69,198372,303354020
21109,2021-09-20,3,4,7,27,31,6,9,1073585145,4,10000000,83,121850,265547489
21110,2021-09-22,11,14,29,31,32,11,12,1046721834,6,9131551,75,189758,276544919
21111,2021-09-25,7,8,15,19,28,8,9,995038783,12,7142456,232,45015,305345840
21112,2021-09-27,18,21,22,23,35,11,12,1058537381,1,10000000,61,283977,283298709
21113,2021-09-29,17,18,25,27,28,4,8,1035393331,6,9008492,139,84274,283440028
21114,2021-10-06,8,9,13,29,30,1,11,1081182210,1,10000000,110,108970,283727610
21115,2021-10-09,8,13,19,20,29,6,10,1111593016,2,10000000,114,112841,299770302
21116,2021-10-11,4,25,28,29,35,3,11,1151852870,2,10000000,73,190970,279695241
21117,2021-10-13,11,18,21,22,33,5,6,1124390425,8,8355835,169,61934,279505700
21118,2021-10-16,14,17,18,28,34,2,3,1146057646,4,10000000,98,148407,302397723
21119,2021-10-18,1,2,9,16,30,9,10,1157376912,4,10000000,141,84057,290165267
21120,2021-10-20,5,10,21,25,31,5,11,1120909519,10,8314748,104,131354,285711031
21121,2021-10-23,2,15,19,29,30,2,9,1146249376,3,10000000,115,127063,313275937
21122,2021-10-25,14,15,26,27,29,4,5,1186675748,2,10000000,105,120192,294005109
21123,2021-10-27,8,23,26,27,33,8,9,1210823710,3,10000000,63,213247,296213304
21124,2021-10-30,10,17,22,25,35,7,9,1239396849,3,10000000,83,172900,314165395
21125,2021-11-01,17,19,21,27,31,4,9,1288689190,1,10000000,103,131680,285946298
21126,2021-11-03,1,11,12,34,35,9,12,1337033732,2,10000000,119,125662,289363128
21127,2021-11-06,1,2,15,17,26,2,11,1374522134,3,10000000,64,224471,305525077
21128,2021-11-08,14,17,18,23,27,5,8,1337287551,9,7655899,128,74441,282038607
21129,2021-11-10,2,16,17,18,34,4,10,1403814395,0,0,63,211783,294268030
21130,2021-11-13,2,3,14,27,28,5,10,1329267789,14,7136788,140,107638,317382301
21131,2021-11-15,6,8,16,34,35,5,6,1360443412,2,10000000,69,218787,296451386
21132,2021-11-17,4,21,28,29,33,3,11,1318930416,10,7538023,149,73186,297729643
21133,2021-11-20,8,9,17,26,28,6,8,1243590907,13,6695515,204,53534,327493668
21134,2021-11-22,2,6,14,19,28,1,6,1248689539,4,10000000,57,269935,308110428
21135,2021-11-24,4,7,17,29,31,5,6,1262006661,4,10000000,79,181363,314847908
21136,2021-11-27,8,12,19,27,33,2,5,1292130529,2,10000000,203,60673,327765275
21137,2021-11-29,2,7,13,14,19,4,5,1263704189,7,8951971,85,159214,302260255
21138,2021-12-01,9,11,12,15,31,5,11,1273167983,4,10000000,79,182720,303548798
21139,2021-12-04,5,13,18,23,34,8,9,1083766581,29,5837260,230,51125,328551201
21140,2021-12-06,5,24,26,33,35,9,12,1116819863,2,10000000,117,101414,305536538
21141,2021-12-08,2,8,16,29,34,5,12,1157697511,3,10000000,165,80804,303700722
21142,2021-12-11,11,13,17,19,25,2,9,1152884153,6,10000000,99,143032,321224093
21143,2021-12-13,9,17,19,29,34,4,11,1104620668,11,7088508,114,81540,295955136
21144,2021-12-15,3,20,25,30,34,2,9,1153487670,2,10000000,53,346332,307637069
21145,2021-12-18,3,8,25,29,30,1,6,1160533246,5,10000000,126,135901,320066364
21146,2021-12-20,3,5,8,18,20,9,11,1139389367,7,9538231,177,66819,293542849
21147,2021-12-22,1,2,8,12,26,1,7,1156628877,4,10000000,87,174581,294787629
21148,2021-12-25,1,4,12,16,29,4,8,1140109035,6,10000000,169,87286,309690271
21149,2021-12-27,20,26,28,30,35,10,11,1187821356,1,10000000,71,211096,288342246
21150,2021-12-29,4,10,11,23,26,7,10,1187065938,5,10000000,124,97499,297315273
22001,2022-01-01,8,11,19,22,29,3,11,1129936273,11,7127420,283,38595,323959870
22002,2022-01-03,4,6,7,9,24,4,12,1108263191,5,9208823,120,98863,293300380
22003,2022-01-05,2,18,24,25,34,8,12,1117630716,5,10000000,99,138844,293411992
22004,2022-01-08,7,20,27,30,33,3,4,1161605667,2,10000000,73,220180,318985651
22005,2022-01-10,2,13,17,19,34,5,9,1082745176,16,6275185,142,57227,290292047
22006,2022-01-12,1,5,7,17,20,5,12,1126455275,2,10000000,89,157904,292369845
22007,2022-01-15,5,22,23,25,35,3,11,1166246610,3,10000000,81,193366,314958868
22008,2022-01-17,1,2,13,18,34,6,7,1212783541,1,10000000,116,111356,288005510
22009,2022-01-19,13,14,18,31,33,7,10,1189540601,6,9417131,82,169967,295315583
22010,2022-01-22,4,19,25,31,35,2,11,1227756664,2,10000000,65,230571,305997751
22011,2022-01-24,3,5,17,24,32,5,12,1215311647,5,10000000,176,54260,288813273
22012,2022-01-26,3,5,10,33,34,7,10,1225396765,6,10000000,86,201685,327170573
22013,2022-02-09,4,9,16,25,32,5,6,1165497779,11,7485048,325,41233,328606125
22014,2022-02-12,1,4,10,18,32,1,9,1196232917,3,10000000,83,200691,297471147
22015,2022-02-14,1,2,8,12,30,5,12,1101484790,14,6507822,105,112380,274855255
22016,2022-02-16,1,7,17,26,32,1,9,1140211945,2,10000000,74,195233,285216427
22017,2022-02-19,10,14,18,23,25,7,11,1134950928,5,10000000,74,187025,295313318
22018,2022-02-21,16,21,29,31,34,6,9,1095457117,8,7631726,101,99916,272144024
22019,2022-02-23,1,4,7,17,21,1,2,1075854771,8,9950822,131,112629,287443310
22020,2022-02-26,16,17,30,31,35,8,9,1103146928,3,10000000,65,216655,302088019
22021,2022-02-28,11,15,16,18,35,6,9,1125876146,4,10000000,67,199693,281794671
22022,2022-03-02,1,5,14,17,28,6,7,1125444965,4,10000000,91,128259,290445482
22023,2022-03-05,4,5,18,20,25,11,12,1092622293,9,8399145,161,72789,308200898
22024,2022-03-07,1,2,11,30,35,1,12,1140166346,1,10000000,113,119578,282564402
22025,2022-03-09,4,7,22,24,29,1,7,1186204971,2,10000000,79,197731,287810009
22026,2022-03-12,11,14,22,23,27,8,10,1190311490,4,10000000,80,152456,302400234
22027,2022-03-14,3,6,11,31,32,5,12,1172229997,7,9789035,67,183847,272660463
22028,2022-03-16,4,9,16,17,35,1,7,1160852484,5,10000000,227,44819,271216347
22029,2022-03-19,7,8,10,14,17,10,12,1179206274,3,10000000,110,123790,287037282
22030,2022-03-21,12,14,15,21,30,1,9,1205677593,3,10000000,55,246560,264133524
22031,2022-03-23,7,14,16,20,28,4,8,1208966802,3,10000000,119,102371,275183386
22032,2022-03-26,5,9,18,31,32,1,5,1270429257,0,0,140,102698,293074610
22033,2022-03-28,8,15,16,19,33,3,4,1255163230,5,9798152,133,74353,271656444
22034,2022-03-30,2,10,24,27,28,6,7,1248571195,6,10000000,111,112921,276331348
22035,2022-04-02,9,11,13,23,31,5,8,1262351648,3,10000000,148,76412,278506614
22036,2022-04-04,18,19,21,26,34,6,7,1288426892,2,10000000,108,107106,248062195
22037,2022-04-06,1,9,17,20,28,6,10,1326357582,1,10000000,127,87671,255392443
22038,2022-04-09,7,9,11,12,26,9,12,1218640918,17,6234524,147,69639,277396313
22039,2022-04-11,1,8,11,22,31,5,11,1238597563,3,10000000,66,180645,256237338
22040,2022-04-13,10,19,25,29,33,8,12,1179022270,10,7441714,187,67198,326654540
22041,2022-04-16,5,15,25,26,33,6,11,1182772176,5,10000000,132,126495,353526676
22042,2022-04-18,8,10,11,29,32,2,6,1179249861,5,10000000,79,184764,323544249
22043,2022-04-20,2,16,17,24,30,9,12,1106933108,14,7059578,319,38045,322417914
22044,2022-04-23,1,2,16,17,20,3,7,1132266362,4,10000000,86,174317,351891169
22045,2022-04-25,2,3,7,12,20,1,5,1184751389,1,10000000,103,136728,322807049
22046,2022-04-27,6,7,12,22,27,3,5,1151734276,7,8932034,114,123578,319329723
22047,2022-04-30,7,10,11,12,33,3,11,1179450986,4,10000000,72,207855,333697226
22048,2022-05-02,16,22,28,29,32,8,9,1221336676,1,10000000,80,141701,291309246
22049,2022-05-04,6,10,20,28,35,1,10,1238138014,5,10000000,70,218856,301545430
22050,2022-05-07,2,10,21,24,30,8,10,1265185550,4,10000000,78,214716,348959440
22051,2022-05-09,1,16,17,19,33,5,6,1225933267,8,8087457,108,97034,304581312
22052,2022-05-11,1,13,18,29,35,4,9,1198829807,7,9183568,55,250344,310675547
22053,2022-05-14,9,17,19,20,25,1,9,1081408713,18,6331450,311,34155,344052818
22054,2022-05-16,5,16,21,23,34,7,10,958213630,19,6015218,223,36289,319626218
22055,2022-05-18,1,2,12,15,23,4,6,971105599,6,10000000,60,282372,327354148
22056,2022-05-21,2,11,15,17,31,7,9,1056706742,0,0,102,154372,357963502
22057,2022-05-23,6,12,18,21,35,7,10,1050548455,6,10000000,89,176774,321743486
22058,2022-05-25,3,4,24,26,35,7,8,1014062807,8,8838497,58,249060,315162700
22059,2022-05-28,4,15,18,32,34,4,9,1042057373,5,10000000,59,273757,360168383
22060,2022-05-30,2,6,10,11,20,3,9,1073598423,2,10000000,134,98602,299617214
22061,2022-06-01,6,9,19,22,30,1,6,1050658907,5,8933032,112,93357,291593427
22062,2022-06-04,5,9,11,12,31,7,11,1055150108,4,10000000,107,120888,317092728
22063,2022-06-06,2,3,22,26,31,6,10,1094156708,2,10000000,49,325472,298558863
22064,2022-06-08,2,19,22,25,35,5,7,1156831125,1,10000000,56,278504,302545998
22065,2022-06-11,5,10,13,22,28,1,4,1205499301,2,10000000,128,117523,322990947
22066,2022-06-13,2,24,25,26,34,3,12,1257070427,2,10000000,75,192989,300292058
22067,2022-06-15,4,14,15,32,33,10,11,1213949799,9,8005408,185,65265,295204928
22068,2022-06-18,3,6,10,15,23,3,8,1230825950,4,10000000,125,108789,322509914
22069,2022-06-20,2,3,23,28,35,2,9,1252345739,2,10000000,79,150496,293067958
22070,2022-06-22,1,7,17,23,35,7,11,1240666271,5,10000000,146,76452,288052831
22071,2022-06-25,9,15,19,25,29,8,9,722042899,65,5305543,348,32229,306432833
22072,2022-06-27,1,12,13,15,30,3,7,754035319,2,9788546,66,218463,285522661
22073,2022-06-29,11,18,21,25,32,2,4,795817235,2,10000000,85,176730,287420936
22074,2022-07-02,2,6,21,25,28,2,6,812683583,5,7510081,61,254763,305228062
22075,2022-07-04,4,12,13,17,18,7,9,831794198,2,10000000,107,96707,280513406
22076,2022-07-06,5,17,30,34,35,2,9,853413999,4,10000000,53,309721,279968673
22077,2022-07-09,5,10,11,16,19,1,10,822341601,7,8488725,96,127089,303064936
22078,2022-07-11,2,3,18,20,27,1,2,857454986,2,10000000,65,185043,277517440
22079,2022-07-13,7,10,19,26,32,8,12,814806480,9,7686108,153,69522,274537529
22080,2022-07-16,10,17,30,31,34,3,6,854183132,2,10000000,57,285340,297387957
22081,2022-07-18,5,10,19,31,32,9,10,656541910,35,5870791,118,108410,275005199
22082,2022-07-20,4,26,27,30,33,2,9,683037489,3,9128455,58,212523,273662938
22083,2022-07-23,2,9,17,26,32,4,6,694213668,5,7308055,331,36570,294221785
22084,2022-07-25,3,11,19,25,27,4,12,725347023,3,10000000,89,139730,273954096
22085,2022-07-27,11,16,31,33,35,6,8,779393038,1,10000000,67,217641,272086031
22086,2022-07-30,4,10,21,28,31,8,11,794672441,4,7547381,101,128648,297073867
22087,2022-08-01,4,6,10,24,28,6,12,840840032,2,10000000,64,208288,274453796
22088,2022-08-03,1,8,10,20,35,6,11,812522097,6,8871797,56,236609,265773772
22089,2022-08-06,1,20,21,31,33,3,11,884490881,0,0,102,134608,283719023
22090,2022-08-08,1,20,24,25,31,9,12,912078544,3,10000000,100,134459,267762065
22091,2022-08-10,2,11,20,22,34,4,12,892175409,8,9889786,54,245249,264872501
22092,2022-08-13,1,4,12,23,29,5,12,924505092,3,10000000,98,142234,284162500
22093,2022-08-15,7,11,14,21,29,7,10,835132342,15,6181280,114,71002,263859632
22094,2022-08-17,3,4,7,12,19,2,5,765240459,11,6755759,116,93869,263091435
22095,2022-08-20,5,8,22,25,35,2,7,779067575,4,7575561,86,138200,285755605
22096,2022-08-22,16,19,24,27,33,1,6,818056288,1,10000000,82,156359,265333149
22097,2022-08-24,5,13,22,28,29,5,11,812318846,5,10000000,133,75131,265903896
22098,2022-08-27,1,3,6,11,13,3,11,808652607,7,10000000,91,159365,290597334
22099,2022-08-29,7,18,25,27,33,4,5,828721804,2,10000000,92,117690,262403522
22100,2022-08-31,10,19,20,23,31,3,7,778544296,12,6928361,225,34966,263081270
22101,2022-09-03,2,4,6,7,8,3,6,795328776,5,7881688,242,51126,285323196
22102,2022-09-05,1,5,14,20,30,2,4,802491818,5,7098382,111,98795,254102938
22103,2022-09-07,8,12,16,21,32,1,12,828275400,2,10000000,87,150792,257860867
22104,2022-09-10,3,5,13,19,25,2,5,815868127,5,10000000,152,66422,278107743
22105,2022-09-12,1,8,9,21,22,1,4,797227538,6,9548733,132,87218,261227681
22106,2022-09-14,16,17,21,28,32,4,7,817054417,4,8148482,71,189339,263686397
22107,2022-09-17,7,9,19,28,29,8,10,771831893,11,7084969,326,22384,289183885
22108,2022-09-19,4,7,13,26,28,7,11,796949042,2,9817382,114,97359,270398530
22109,2022-09-21,5,9,24,29,35,5,12,726986669,13,5529833,108,89188,274478389
22110,2022-09-24,2,13,16,18,23,3,6,741140376,5,7700255,106,102849,293502614
22111,2022-09-26,6,12,16,19,31,6,10,770835539,3,10000000,81,165393,275608888
22112,2022-09-28,4,11,18,20,26,6,12,782148237,6,7374292,92,133251,277451326
22113,2022-10-05,13,15,22,31,33,5,12,816761134,3,10000000,61,229523,276092506
22114,2022-10-08,11,21,24,27,28,5,10,850606831,3,10000000,146,79680,279880005
22115,2022-10-10,17,19,20,23,27,3,8,876900513,1,10000000,73,129865,264625441
22116,2022-10-12,1,7,20,22,31,7,12,903895960,2,10000000,93,133489,268635897
22117,2022-10-15,9,12,15,21,32,2,7,943874219,2,10000000,100,133836,288760077
22118,2022-10-17,2,5,15,17,26,2,8,980149420,2,10000000,79,168497,266205201
22119,2022-10-19,1,9,16,25,29,4,9,935330701,9,6378248,187,27731,265928079
22120,2022-10-22,11,22,26,30,33,3,5,785438059,20,6147599,128,104891,297092815
22121,2022-10-24,4,15,16,20,21,4,5,808811732,4,8403281,157,75311,273260256
22122,2022-10-26,4,15,17,19,25,6,12,833361576,3,10000000,78,152034,274529792
22123,2022-10-29,2,20,28,29,30,7,10,807264782,6,8863199,84,146975,305820352
22124,2022-10-31,2,4,11,25,30,6,12,829363342,4,10000000,81,184091,280957519
22125,2022-11-02,3,7,14,16,19,1,11,847578280,3,10000000,59,185273,281402027
22126,2022-11-05,4,5,8,22,35,1,3,858035622,4,10000000,108,124630,302545991
22127,2022-11-07,2,3,8,9,20,4,10,898918318,1,10000000,111,104450,281679123
22128,2022-11-09,10,19,21,23,35,4,10,971487159,0,0,59,267208,287676329
22129,2022-11-12,10,17,23,34,35,1,4,1037498580,1,10000000,73,234563,296103979
22130,2022-11-14,5,7,15,18,23,5,10,1072190624,1,10000000,116,96255,276026401
22131,2022-11-16,2,6,8,10,17,5,6,1023428077,13,7230419,130,68297,280955531
22132,2022-11-19,2,27,30,34,35,9,12,1087727608,1,10000000,78,210404,303478141
22133,2022-11-21,1,2,14,30,31,6,9,1126501375,2,10000000,74,189237,268194352
22134,2022-11-23,3,16,23,27,32,3,6,1082667691,10,7180775,131,67295,260504803
22135,2022-11-26,9,10,27,31,32,1,3,1072783225,5,10000000,47,310719,276637790
22136,2022-11-28,1,11,15,17,33,3,11,1089020630,4,10000000,47,248618,243043220
22137,2022-11-30,5,6,8,15,20,7,8,1041138783,8,6803296,135,50059,236652115
22138,2022-12-03,5,13,16,27,33,7,12,983440468,14,7323910,76,164786,263569680
22139,2022-12-05,1,13,14,22,35,2,5,1016097851,2,10000000,85,161085,249420144
22140,2022-12-07,5,15,25,26,29,4,12,984601778,7,8414552,111,119164,263913540
22141,2022-12-10,5,6,14,24,25,2,4,1047136066,0,0,114,116962,280927317
22142,2022-12-12,7,12,14,29,35,1,11,1078507658,2,10000000,83,149783,261964327
22143,2022-12-14,10,13,14,27,33,7,8,1091325801,3,10000000,121,87291,250946991
22144,2022-12-17,3,4,8,15,21,4,7,1077698267,5,9732901,111,87397,254622809
22145,2022-12-19,10,20,29,30,35,6,9,1054075163,5,8228015,141,54684,235282028
22146,2022-12-21,1,21,23,28,35,7,9,1091896946,1,10000000,29,425529,226981538
22147,2022-12-24,4,12,22,28,30,9,11,1126392172,2,10000000,95,119521,242212561
22148,2022-12-26,4,5,6,26,27,7,12,1098940648,6,8092788,138,55924,222561477
22149,2022-12-28,15,19,22,26,28,2,7,1073084050,7,8559676,46,220095,227015437
22150,2022-12-31,6,7,26,29,30,3,12,1071397016,4,10000000,117,105068,267131944
23001,2023-01-02,18,19,24,27,34,11,12,1124542797,0,0,64,191196,244595607
23002,2023-01-04,11,14,21,26,27,2,7,1153840957,3,10000000,48,282518,255061637
23003,2023-01-07,5,6,14,21,22,2,9,1140824558,6,10000000,96,131395,281549083
23004,2023-01-09,4,13,15,20,22,4,8,1157028436,3,10000000,106,100245,258433073
23005,2023-01-11,1,3,10,20,29,6,11,1150759496,5,10000000,113,83679,271728892
23006,2023-01-14,2,4,12,27,35,6,7,1166367355,2,10000000,123,93427,286730809
23007,2023-01-16,2,3,24,30,32,1,6,1214621617,2,10000000,48,338929,270298202
23008,2023-01-18,4,9,17,22,25,1,5,1153640353,11,6668897,243,37136,322639161
23009,2023-01-30,1,5,11,15,33,1,10,1167513305,3,10000000,89,167200,288306205
23010,2023-02-01,5,6,13,23,26,1,6,1144740863,7,8119275,377,20484,272385898
23011,2023-02-04,2,7,8,17,25,1,3,1156695739,4,10000000,155,79540,297936990
23012,2023-02-06,7,16,17,18,28,2,3,1048716294,17,6215753,136,77035,274786290
23013,2023-02-08,1,2,9,23,25,2,6,1040036602,5,10000000,89,163041,290272193
23014,2023-02-11,3,8,18,22,24,1,9,1037380726,5,10000000,156,85206,308698349
23015,2023-02-13,8,16,24,25,34,8,12,1006012729,6,8742063,70,194129,286304176
23016,2023-02-15,2,4,12,31,32,7,11,929208065,11,6710087,85,134111,294344609
23017,2023-02-18,2,5,9,22,27,10,11,709369027,30,5817626,101,143902,325814136
23018,2023-02-20,4,8,17,26,30,3,11,732297154,3,8442888,152,87105,297501654
23019,2023-02-22,5,8,9,11,15,6,8,706197257,10,5948278,131,73156,298433689
23020,2023-02-25,5,6,23,25,28,6,9,648355013,13,5492927,272,25125,323977748
23021,2023-02-27,2,9,18,23,27,3,5,648618913,5,6737925,264,38095,304448024
23022,2023-03-01,7,11,15,26,28,8,10,656985939,5,7161286,224,54181,304855393
23023,2023-03-04,9,21,23,25,33,3,10,641960896,13,6369271,47,362879,327693006
23024,2023-03-06,11,15,24,27,30,1,10,662152862,5,7924611,111,135800,299898051
23025,2023-03-08,3,9,27,30,31,11,12,667313213,6,6917554,105,136852,298831206
23026,2023-03-11,2,13,24,27,30,1,6,733932865,1,10000000,90,199360,316826904
23027,2023-03-13,9,10,12,15,23,3,6,734749841,5,6766822,125,75900,288212889
23028,2023-03-15,1,3,29,30,34,4,12,807820511,0,0,52,299559,293553586
23029,2023-03-18,7,25,27,34,35,9,11,873738106,0,0,79,179115,309186270
23030,2023-03-20,6,11,12,20,35,5,12,880358984,5,10000000,82,166908,291586529
23031,2023-03-22,5,7,8,16,25,3,11,861440447,6,9483426,146,84608,287302404
23032,2023-03-25,5,6,18,28,30,2,7,771590190,17,6288243,133,73933,308131139
23033,2023-03-27,4,6,10,11,25,7,9,787964750,4,7900471,94,128909,289373837
23034,2023-03-29,7,9,10,15,24,4,12,803285353,5,7780731,110,108314,287732716
23035,2023-04-01,7,14,23,25,29,2,11,790017645,6,9979848,238,47702,310558399
23036,2023-04-03,1,13,22,26,31,2,10,752208151,10,5516938,503,20000,285032829
23037,2023-04-05,6,8,16,20,24,7,8,768030436,5,7815329,136,90445,284657775
23038,2023-04-08,4,10,18,27,32,10,12,806289674,2,10000000,158,87329,311720942
23039,2023-04-10,2,24,26,30,34,6,7,869785637,2,10000000,74,231241,368190696
23040,2023-04-12,4,5,18,22,30,5,12,827601740,10,8838815,101,163388,369110639
23041,2023-04-15,5,8,13,26,35,5,9,794168912,10,9113936,167,88299,389220667
23042,2023-04-17,2,16,21,23,27,1,8,828299304,4,8825763,90,177996,362398489
23043,2023-04-19,2,4,17,20,27,1,8,853496452,4,10000000,126,129148,356711435
23044,2023-04-22,2,6,7,8,15,7,10,868495061,5,10000000,140,98608,378830462
23045,2023-04-24,7,10,13,28,31,4,5,855642317,6,10000000,170,68608,346712734
23046,2023-04-26,13,21,25,28,32,2,10,948200742,0,0,43,414384,352135852
23047,2023-04-29,10,12,13,24,25,11,12,952628083,6,10000000,95,174412,362544707
23048,2023-05-01,7,13,16,25,32,9,11,994472934,2,10000000,68,228710,313990124
23049,2023-05-03,3,17,22,26,28,7,12,997411126,4,10000000,99,113704,331270234
23050,2023-05-06,8,9,14,25,29,4,6,1005750816,5,10000000,124,111057,375710449
23051,2023-05-08,3,11,19,29,33,3,12,859364126,21,6007213,1228,20000,349432627
23052,2023-05-10,2,8,11,30,33,5,8,854240159,5,10000000,82,157172,355627104
23053,2023-05-13,1,3,11,14,20,2,11,892267764,3,10000000,90,179003,372295609
23054,2023-05-15,19,25,30,31,34,7,9,874577474,6,10000000,197,82842,350143702
23055,2023-05-17,6,8,12,13,15,1,6,856791469,5,10000000,138,103286,350342112
23056,2023-05-20,13,22,24,33,34,1,2,920035696,3,10000000,60,346987,398657811
23057,2023-05-22,1,5,6,19,24,5,11,903873950,8,10000000,92,165577,344889264
23058,2023-05-24,19,22,29,32,35,5,8,872966225,8,9329207,93,163975,363828515
23059,2023-05-27,9,13,23,25,28,4,7,812443525,9,7257198,198,55788,358763124
23060,2023-05-29,2,7,19,24,30,9,12,688684878,20,5803660,307,22911,310894364
23061,2023-05-31,7,11,21,30,32,5,7,750108293,1,10000000,76,193702,309303838
23062,2023-06-03,6,8,22,24,30,1,8,758202286,6,7027511,146,97706,326064748
23063,2023-06-05,4,18,29,31,34,6,9,758945368,6,6757853,91,129591,302254758
23064,2023-06-07,2,6,9,31,32,3,7,747516040,8,6313601,201,46580,306244331
23065,2023-06-10,8,14,16,21,25,3,12,807401652,1,10000000,223,76578,326869150
23066,2023-06-12,6,11,13,30,32,1,3,846071268,3,10000000,93,183571,311912224
23067,2023-06-14,2,28,30,33,35,2,10,877298737,2,10000000,173,67865,306580086
23068,2023-06-17,21,22,24,27,31,7,8,874858099,7,10000000,76,193650,323126932
23069,2023-06-19,8,20,21,25,32,5,7,908523228,2,10000000,134,97277,295437282
23070,2023-06-21,10,26,29,32,33,3,11,896500868,7,10000000,101,134258,299252381
23071,2023-06-24,2,11,12,32,34,10,12,901185515,4,10000000,194,72403,317016133
23072,2023-06-26,5,6,9,11,14,2,4,932426488,3,10000000,123,103431,303438691
23073,2023-06-28,15,25,28,30,35,8,10,940619193,4,10000000,151,77162,300986764
23074,2023-07-01,3,13,22,29,34,2,9,959326220,4,10000000,85,183380,317553672
23075,2023-07-03,7,17,20,23,32,5,11,917148171,9,7321734,172,57997,291887672
23076,2023-07-05,8,9,11,26,34,2,7,948501277,3,10000000,100,132704,299341312
23077,2023-07-08,5,16,18,26,35,3,6,880499424,13,7106555,108,113314,310865876
23078,2023-07-10,2,3,6,26,27,7,8,846788540,8,8140301,124,87196,290049087
23079,2023-07-12,6,8,26,29,34,5,8,860725831,5,10000000,72,180335,297882990
23080,2023-07-15,1,2,9,16,30,1,11,899395410,2,10000000,130,113278,319156762
23081,2023-07-17,5,6,23,28,35,7,10,841378608,13,7201205,140,79676,293496142
23082,2023-07-19,2,8,9,15,20,3,9,827085116,5,9527865,167,53347,299141777
23083,2023-07-22,13,15,21,25,32,9,10,790074141,8,8765209,71,227041,317082009
23084,2023-07-24,3,5,8,24,32,7,8,809598279,3,8187716,111,100937,290429825
23085,2023-07-26,11,12,26,31,35,5,7,862163415,0,0,72,165469,293963316
23086,2023-07-29,3,11,15,20,35,7,11,864979868,6,10000000,54,313987,311653031
23087,2023-07-31,3,4,16,19,24,4,5,895827940,2,10000000,114,101954,286062808
23088,2023-08-02,8,14,16,22,24,9,12,871592817,7,9324634,79,176397,287409545
23089,2023-08-05,3,12,20,26,35,2,12,904845174,4,10000000,90,163975,306682199
23090,2023-08-07,8,11,12,19,35,11,12,762647025,28,5993406,199,53508,280933706
23091,2023-08-09,6,16,18,28,29,7,11,755893826,7,6453360,164,65846,289311919
23092,2023-08-12,3,16,21,26,32,3,12,795974256,3,10000000,126,124472,306558540
23093,2023-08-14,11,14,17,19,21,1,5,816338505,4,7978094,81,163503,286169239
23094,2023-08-16,12,19,22,28,32,8,12,867355969,1,10000000,102,135725,285551526
23095,2023-08-19,8,19,28,32,34,3,7,915556976,1,10000000,75,179885,307851614
23096,2023-08-21,6,7,14,21,31,3,10,966376074,1,10000000,89,164626,282075812
23097,2023-08-23,6,7,18,20,22,3,9,958839854,6,10000000,85,137779,283734165
23098,2023-08-26,2,7,15,30,34,5,9,933433567,6,9391734,75,192083,304752327
23099,2023-08-28,9,11,13,22,23,6,7,830398089,17,6065668,176,44674,282172880
23100,2023-08-30,4,6,13,19,35,9,11,888328938,1,10000000,54,283431,286977321
23101,2023-09-02,6,14,16,17,28,7,10,893838614,4,10000000,94,142203,315967170
23102,2023-09-04,2,4,7,16,33,7,11,943721192,2,10000000,69,201538,295396987
23103,2023-09-06,8,11,19,31,32,8,11,920553793,6,8485103,237,40103,294563981
23104,2023-09-09,6,15,16,32,33,8,10,772096222,22,6310674,133,112368,315933686
23105,2023-09-11,7,8,19,20,25,2,11,594852807,26,5322339,176,66865,294104641
23106,2023-09-13,16,24,26,28,31,1,6,663727794,0,0,44,346897,300068817
23107,2023-09-16,1,12,15,16,18,3,10,728703279,1,10000000,80,208139,324896606
23108,2023-09-18,5,6,17,30,32,2,8,734949392,5,7050476,135,88715,301547351
23109,2023-09-20,1,12,21,22,31,2,9,769146801,2,9999751,106,137876,300583964
23110,2023-09-23,4,9,11,13,17,7,8,799033238,3,10000000,136,105043,316886671
23111,2023-09-25,3,12,15,28,35,2,12,826081056,3,9178567,168,76073,294847714
23112,2023-09-27,1,11,17,22,27,2,9,843710765,4,10000000,98,138141,294348984
23113,2023-09-30,6,8,30,32,33,3,10,824494856,6,9413555,143,83572,299774264
23114,2023-10-07,2,25,27,30,35,1,10,877911008,3,10000000,58,339994,324479019
23115,2023-10-09,7,10,23,31,34,2,10,840443521,9,7616663,177,57512,292932368
23116,2023-10-11,1,3,9,18,29,4,9,814561510,7,8003202,196,38117,300369085
23117,2023-10-14,5,7,15,18,20,3,4,833842004,5,10000000,110,134577,323243808
23118,2023-10-16,6,7,13,25,33,5,8,800852861,8,7792198,102,91286,298333764
23119,2023-10-18,4,8,10,14,21,4,10,812121301,4,10000000,106,126259,302972888
23120,2023-10-21,2,8,16,31,34,1,10,864940795,2,10000000,130,148794,318242674
23121,2023-10-23,5,11,15,23,33,1,9,828549499,12,8513200,94,147219,305281727
23122,2023-10-25,1,7,9,25,29,10,12,852345166,3,10000000,148,86604,302656130
23123,2023-10-28,2,14,16,28,30,2,7,865257536,4,10000000,128,102753,325381412
23124,2023-10-30,6,18,23,27,32,6,10,891019556,2,10000000,185,51836,308575993
23125,2023-11-01,7,25,26,29,32,2,8,942573827,1,10000000,67,229717,317245687
23126,2023-11-04,7,12,17,26,34,2,6,901877084,13,8662429,101,177906,333657269
23127,2023-11-06,4,7,8,18,19,2,6,926105316,3,10000000,126,109972,301104265
23128,2023-11-08,1,5,7,12,13,2,6,951297118,4,10000000,100,152691,304299864
23129,2023-11-11,9,23,25,27,33,6,12,996449656,2,10000000,101,157984,330972531
23130,2023-11-13,13,20,27,29,30,1,7,1023653096,3,10000000,90,163618,307985223
23131,2023-11-15,3,7,21,22,24,6,7,1049374831,2,10000000,157,83937,311865692
23132,2023-11-18,3,4,12,15,23,2,6,1084953129,4,10000000,88,193088,335031221
23133,2023-11-20,10,18,25,28,33,5,11,1062683066,6,8695944,164,61063,316833724
23134,2023-11-22,10,15,22,27,33,1,12,1094743541,5,10000000,70,259476,326277594
23135,2023-11-25,5,18,22,28,29,9,12,1004596055,15,6929543,104,147931,342060398
23136,2023-11-27,13,23,27,30,34,6,9,1020724605,4,10000000,75,209832,324906521
23137,2023-11-29,4,19,21,30,31,6,12,1023516741,5,10000000,79,205975,314969674
23138,2023-12-02,7,12,20,28,31,9,10,1063005170,2,10000000,137,104704,330230586
23139,2023-12-04,15,16,25,31,34,5,9,1053823169,5,10000000,59,270955,306026254
23140,2023-12-06,1,2,9,19,30,1,2,1043730972,6,10000000,113,129633,311212097
23141,2023-12-09,4,22,25,30,31,4,5,1062646770,5,10000000,81,185420,326977354
23142,2023-12-11,4,13,15,17,32,10,12,1083472753,5,10000000,60,283757,294429085
23143,2023-12-13,9,20,23,29,33,2,10,1127826662,1,10000000,94,149042,290282263
23144,2023-12-16,5,14,18,25,35,1,10,1134916198,5,10000000,99,149256,305447538
23145,2023-12-18,6,10,12,32,33,6,7,1141903902,3,10000000,87,157236,281788090
23146,2023-12-20,14,18,19,26,31,2,7,1149841281,5,10000000,62,209503,283511398
23147,2023-12-23,6,7,19,33,34,3,8,1139271875,5,10000000,72,162352,300086203
23148,2023-12-25,11,12,20,21,27,2,12,1124396080,6,10000000,107,110336,288709459
23149,2023-12-27,1,16,17,21,29,1,6,1103823973,6,9555249,95,130109,287474518
23150,2023-12-30,5,6,17,18,33,11,12,1123526131,4,10000000,159,91893,314687875
24001,2024-01-01,3,9,17,26,35,2,7,1097128761,7,8913873,102,120804,288568779
24002,2024-01-03,1,6,8,27,32,3,4,1075477263,7,8971726,164,67883,287934747
24003,2024-01-06,7,9,12,23,29,1,2,1033378431,9,7766564,195,59738,316688194
24004,2024-01-08,2,6,18,19,27,8,9,966373900,10,6632781,193,45844,293740320
24005,2024-01-10,3,5,7,9,12,5,8,891647288,15,6259584,310,25139,296118578
24006,2024-01-13,8,13,16,17,33,2,10,881907619,6,10000000,90,140208,317993801
24007,2024-01-15,4,5,28,34,35,4,11,831890343,12,7361176,174,61218,295347811
24008,2024-01-17,4,6,11,20,30,3,5,813246230,6,9547905,136,84867,290297440
24009,2024-01-20,15,18,19,24,26,5,9,855885855,2,10000000,129,119214,310609197
24010,2024-01-22,2,8,10,15,27,2,8,823023678,8,7815815,115,80040,277288880
24011,2024-01-24,1,3,27,32,34,1,7,826914379,4,10000000,53,233964,278088460
24012,2024-01-27,21,22,25,26,34,1,9,906728562,0,0,57,311796,302400695
24013,2024-01-29,5,22,25,28,30,3,12,867748199,10,7927899,88,126216,273865726
24014,2024-01-31,4,5,16,21,31,9,11,899112802,3,10000000,108,128779,277054139
24015,2024-02-03,8,11,14,24,31,5,6,832704686,15,6784841,149,73321,293435107
24016,2024-02-05,15,18,25,27,29,6,11,836640938,4,10000000,89,168713,291609488
24017,2024-02-07,3,7,25,27,35,1,4,914830111,0,0,105,181062,347010224
24018,2024-02-19,4,12,19,25,27,1,9,900623260,6,10000000,119,117921,298212980
24019,2024-02-21,19,20,26,29,30,3,4,871199741,6,8217484,130,80002,269021669
24020,2024-02-24,2,4,8,19,26,2,6,878719861,4,10000000,135,84829,294279472
24021,2024-02-26,1,12,16,20,28,7,9,717631060,21,5982202,101,117627,282070714
24022,2024-02-28,7,9,11,31,32,4,8,722283851,5,7000760,169,51763,285993558
24023,2024-03-02,8,10,12,14,22,5,9,732529068,6,7312943,120,103144,310377214
24024,2024-03-04,3,5,12,17,26,1,12,755385807,3,8798252,131,92413,288745840
24025,2024-03-06,1,2,8,18,27,4,8,803788991,1,10000000,161,71434,287737493
24026,2024-03-09,1,18,21,26,33,2,12,855790631,2,10000000,37,460501,309482982
24027,2024-03-11,8,9,16,22,23,7,9,797510013,11,6990402,130,74810,294174414
24028,2024-03-13,13,18,20,26,28,4,8,793751297,7,6557970,94,114840,290304264
24029,2024-03-16,4,19,24,28,34,4,5,815798946,3,8132033,108,135996,321907209
24030,2024-03-18,8,9,11,19,30,6,12,802701826,5,10000000,173,76092,368415603
24031,2024-03-20,9,12,15,30,34,5,6,863917071,2,10000000,63,315168,372883742
24032,2024-03-23,5,15,26,33,35,1,9,891308931,4,10000000,84,196472,390395258
24033,2024-03-25,4,8,10,11,15,7,9,921716263,3,10000000,93,155489,356750334
24034,2024-03-27,23,26,27,29,33,5,8,912961631,5,10000000,101,135025,359904179
24035,2024-03-30,5,13,17,29,33,5,12,926324125,5,10000000,85,212457,382184067
24036,2024-04-01,2,5,11,32,34,6,10,918965535,5,10000000,77,203395,353073460
24037,2024-04-03,17,19,20,29,35,7,11,927354951,5,10000000,62,215860,343086982
24038,2024-04-06,15,22,24,25,29,1,5,911253520,7,10000000,85,209195,364876225
24039,2024-04-08,3,10,11,20,22,6,10,931378507,5,10000000,133,113233,349193612
24040,2024-04-10,5,12,16,29,30,3,6,907166367,7,9689751,123,114513,350033896
24041,2024-04-13,6,8,14,16,28,3,5,876124219,10,9149915,166,89598,370223535
24042,2024-04-15,1,8,15,23,35,5,12,922909347,3,10000000,84,207584,347841577
24043,2024-04-17,3,4,8,14,27,5,7,913546496,5,10000000,93,149543,337646989
24044,2024-04-20,3,13,15,17,22,6,10,899843309,7,10000000,71,234449,363290238
24045,2024-04-22,9,10,14,31,32,3,8,849701017,11,7959250,245,53044,340035744
24046,2024-04-24,6,12,17,29,30,7,11,719960457,21,6357343,171,68859,339369342
24047,2024-04-27,11,19,21,26,35,10,11,778752831,1,10000000,140,102166,359497689
24048,2024-04-29,12,18,21,26,28,8,9,778092485,6,6699387,116,95120,334634953
24049,2024-05-01,4,6,9,10,22,1,8,797733183,4,7782365,92,136026,314130981
24050,2024-05-04,3,4,14,18,26,7,9,815223578,5,7763994,165,68402,317239170
24051,2024-05-06,5,21,22,23,29,1,2,873151022,2,10000000,84,178405,315085775
24052,2024-05-08,2,3,13,22,34,4,8,889972405,3,10000000,84,167577,310107521
24053,2024-05-11,1,7,19,20,35,3,9,830363706,14,7105231,293,37147,336156975
24054,2024-05-13,5,6,9,11,22,1,3,832891427,5,10000000,176,76457,320575371
24055,2024-05-15,7,17,22,30,34,5,7,863670781,3,10000000,62,221453,317431264
24056,2024-05-18,16,17,18,27,35,6,12,843912893,6,9728340,120,109224,336018142
24057,2024-05-20,9,25,30,33,34,3,9,800308582,13,8286191,64,226747,318410232
24058,2024-05-22,6,10,13,20,32,1,2,870850889,0,0,80,194302,309602010
24059,2024-05-25,17,18,20,25,31,3,12,931975708,2,10000000,79,210693,324880212
24060,2024-05-27,3,21,25,28,30,1,12,972277349,2,10000000,67,249663,296628686
24061,2024-05-29,1,12,19,31,33,5,8,1010655904,2,10000000,70,191462,299445616
24062,2024-06-01,5,14,15,16,33,3,5,1026874292,4,10000000,78,187908,315884493
24063,2024-06-03,7,12,16,33,34,1,3,973735264,10,7845807,52,290678,292831289
24064,2024-06-05,5,12,21,32,33,8,9,962849744,6,10000000,121,109189,288277616
24065,2024-06-08,5,10,18,26,27,3,6,921687696,11,8094947,360,41325,309719434
24066,2024-06-10,13,19,20,24,25,6,7,913263902,5,10000000,153,73056,273100690
24067,2024-06-12,3,11,14,20,22,6,9,887419662,6,8434472,216,44822,284089108
24068,2024-06-15,15,20,31,32,33,5,10,856579361,8,8633190,93,143076,309548443
24069,2024-06-17,7,9,16,20,24,3,7,861827970,4,10000000,209,46671,283229251
24070,2024-06-19,4,20,21,32,34,2,9,853967599,5,10000000,71,191527,285815574
24071,2024-06-22,6,10,15,34,35,2,10,915626816,1,10000000,73,208366,299309419
24072,2024-06-24,4,17,21,23,32,1,6,983268734,0,0,50,299976,277834690
24073,2024-06-26,7,9,12,21,23,5,9,975514514,5,10000000,144,73811,274592514
24074,2024-06-29,2,10,11,21,27,9,11,982548557,5,10000000,149,89477,299903507
24075,2024-07-01,8,17,26,28,32,1,10,1018960255,2,10000000,71,179582,271990488
24076,2024-07-03,1,6,22,27,35,7,12,1020815446,5,10000000,86,125651,267258235
24077,2024-07-06,1,3,25,26,29,6,12,1038326615,3,10000000,89,156312,290800928
24078,2024-07-08,5,7,10,14,15,4,7,1008923164,6,8221379,115,87283,268900803
24079,2024-07-10,3,8,17,18,23,6,11,991691071,6,9403336,158,62028,268730382
24080,2024-07-13,3,5,24,27,28,9,11,1020105408,3,10000000,69,220379,291094012
24081,2024-07-15,14,15,25,27,34,1,10,1046747917,3,10000000,80,175312,272829311
24082,2024-07-17,8,21,23,24,26,4,5,1063036331,3,10000000,211,69411,267432531
24083,2024-07-20,9,11,12,13,30,7,9,862133986,30,5386805,230,24313,286958348
24084,2024-07-22,4,11,16,17,23,5,10,843256869,7,9606887,69,179261,273725306
24085,2024-07-24,2,9,16,29,35,1,6,884649055,2,10000000,133,100556,272997715
24086,2024-07-27,11,12,14,22,28,7,11,894351076,4,10000000,85,144025,289812124
24087,2024-07-29,7,10,20,28,34,5,10,878620336,5,9672418,75,155962,270914474
24088,2024-07-31,1,2,23,28,32,3,5,936027719,1,10000000,47,283766,275758279
24089,2024-08-03,5,6,29,30,34,7,8,883749233,9,7163757,127,78297,295210405
24090,2024-08-05,2,3,6,28,33,7,11,871435470,6,10000000,82,180349,272808891
24091,2024-08-07,1,8,11,17,21,1,2,853175803,7,9748244,99,129951,275909984
24092,2024-08-10,2,4,25,26,31,1,6,896954081,2,10000000,89,161478,291452049
24093,2024-08-12,16,24,26,28,29,8,12,933160956,2,10000000,73,160783,267469695
24094,2024-08-14,12,13,24,29,31,2,8,921004006,6,10000000,93,149808,268381009
24095,2024-08-17,1,7,19,26,27,3,5,942654792,3,10000000,98,114170,292394451
24096,2024-08-19,2,3,23,27,31,1,10,928765335,5,10000000,123,110523,274611467
24097,2024-08-21,7,11,12,14,19,2,8,925914938,5,10000000,76,148425,275862263
24098,2024-08-24,3,10,15,19,29,9,10,904522393,6,9380836,135,88093,298358972
24099,2024-08-26,4,10,24,31,35,5,8,911074907,4,10000000,36,386908,276604624
24100,2024-08-28,2,12,19,22,32,5,11,894146459,6,9951022,144,89979,278077493
24101,2024-08-31,16,19,22,27,35,6,10,960205928,0,0,63,240725,296382861
24102,2024-09-02,1,5,9,14,20,5,11,991319515,2,10000000,150,78865,286610488
24103,2024-09-04,19,21,29,32,33,6,8,1003149772,5,10000000,76,183185,285358461
24104,2024-09-07,1,4,9,13,17,6,9,1026470045,3,10000000,105,128495,303918306
24105,2024-09-09,14,20,21,28,32,9,11,1064900749,2,10000000,70,217870,281222334
24106,2024-09-11,5,11,19,22,29,2,12,1014306627,9,7381712,160,71734,283352466
24107,2024-09-14,6,14,16,18,34,3,10,1030077351,4,10000000,135,106428,303292855
24108,2024-09-16,16,17,21,31,34,3,8,1012698648,7,9949930,37,391432,270720268
24109,2024-09-18,12,23,26,27,28,3,11,1040316852,3,10000000,96,144071,282500167
24110,2024-09-21,1,7,8,18,28,4,12,1060908946,2,10000000,191,53245,307601707
24111,2024-09-23,3,9,19,27,30,7,11,966755238,15,6071953,249,32920,280484335
24112,2024-09-25,5,15,24,31,34,3,10,1014832821,1,10000000,81,157205,283593275
24113,2024-09-28,16,18,25,26,33,4,8,1008302191,5,10000000,122,90958,317006955
24114,2024-09-30,12,27,30,34,35,5,11,1038006420,3,10000000,77,190925,290854587
24115,2024-10-05,3,4,12,19,24,8,12,988785697,8,7465766,128,95071,243348471
24116,2024-10-07,1,3,6,16,25,1,11,1040962748,1,10000000,66,203919,263019108
24117,2024-10-09,2,10,22,26,28,2,4,1025830819,4,9706493,177,61759,279087954
24118,2024-10-12,1,3,9,16,19,5,11,958387740,15,6673506,351,24262,300619285
24119,2024-10-14,6,12,28,30,33,2,7,940710313,7,9881541,71,174879,278151059
24120,2024-10-16,4,12,17,23,27,2,8,921780534,7,9594830,146,82997,280844941
24121,2024-10-19,7,15,18,24,33,4,5,853826236,12,7033857,168,76309,292563058
24122,2024-10-21,5,6,9,15,17,3,10,873167406,2,10000000,163,67642,280871730
24123,2024-10-23,3,9,16,30,31,8,9,852251926,7,9140228,200,53660,283405074
24124,2024-10-26,2,3,7,10,25,1,11,858545811,5,10000000,93,148884,305128586
24125,2024-10-28,10,14,19,24,26,1,10,892379303,3,10000000,77,202295,287673530
24126,2024-10-30,2,10,17,28,34,7,8,905005034,5,10000000,112,122664,294045224
24127,2024-11-02,2,3,10,16,28,7,10,924642774,4,10000000,146,107175,320316369
24128,2024-11-04,3,7,10,29,31,1,3,966301156,2,10000000,75,214022,295772015
24129,2024-11-06,7,19,30,31,34,5,7,998345495,3,10000000,78,181532,293942499
24130,2024-11-09,11,21,25,31,32,4,10,986242259,6,10000000,113,132321,324915160
24131,2024-11-11,2,3,4,21,26,2,3,955783255,10,8892360,86,181338,314078746
24132,2024-11-13,5,6,10,16,31,6,9,940646992,6,9953712,86,140888,313339293
24133,2024-11-16,8,10,14,22,29,4,6,939926814,6,10000000,105,148951,340137954
24134,2024-11-18,1,4,7,13,33,5,6,961163599,4,10000000,123,112009,315446181
24135,2024-11-20,6,8,22,24,30,3,8,908783183,11,7341497,290,39797,312278951
24136,2024-11-23,1,17,20,29,34,7,8,975020597,1,10000000,105,165661,339548742
24137,2024-11-25,8,15,16,17,21,2,5,987311039,3,10000000,119,104452,314223012
24138,2024-11-27,5,17,20,28,34,4,9,1009101192,3,10000000,79,190337,314640260
24139,2024-11-30,5,12,20,23,24,5,7,965113949,9,8236640,160,105433,346398503
24140,2024-12-02,3,6,15,23,31,1,12,992732461,4,10000000,112,128171,313586274
24141,2024-12-04,2,6,7,16,20,2,11,966806148,7,8545200,154,71205,302351348
24142,2024-12-07,8,21,24,33,34,3,10,908929975,13,6849783,88,112528,327282822
24143,2024-12-09,16,20,22,24,31,4,5,887487585,6,9370240,144,80121,299228472
24144,2024-12-11,6,7,8,21,30,1,5,901592547,4,10000000,119,119813,298735511
24145,2024-12-14,1,6,9,22,24,1,3,931270188,4,10000000,95,174535,320626163
24146,2024-12-16,5,20,21,22,32,3,4,912659139,6,9555674,125,106831,296215559
24147,2024-12-18,12,18,21,22,31,1,7,981658901,0,0,75,223695,297698975
24148,2024-12-21,6,9,20,32,35,8,11,1027404436,2,10000000,119,109466,319089575
24149,2024-12-23,2,5,16,18,22,7,9,1046459747,3,10000000,108,110866,293475449
24150,2024-12-25,4,11,23,25,34,5,7,1082499928,2,10000000,146,85346,294938543
24151,2024-12-28,5,12,17,19,35,10,11,1100535289,5,10000000,109,146038,315044922
24152,2024-12-30,1,2,7,8,31,2,10,1125809266,3,10000000,145,113095,303398169
25001,2025-01-01,5,8,16,17,27,4,7,1083648909,12,7654708,162,62463,300925149
25002,2025-01-04,19,21,22,28,32,6,9,1059802300,7,8977032,90,140909,328380460
25003,2025-01-06,10,25,30,32,34,4,10,1125887685,1,10000000,46,385970,302634553
25004,2025-01-08,2,5,9,13,33,1,7,1149680406,3,10000000,102,138323,294103605
25005,2025-01-11,5,6,8,31,32,9,11,1135025880,4,9839697,212,54953,313119385
25006,2025-01-13,3,4,13,19,35,3,10,1157222669,4,10000000,104,141473,315397229
25007,2025-01-15,15,22,23,25,31,1,9,1221403982,1,10000000,70,271022,311942681
25008,2025-01-18,1,5,7,13,35,5,12,1208994729,7,10000000,132,94439,336989378
25009,2025-01-20,3,19,21,30,32,6,9,1207630140,5,10000000,126,108815,308814993
25010,2025-01-22,5,21,28,30,32,7,12,1197169902,6,10000000,86,171799,314170042
25011,2025-01-25,3,6,7,11,27,2,8,1183329142,5,9667253,163,65086,373437138
25012,2025-02-08,2,18,19,21,25,2,11,1240397719,2,10000000,97,183282,358739098
25013,2025-02-10,14,16,18,20,35,2,5,1260404090,5,10000000,81,201895,289136668
25014,2025-02-12,5,19,22,29,35,2,10,1278086020,4,10000000,128,106474,289867311
25015,2025-02-15,7,10,24,31,35,1,8,1290950589,4,10000000,84,178523,314676590
25016,2025-02-17,5,7,12,20,29,8,12,1212239218,12,6900770,157,87391,288272949
25017,2025-02-19,10,12,26,28,31,3,10,1260507194,1,10000000,93,144416,288044955
25018,2025-02-22,1,7,9,20,28,1,4,1191928482,16,7273028,84,182563,314802603
25019,2025-02-24,7,8,11,18,23,3,11,1159248699,7,8207321,199,56096,296357549
25020,2025-02-26,1,9,12,22,29,5,9,1132471892,8,8494966,146,67527,300087089
25021,2025-03-01,10,18,25,30,35,3,12,1123599303,7,10000000,115,117927,335200766
25022,2025-03-03,1,11,13,27,29,4,10,1103298038,7,9280845,102,115866,298217183
25023,2025-03-05,10,20,22,24,25,9,12,1115584484,4,10000000,93,178006,302766777
25024,2025-03-08,6,12,13,16,23,5,8,1035953603,14,6364847,132,65034,331854703
25025,2025-03-10,3,6,8,10,25,3,7,993864524,7,7559158,137,75409,313678335
25026,2025-03-12,2,3,7,17,30,1,9,1039296517,1,10000000,80,161515,313696373
25027,2025-03-15,3,6,11,13,20,1,11,1035665608,8,10000000,117,151904,333487900
25028,2025-03-17,6,8,20,25,29,3,7,1006966152,7,8904156,103,127524,313737340
25029,2025-03-19,5,9,26,31,33,3,10,1043234948,2,10000000,144,100702,314474524
25030,2025-03-22,3,9,14,24,28,6,7,995094280,9,7699188,178,72009,338162194
25031,2025-03-24,14,18,20,25,35,1,7,1024377873,4,10000000,72,247703,311643171
25032,2025-03-26,12,22,25,27,28,1,2,1094382586,0,0,62,261176,303333312
25033,2025-03-29,1,2,8,10,33,10,12,1132503712,3,10000000,107,144899,312033249
25034,2025-03-31,4,15,22,28,33,6,8,1046884586,12,6578028,143,81044,291102580
25035,2025-04-02,22,25,28,29,30,4,8,1034539140,6,10000000,85,167168,290834566
25036,2025-04-05,4,7,13,27,30,2,6,1044099471,4,10000000,87,162675,303323074
25037,2025-04-07,5,20,23,27,31,4,6,1078059212,3,10000000,78,202241,302429281
25038,2025-04-09,7,8,20,26,34,8,9,1098668136,4,10000000,145,106912,367355129
25039,2025-04-12,3,7,14,15,19,6,10,1128975871,4,10000000,99,192059,380283087
25040,2025-04-14,2,8,16,31,32,4,12,1147506477,4,10000000,154,100484,365388846
25041,2025-04-16,3,4,21,22,27,5,11,1110680828,8,8448564,109,128409,372136085
25042,2025-04-19,6,8,11,18,20,5,11,1157421362,2,10000000,164,105826,391234678
25043,2025-04-21,3,16,20,21,27,9,11,1212466180,2,10000000,143,132632,362168053
25044,2025-04-23,15,17,21,22,26,2,8,1237807813,4,10000000,132,123720,368611600
25045,2025-04-26,8,11,21,23,27,3,8,1207089478,10,9199763,140,126988,394950774
25046,2025-04-28,4,10,15,20,34,4,7,1213336580,4,10000000,110,123790,367246953
25047,2025-04-30,3,10,11,12,21,2,3,1202271493,9,10000000,167,105515,367385544
25048,2025-05-03,2,6,17,23,35,6,11,1258998704,2,10000000,126,140526,364105069
25049,2025-05-05,9,20,22,29,34,3,8,1233463085,10,9368639,78,227748,350534405
25050,2025-05-07,15,18,20,21,34,4,10,1220697850,7,10000000,137,113717,380353203
25051,2025-05-10,2,4,13,29,31,5,12,1208341380,5,10000000,156,89634,402596942
25052,2025-05-12,2,4,11,29,30,2,8,1261675357,3,10000000,218,85037,384489687
25053,2025-05-14,14,23,29,30,33,6,12,1281475210,7,10000000,88,238046,378116432
25054,2025-05-17,3,12,16,21,29,1,2,1305673258,6,10000000,143,157222,400498726
25055,2025-05-19,8,10,25,29,30,1,2,1329842897,6,10000000,110,194591,373248241
25056,2025-05-21,12,15,28,29,32,8,11,1375155245,2,10000000,109,158329,354948673
25057,2025-05-24,9,10,11,12,29,1,10,1415654589,4,10000000,191,100021,379533383
25058,2025-05-26,6,11,15,21,23,1,7,1457374217,3,10000000,147,119413,337041717
25059,2025-05-28,3,9,10,11,26,1,2,1472810542,4,10000000,165,81352,330253002
25060,2025-05-31,12,14,19,33,34,1,7,1530054633,2,10000000,97,205497,344759819
25061,2025-06-02,2,11,16,23,28,5,10,1489857621,10,8139831,141,99022,326041766
25062,2025-06-04,14,20,27,28,29,6,10,1525360041,3,10000000,104,172762,331453922
25063,2025-06-07,5,18,26,29,32,7,10,1482278557,11,7822918,102,122650,353640087
25064,2025-06-09,5,10,18,20,34,1,8,1534694450,2,10000000,107,160826,328463659
25065,2025-06-11,7,25,32,33,35,4,9,1539171328,4,10000000,103,123549,322427160
25066,2025-06-14,15,18,27,28,34,3,6,1579075869,3,10000000,95,178917,339059066
25067,2025-06-16,6,10,12,21,22,1,6,1588528359,5,10000000,156,101197,321766533
25068,2025-06-18,1,4,17,20,22,4,10,1628402090,2,10000000,98,159002,318966997
25069,2025-06-21,4,6,7,33,34,9,10,1677561945,3,10000000,71,269001,338663590
25070,2025-06-23,8,9,15,20,22,4,12,1718532211,2,10000000,112,123539,312961169
25071,2025-06-25,1,8,25,31,33,5,11,1743326978,3,10000000,65,211711,313848778
25072,2025-06-28,4,7,15,24,29,1,4,1739661641,6,10000000,131,125166,337329044
25073,2025-06-30,1,4,17,33,34,3,9,1695259566,11,7635760,158,76908,306793454
25074,2025-07-02,2,11,15,18,21,5,10,1661629014,10,8367964,80,163981,304472528
25075,2025-07-05,8,12,16,19,35,6,9,1627185579,9,8126105,142,86993,327099927
25076,2025-07-07,11,18,22,25,29,4,12,1612133475,7,10000000,122,124331,306337461
25077,2025-07-09,12,14,16,19,28,1,4,1664896850,2,10000000,61,297434,302633813
25078,2025-07-12,7,10,15,21,24,5,6,1653989427,5,10000000,193,66462,322049886
25079,2025-07-14,2,14,32,34,35,5,11,1685844587,3,10000000,42,387849,300459382
25080,2025-07-16,9,10,18,22,24,3,12,1723670049,2,10000000,132,101935,299028201
25081,2025-07-19,1,4,6,15,18,2,3,1745616945,5,10000000,75,229037,321712458
25082,2025-07-21,2,3,4,12,26,1,8,1735099174,4,10000000,112,110917,296090839
25083,2025-07-23,12,17,18,20,34,2,5,1769075337,3,10000000,98,145052,296169217
25084,2025-07-26,9,11,13,18,29,4,11,1790261424,3,10000000,89,148783,315027700
25085,2025-07-28,2,5,9,14,33,4,9,1595323743,25,5907764,71,217226,294227352
25086,2025-07-30,2,6,23,24,33,1,10,1646600668,2,10000000,45,379316,295578823
25087,2025-08-02,5,13,14,16,20,3,8,1579681545,14,6980988,149,78989,315319154
25088,2025-08-04,8,9,10,11,35,5,11,1540665716,9,7817069,158,72241,298062525
25089,2025-08-06,2,11,12,32,34,3,10,1218712702,68,5572232,170,87488,301829705
25090,2025-08-09,6,14,19,22,27,1,4,1200005188,7,9645715,221,59626,331564816
25091,2025-08-11,1,19,22,25,27,3,10,1254338103,2,10000000,49,362728,307088100
25092,2025-08-13,4,10,17,25,32,5,7,1153953579,14,6332890,216,55809,305765437
25093,2025-08-16,1,7,9,16,30,2,5,1157754345,6,10000000,126,108929,330705608
25094,2025-08-18,4,9,17,30,33,5,9,1116595094,13,8274828,176,70315,307470270
25095,2025-08-20,7,13,14,19,27,6,10,1082529388,8,8079377,201,54829,305061816
25096,2025-08-23,2,11,17,22,24,7,9,1040644815,12,7695748,223,51758,332437847
25097,2025-08-25,5,24,25,32,34,1,9,1077551662,3,10000000,63,281700,310927488
25098,2025-08-27,1,7,9,10,23,10,12,1129247144,1,10000000,88,169934,308524554
25099,2025-08-30,6,12,20,26,31,2,4,1089336925,12,7989550,301,43436,333985688
25100,2025-09-01,26,28,32,34,35,2,7,1140476607,2,10000000,82,208143,313027593
25101,2025-09-03,5,7,19,26,32,8,9,1106707325,9,8239676,141,91574,307833370
25102,2025-09-06,9,10,13,26,28,2,4,1157865481,1,10000000,100,174162,336362587
25103,2025-09-08,5,8,19,32,34,4,5,1180433358,4,10000000,162,85006,310233728
25104,2025-09-10,2,6,9,22,34,2,8,1199979893,4,10000000,95,170407,315640944
25105,2025-09-13,15,16,25,28,34,10,12,1251025275,3,10000000,75,280822,341440186
25106,2025-09-15,5,6,11,26,29,5,10,1199200033,12,7501830,136,93464,314630148
25107,2025-09-17,5,7,8,15,33,6,10,1185080984,7,10000000,111,115382,314311008
25108,2025-09-20,14,18,21,24,29,3,6,1188449971,6,10000000,125,122587,341209503
25109,2025-09-22,4,8,10,13,26,9,10,1212757053,3,10000000,157,95406,313350591
25110,2025-09-24,1,15,22,30,31,2,8,1216735503,6,10000000,101,147187,299730589
25111,2025-09-27,2,9,14,21,26,2,12,1227497634,5,10000000,152,101012,331165537
25112,2025-09-29,3,4,21,23,24,9,12,1222244292,7,10000000,113,165203,319054991
25113,2025-10-06,1,14,18,28,35,2,3,1174480898,14,8165613,82,193019,302539540
25114,2025-10-08,3,8,9,12,16,1,5,1144042318,8,8266633,110,101160,286469363
25115,2025-10-11,3,12,14,21,35,1,5,1188143075,3,10000000,79,233905,330363634
25116,2025-10-13,2,6,16,22,29,8,12,1245943636,0,0,122,113528,298992508
25117,2025-10-15,5,10,18,21,29,5,7,1200034223,12,7523798,249,49320,302232387
25118,2025-10-18,2,8,9,12,21,4,5,1209569201,4,10000000,188,68761,319584678
25119,2025-10-20,8,15,27,29,31,1,7,1247363715,3,10000000,83,194720,319880731
25120,2025-10-22,11,13,22,26,35,2,8,1229721100,8,9990487,113,132079,325832725
25121,2025-10-25,2,3,8,13,21,7,12,1201113535,10,9198484,114,150688,356833346
25122,2025-10-27,2,3,6,16,17,4,5,1153025368,9,8046946,119,126281,332420638
25123,2025-10-29,8,13,24,25,31,4,10,1136294713,9,10000000,145,116755,333755324
25124,2025-11-01,6,9,14,26,27,8,9,1062300761,18,6587901,211,50264,367907521
25125,2025-11-03,10,11,13,19,35,4,11,1071539156,4,10000000,116,145574,333554750
25126,2025-11-05,1,8,18,27,30,6,7,1033170236,8,8218910,134,106490,333017418
25127,2025-11-08,4,5,19,28,29,5,8,827515757,36,5427642,284,22884,353038355
25128,2025-11-10,3,6,26,30,33,11,12,806116344,9,9682656,113,137766,335180121
25129,2025-11-12,3,9,14,28,35,2,4,826944600,3,10000000,86,179172,327577708
25130,2025-11-15,1,13,16,27,29,2,11,855509809,5,10000000,98,202925,347978820
25131,2025-11-17,3,8,25,29,32,9,12,878666213,3,10000000,134,102430,312224838
25132,2025-11-19,1,9,10,12,19,6,7,850074477,8,8610168,125,97627,313565367
25133,2025-11-22,4,11,23,27,35,7,11,818773871,9,9025594,90,179647,337536466
25134,2025-11-24,7,12,18,27,33,9,10,793585609,8,8817317,245,50171,311134788
25135,2025-11-26,2,10,16,28,32,1,7,813180323,5,7889103,127,118308,310594999
25136,2025-11-29,7,11,15,16,23,9,11,783829598,11,9163843,181,102716,332166578
25137,2025-12-01,7,8,9,11,22,5,11,784972572,7,6774667,185,64465,306419813
25138,2025-12-03,1,3,19,21,23,7,11,795955875,6,7222472,79,205985,299205645
25139,2025-12-06,8,18,22,30,35,1,4,830587732,4,9709642,63,276299,319213811
25140,2025-12-08,4,5,13,18,34,2,8,850018675,3,10000000,88,135097,294883884
25141,2025-12-10,4,9,24,28,29,2,10,830232369,6,9722298,80,178828,293217299
25142,2025-12-13,9,10,14,27,29,2,9,850180600,3,10000000,166,72919,305166365
25143,2025-12-15,3,4,18,24,29,7,12,891182916,2,10000000,90,153076,292194189
25144,2025-12-17,2,5,13,15,28,5,8,818422788,15,6101535,176,38680,294039927
25145,2025-12-20,5,7,20,22,25,4,5,739212071,12,6856186,169,80943,318998515
25146,2025-12-22,6,11,13,16,22,2,3,762703697,4,8749278,90,151069,295258973
25147,2025-12-24,6,16,21,25,33,7,8,816064823,1,10000000,85,182730,290531842
25148,2025-12-27,3,4,14,30,32,8,12,869158981,2,10000000,52,339083,314824866
25149,2025-12-29,24,26,30,31,32,5,12,921221228,1,10000000,77,220057,293718026
25150,2025-12-31,13,14,15,28,31,1,5,942601223,4,10000000,148,101123,315770974
26001,2026-01-03,7,9,23,27,32,2,8,875846393,13,6570234,193,48202,309467020
26002,2026-01-05,4,8,15,20,31,7,8,858169057,6,9775062,125,105467,300101679
26003,2026-01-07,2,9,11,15,16,2,4,829620750,7,8930618,122,117604,299733101
26004,2026-01-10,5,18,23,25,32,5,9,779153161,11,7203146,174,60927,329175580
26005,2026-01-12,2,4,16,23,35,6,11,788287446,8,7117857,77,200399,311138123
26006,2026-01-14,5,12,18,23,35,6,12,787011244,8,6674129,217,61900,315815131
26007,2026-01-17,1,3,13,20,26,3,10,710693230,18,5482790,213,47028,333462560
26008,2026-01-19,3,6,17,21,33,5,11,724155773,4,7691274,151,80101,301922043
26009,2026-01-21,5,12,13,14,33,5,8,734360129,5,7330817,144,81886,302386708
26010,2026-01-24,2,3,13,18,26,2,9,751872266,4,7802471,182,80971,336186076
26011,2026-01-26,14,21,23,29,33,2,10,793323031,3,10000000,74,238777,312938804
26012,2026-01-28,1,2,9,22,25,1,6,799554979,5,6986204,131,102374,318917948
26013,2026-01-31,3,5,6,23,26,1,4,782886373,10,6149358,409,26110,350779828
26014,2026-02-02,16,18,23,34,35,1,6,842732986,2,10000000,81,242159,318884035
26015,2026-02-04,1,4,10,13,17,3,11,829148796,4,9339920,98,175350,310086553
26016,2026-02-07,8,9,12,19,24,1,6,755649052,13,5925957,243,50303,333666762
26017,2026-02-09,4,5,10,23,31,7,12,762704025,6,7044236,104,141471,314171855
26018,2026-02-11,9,11,19,30,35,1,12,761611231,7,6692203,86,208790,349431305
26019,2026-02-25,12,13,14,16,31,4,12,780263624,8,7528120,72,275339,356165890
26020,2026-02-28,1,10,21,23,29,10,12,823831821,3,10000000,77,219344,319278064
26021,2026-03-02,5,8,12,14,17,4,5,783711295,7,6463717,161,73420,291691198
26022,2026-03-04,5,9,10,18,26,5,6,753076288,10,5746008,261,27678,294728612
26023,2026-03-07,9,25,26,27,28,1,8,763063925,6,7177297,109,138525,323009849
26024,2026-03-09,2,4,8,10,21,9,12,790603787,3,9889639,138,87504,293616732
26025,2026-03-11,3,15,24,28,29,3,7,761949362,10,5872341,147,62745,299297449
26026,2026-03-14,10,11,22,26,32,1,8,794063794,3,9638333,119,145339,330044286
26027,2026-03-16,9,10,11,12,16,1,11,799972392,7,6985349,166,86031,307838475
26028,2026-03-18,15,27,29,30,34,1,10,861344046,1,10000000,63,280368,303460918
26029,2026-03-21,3,5,17,33,35,5,7,834276730,6,7877022,144,115812,337467964
26030,2026-03-23,2,13,22,28,34,5,12,801741817,8,7605701,97,179985,316922568
26031,2026-03-25,6,8,22,29,34,5,7,762397268,9,7576500,82,285678,321190415
26032,2026-03-28,3,4,19,26,32,1,12,787204236,6,8149825,141,117451,342713464
26033,2026-03-30,3,5,7,9,18,2,10,743671788,12,5620374,250,29556,319640788
26034,2026-04-01,11,12,25,26,27,8,11,745020716,6,6785341,215,59275,321281232
26035,2026-04-04,2,22,30,33,34,8,12,744740092,11,6715340,91,180483,324023066
26036,2026-04-06,4,7,16,26,32,5,8,732445105,9,6291520,114,106441,298882570
26037,2026-04-08,7,12,13,28,32,6,8,756781636,5,8402519,133,119807,324524682
26038,2026-04-11,8,17,21,33,35,6,7,799997856,2,10000000,174,92288,343632778
26039,2026-04-13,9,11,20,26,27,6,9,760888094,11,5717710,175,50714,321747230
26040,2026-04-15,6,12,13,21,34,8,9,776038689,6,7492423,118,125628,322412866
26041,2026-04-18,24,25,27,29,34,2,6,804564900,6,8170700,94,230708,342918690
26042,2026-04-20,2,7,13,19,24,3,8,783361004,5,7688311,260,53840,311873981
26043,2026-04-22,8,12,14,19,22,11,12,835097420,1,10000000,86,169385,308301370
26044,2026-04-25,3,8,22,26,29,7,10,796949218,8,6329954,168,58053,333443770
26045,2026-04-27,1,15,21,26,33,4,7,795611860,7,6675078,86,181174,309445116
26046,2026-04-29,1,13,18,27,33,4,7,801117818,6,6930508,84,201825,305905116
26047,2026-05-02,9,20,21,23,28,6,11,776088009,5,7415209,97,139095,301530437
26048,2026-05-04,11,17,20,23,35,1,10,778139138,7,6806380,87,175445,276914543
26049,2026-05-06,1,6,14,15,17,2,3,786081563,6,7126897,69,183708,298483726
26050,2026-05-09,6,10,14,23,33,8,10,812279269,6,8052622,97,215818,373660843
26051,2026-05-11,13,18,28,32,33,2,11,799348751,4,9612284,135,137851,355675446
26052,2026-05-13,2,3,20,28,33,2,12,782179260,9,6295115,201,63296,353399952
26053,2026-05-16,2,9,14,20,31,5,9,738749152,14,4901960,133,97647,374349995
26054,2026-05-18,2,6,14,22,24,8,11,718927618,13,6280305,101,187940,349381748
26055,2026-05-20,9,10,20,33,35,4,11,757078646,4,10000000,83,232027,348746645
26056,2026-05-23,6,7,18,21,30,1,5,767589410,6,7155614,151,114339,368991091
26057,2026-05-25,23,25,26,27,34,4,10,801147297,4,9617059,158,113112,341310042
26058,2026-05-27,7,12,13,18,34,1,5,786536914,5,9961936,118,209761,354634349
26059,2026-05-30,6,13,17,19,26,7,8,818749861,3,10000000,269,56494,373161795
26060,2026-06-01,22,28,30,31,34,1,5,769160539,37,2645502,98,319459,364299680
26061,2026-06-03,10,12,26,31,35,2,12,807705564,4,10000000,114,160534,354547009
26062,2026-06-06,7,15,20,24,29,4,10,738675961,15,5747126,304,55984,397538816
26063,2026-06-08,3,15,20,29,31,1,12,762261292,5,7715951,79,274025,353853854
26064,2026-06-10,3,13,15,17,21,2,7,787631261,4,8286328,103,154532,352495130
26065,2026-06-13,4,11,12,13,25,4,8,802840285,6,7598219,189,77875,361984211
26066,2026-06-15,10,13,19,21,30,4,5,817519005,2,10000000,106,194605,352461614
26067,2026-06-17,6,16,18,19,28,7,11,791339917,6,7300268,158,79968,322509643
26068,2026-06-20,3,11,12,21,22,6,10,802145381,5,7366555,212,57893,333899407
26069,2026-06-22,12,19,21,24,29,3,10,757966458,8,7110906,98,201724,312134107
26070,2026-06-24,4,5,15,21,32,2,11,814894462,1,10000000,112,142147,312722588
26071,2026-06-27,5,13,22,26,32,2,3,844492277,1,10000000,179,123704,332658791
26072,2026-06-29,1,13,26,29,30,9,11,820383228,5,8484040,67,301895,309759041
26073,2026-07-01,4,10,22,23,33,2,12,798037522,6,8427733,129,160748,306363724
26074,2026-07-04,1,4,10,23,25,1,12,818314177,6,7752365,115,140052,319733435
26075,2026-07-06,1,6,16,18,26,4,10,814593834,3,10000000,89,173463,295227167
26076,2026-07-08,15,20,27,28,35,2,11,804904837,4,10000000,113,157623,303115587
26077,2026-07-11,4,14,19,24,27,6,7,797164073,2,9470883,141,74426,318922356
26078,2026-07-13,2,13,20,25,32,8,11,818797138,5,8216073,181,70136,302935941
26079,2026-07-15,6,8,23,26,27,5,12,794651243,5,6673829,111,79445,301975334
