期号,开奖日期,红球1,红球2,红球3,红球4,红球5,红球6,蓝球,销售额,一等奖注数,一等奖金额,二等奖注数,二等奖金额,奖池余额
03001,2003-02-23,10,11,12,13,26,28,11,2097070,0,0,1,898744,10307806
03002,2003-02-27,4,9,19,20,21,26,12,8330621,0,0,2,264332,7398870
03003,2003-03-02,1,7,10,23,28,32,16,9881677,0,0,2,332369,8917960
03004,2003-03-06,4,6,7,10,13,25,3,11852729,0,0,3,281578,9517794
03005,2003-03-09,4,6,15,17,30,31,16,14280829,0,0,4,260153,10661438
03006,2003-03-13,1,3,10,21,26,27,6,16204682,0,0,2,412254,10919658
03007,2003-03-16,1,9,19,21,23,26,7,12985898,1,5000000,3,254459,12124030
03008,2003-03-20,5,8,9,14,17,23,8,13403319,0,0,6,29815,11696278
03009,2003-03-23,5,9,18,20,22,30,9,13902044,0,0,2,106869,12386072
03010,2003-03-27,1,2,8,13,17,24,13,10810274,1,5000000,3,272604,12402130
03011,2003-03-30,4,5,11,12,30,32,15,12695728,0,0,1,808052,12782494
03012,2003-04-03,2,12,16,17,27,30,12,9876408,1,5000000,6,155762,12307262
03013,2003-04-06,8,13,17,21,23,32,12,13128993,0,0,4,348491,12611880
03014,2003-04-10,3,5,7,8,21,31,2,15565779,0,0,2,522168,12476130
03015,2003-04-13,4,11,19,25,26,32,13,18393824,0,0,6,202003,13460134
03016,2003-04-17,11,17,28,30,31,33,6,22558622,0,0,0,0,13098324
03017,2003-04-20,5,8,18,23,25,31,6,25928966,0,0,1,1444433,14451270
03018,2003-04-24,5,16,19,20,25,28,13,29122692,0,0,3,456246,14339392
03019,2003-04-27,4,8,12,13,16,33,9,31555212,0,0,9,115834,15159580
03020,2003-05-01,7,10,25,26,27,32,4,8846550,5,5000000,3,327334,14670860
03021,2003-05-04,14,15,18,25,26,30,1,7108391,1,5000000,0,0,13537342
03022,2003-05-08,2,7,11,12,14,32,8,9597935,0,0,1,1066947,13869188
03023,2003-05-11,1,10,20,22,26,31,2,8321908,1,5000000,2,797994,15374822
03024,2003-05-15,2,7,15,17,22,30,14,10313559,0,0,11,77596,15035104
03025,2003-05-18,1,5,11,13,14,27,12,8394596,1,5000000,2,660222,16536260
03026,2003-05-22,8,13,15,26,29,31,16,11267818,0,0,4,307845,16245314
03027,2003-05-25,1,11,14,17,27,28,15,9553276,1,5000000,7,201150,17626250
03028,2003-05-29,6,13,16,20,28,32,7,7115273,1,5000000,24,45749,17442014
03029,2003-06-01,2,7,15,26,29,32,10,3170231,1,5000000,9,50236,17515374
03030,2003-06-05,2,6,13,14,23,27,7,7240631,0,0,1,1744457,16765384
03031,2003-06-08,11,17,20,22,28,32,1,11573486,0,0,6,309489,18101608
03032,2003-06-12,4,11,25,27,29,30,13,15264588,0,0,4,395475,20115568
03033,2003-06-15,1,7,14,20,27,30,10,20161441,0,0,11,190786,22266754
03034,2003-06-19,8,13,14,16,23,25,14,24117797,0,0,6,282596,22899946
03035,2003-06-22,3,4,5,8,10,11,8,28751013,0,0,7,283666,25179768
03036,2003-06-26,7,21,24,25,27,28,15,28374435,1,5000000,10,198146,25054376
03037,2003-06-29,9,14,17,18,26,32,7,19818362,2,5000000,39,15867,26257640
03038,2003-07-03,5,7,8,24,25,27,16,17846466,1,5000000,13,99827,26782590
03039,2003-07-06,3,5,23,24,27,32,3,18823695,1,5000000,1,2561669,27694202
03040,2003-07-10,4,5,6,12,14,23,16,19393421,1,5000000,1,2387025,27328054
03041,2003-07-13,2,3,17,18,24,25,11,8855427,3,5000000,11,173844,28265402
03042,2003-07-17,3,5,7,10,15,20,7,8244457,1,5000000,14,134358,26607702
03043,2003-07-20,2,8,10,19,20,32,13,12884963,0,0,5,397757,27416990
03044,2003-07-24,2,5,9,16,32,33,15,18107421,0,0,13,172168,26537776
03045,2003-07-27,3,7,14,15,17,32,3,24418051,0,0,8,338069,26657064
03046,2003-07-31,7,8,10,11,17,26,11,30344002,0,0,27,94062,27144542
03047,2003-08-03,3,17,26,28,32,33,16,21170406,3,5000000,2,1248515,28355638
03048,2003-08-07,10,12,20,28,30,31,9,21250495,1,5000000,5,435436,27557888
03049,2003-08-10,3,6,7,13,24,25,15,21162598,1,5000000,17,123834,27734490
03050,2003-08-14,2,8,17,23,24,26,13,3000000,7,3102519,39,6099,28450710
03051,2003-08-17,4,13,15,17,24,27,1,8574843,0,0,6,398203,24831800
03052,2003-08-21,1,12,13,23,30,31,11,12527152,0,0,8,211730,28371758
03053,2003-08-24,15,19,20,21,28,29,13,19193731,0,0,13,219777,29854724
03054,2003-08-28,2,5,9,21,31,33,12,20183598,1,5000000,2,1283543,29449334
03055,2003-08-31,6,13,16,21,28,31,16,23989902,0,0,5,326254,29508178
03056,2003-09-04,8,17,21,26,28,29,7,22892844,1,5000000,3,557563,32664536
03057,2003-09-07,18,19,24,25,30,31,16,24762391,1,5000000,14,210292,32781224
03058,2003-09-11,9,11,16,28,32,33,2,31813344,0,0,5,604367,31985104
03059,2003-09-14,2,3,5,6,18,30,4,39018764,0,0,9,343115,33611668
03060,2003-09-18,2,4,6,17,21,28,11,44870316,0,0,8,313476,35595266
03061,2003-09-21,3,5,20,21,28,32,2,53944234,0,0,32,121525,38065358
03062,2003-09-25,1,6,12,19,20,32,14,61312881,0,0,10,315799,40972030
03063,2003-09-28,5,8,9,14,21,33,11,71301051,0,0,20,214032,45643734
03064,2003-10-02,4,6,8,12,15,30,1,80873748,0,0,30,136752,40925392
03065,2003-10-05,6,15,16,17,30,33,11,86060981,1,5000000,6,727659,41948818
03066,2003-10-09,3,7,8,20,24,32,14,93898014,0,0,15,223915,45124280
03067,2003-10-12,5,11,12,13,27,31,10,85888068,3,5000000,25,119829,48192830
03068,2003-10-16,9,19,25,27,32,33,11,85756772,2,5000000,8,528680,46972102
03069,2003-10-19,7,11,16,19,26,28,11,97803661,0,0,8,645369,45227392
03070,2003-10-23,1,2,4,17,18,19,8,100888955,1,5000000,23,150657,48248338
03071,2003-10-26,9,11,12,14,15,33,11,105987271,0,0,11,1081461,55288802
03072,2003-10-30,3,6,8,11,19,27,11,96034020,3,5000000,33,356840,63510334
03073,2003-11-02,2,12,14,21,23,30,13,100543175,1,5000000,19,214492,57551772
03074,2003-11-06,2,12,19,22,27,32,1,96680954,2,5000000,20,716074,59866792
03075,2003-11-09,16,17,19,22,31,33,11,94144383,1,5000000,8,131969,52503898
03076,2003-11-13,1,13,16,18,20,29,2,107390751,0,0,18,315389,58283200
03077,2003-11-16,4,12,16,22,24,25,6,112553918,0,0,14,860527,59628070
03078,2003-11-20,7,12,23,26,29,30,11,108688617,1,5000000,13,203664,61385292
03079,2003-11-23,12,15,22,23,26,31,4,109518597,1,5000000,9,1511476,61225192
03080,2003-11-27,9,20,24,25,28,30,10,104628920,2,5000000,7,1703441,61168028
03081,2003-11-30,1,2,14,26,29,30,7,93553782,3,5000000,5,1831603,62508530
03082,2003-12-04,7,17,18,19,30,31,14,99074100,1,5000000,57,79100,61740044
03083,2003-12-07,1,3,14,18,26,28,1,108808082,1,5000000,21,300693,59695084
03084,2003-12-11,2,6,7,10,17,33,3,114873334,0,0,16,884515,62314966
03085,2003-12-14,1,4,11,12,19,27,14,109846806,2,5000000,60,193412,62490224
03086,2003-12-18,5,12,16,18,26,30,13,109175163,1,5000000,61,165565,64581496
03087,2003-12-21,2,3,4,5,24,28,13,116878160,0,0,5,3594732,66127570
03088,2003-12-25,3,10,21,22,24,33,12,121793517,0,0,16,716822,64097276
03089,2003-12-28,18,19,21,26,27,33,16,89709599,7,5000000,8,850524,67728980
04001,2004-01-01,1,2,3,7,10,25,7,98223369,0,0,13,280673,66703336
04002,2004-01-04,10,12,18,22,30,31,11,83282112,4,5000000,18,120446,68295172
04003,2004-01-08,3,5,6,17,26,33,8,66985730,5,5000000,36,103614,68220442
04004,2004-01-11,10,19,22,23,25,29,9,62732577,3,5000000,11,418708,68221230
04005,2004-01-15,9,11,13,16,17,18,7,40863816,7,5000000,37,152099,67960088
04006,2004-01-18,4,12,18,20,23,32,6,52226422,0,0,22,221349,70062020
04007,2004-01-29,4,12,17,20,25,28,9,59202185,1,5000000,18,285137,55455670
04008,2004-02-01,1,7,10,22,32,33,13,45740516,4,5000000,26,107774,56569688
04009,2004-02-05,1,9,10,16,22,24,11,45853850,1,5000000,15,146095,62089966
04010,2004-02-08,6,7,8,13,14,19,15,24953322,6,5000000,75,51996,63960828
04011,2004-02-12,1,4,13,23,28,30,3,39374173,0,0,3,2060121,64816706
04012,2004-02-15,1,7,27,30,31,33,8,40913054,2,5000000,12,412102,63403910
04013,2004-02-19,12,14,21,29,30,32,13,51356236,0,0,19,235560,64366718
04014,2004-02-22,3,7,11,17,20,26,12,33706890,5,5000000,39,80776,63952992
04015,2004-02-26,1,3,5,18,22,23,13,44904613,1,5000000,17,408345,67256520
04016,2004-02-29,4,7,8,28,30,32,5,55950410,0,0,27,175330,64489348
04017,2004-03-04,5,12,14,15,25,31,9,58868782,1,5000000,30,113119,64576288
04018,2004-03-07,2,5,6,8,28,30,6,58828522,2,5000000,25,170738,66466596
04019,2004-03-11,5,10,11,23,24,32,4,61685052,2,5000000,34,162057,70336884
04020,2004-03-14,1,2,9,22,28,31,4,81357402,0,0,22,383227,72242026
04021,2004-03-18,5,9,11,17,26,27,10,90449922,0,0,26,149876,73472684
04022,2004-03-21,3,10,14,19,20,30,6,90981552,3,5000000,54,123266,75568694
04023,2004-03-25,1,8,14,17,19,30,3,107413438,0,0,11,640203,76833710
04024,2004-03-28,1,13,21,23,25,32,6,116399749,0,0,5,4193612,86812198
04025,2004-04-01,7,8,10,24,29,33,4,104672888,4,5000000,43,448930,96888986
04026,2004-04-04,4,10,14,18,28,32,15,97698720,3,5000000,65,288106,92237208
04027,2004-04-08,1,5,9,10,18,32,11,76945600,5,5000000,13,140007,89134080
04028,2004-04-11,1,2,3,5,10,22,12,84965472,2,5000000,17,454282,91292310
04029,2004-04-15,9,13,20,22,24,32,5,89096304,3,5000000,27,303664,88313002
04030,2004-04-18,1,7,9,17,26,31,5,109522812,0,0,38,230374,85809328
04031,2004-04-22,3,6,19,20,21,24,11,116465139,0,0,6,2699793,93249470
04032,2004-04-25,2,5,8,11,15,31,13,100422948,4,5000000,45,205219,95382618
04033,2004-04-29,1,4,8,9,19,20,1,108824910,2,5000000,43,455920,95181550
04034,2004-05-02,2,7,13,20,27,30,14,95591664,4,5000000,57,277001,87333028
04035,2004-05-06,2,8,26,27,30,32,16,101170056,2,5000000,31,215369,80558094
04036,2004-05-09,2,13,17,18,26,30,1,111655069,0,0,28,873751,91493038
04037,2004-05-13,3,4,11,17,20,26,5,113517880,1,5000000,36,444811,88267394
04038,2004-05-16,11,16,17,25,28,29,7,112095419,1,5000000,40,208689,88138308
04039,2004-05-20,10,16,18,25,26,29,3,115503169,1,5000000,24,817420,89037042
04040,2004-05-23,7,17,19,20,21,29,11,116302448,1,5000000,57,237397,88282398
04041,2004-05-27,8,10,17,22,25,29,14,122973176,0,0,16,972814,87199902
04042,2004-05-30,6,10,13,17,18,21,2,128720530,0,0,27,496684,86844222
04043,2004-06-03,4,9,10,21,22,24,10,115208260,4,5000000,79,191620,88243112
04044,2004-06-06,2,6,7,12,31,32,5,106056639,3,5000000,46,296656,88925916
04045,2004-06-10,1,12,18,26,27,28,13,95014377,3,5000000,40,230868,87139276
04046,2004-06-13,7,15,16,22,23,32,14,104590772,2,5000000,66,127119,84024020
04047,2004-06-17,1,7,8,11,27,31,6,89616524,4,5000000,48,244307,83699424
04048,2004-06-20,8,9,11,16,17,29,9,52618600,8,5000000,58,22182,82446706
04049,2004-06-24,11,12,14,16,25,29,9,68974336,1,5000000,14,653747,82759940
04050,2004-06-27,6,7,19,21,25,29,2,85530529,0,0,38,186723,79279672
04051,2004-07-01,2,3,9,10,15,29,11,91039998,0,0,18,131177,77098174
04052,2004-07-04,1,12,14,15,17,29,9,110782937,0,0,9,940139,78771600
04053,2004-07-08,2,3,4,9,24,25,2,119314262,0,0,22,904837,80917678
04054,2004-07-11,9,11,14,16,27,28,11,118877124,1,5000000,29,367126,79867882
04055,2004-07-15,6,8,19,25,29,32,7,118923004,1,5000000,20,588686,82803812
04056,2004-07-18,1,20,21,25,29,30,2,106870504,4,5000000,34,545416,82258324
04057,2004-07-22,5,21,23,25,28,32,4,108636240,1,5000000,12,1315559,78588992
04058,2004-07-25,1,8,11,12,27,31,12,114083452,0,0,63,201748,78945786
04059,2004-07-29,4,7,11,19,23,26,10,109858285,2,5000000,60,224576,81550264
04060,2004-08-01,3,5,11,24,27,28,15,111085027,1,5000000,24,605377,82300446
04061,2004-08-05,13,16,19,20,23,33,9,117547628,0,0,14,1077100,83100610
04062,2004-08-08,1,12,25,27,28,29,13,116603885,1,5000000,29,326365,80873918
04063,2004-08-12,7,10,13,16,27,28,7,107786334,3,5000000,17,848571,80827418
04064,2004-08-15,14,15,18,20,27,31,4,114175530,0,0,13,1146778,80884374
04065,2004-08-19,13,14,27,29,32,33,8,105287670,2,5000000,12,216249,81729668
04066,2004-08-22,5,13,20,23,24,25,3,106988146,1,5000000,12,1302870,79363542
04067,2004-08-24,1,6,7,13,16,32,4,112721435,0,0,10,1337767,52451144
04068,2004-08-26,2,8,11,13,24,31,15,108871802,2,5000000,19,755308,65964386
04069,2004-08-29,2,11,15,20,22,29,5,114504412,0,0,32,410711,75514566
04070,2004-08-31,10,12,21,22,30,33,6,112580527,1,5000000,24,299066,57522300
04071,2004-09-02,3,8,16,17,21,29,6,109272560,2,5000000,71,219926,67283612
04072,2004-09-05,8,15,18,28,30,33,14,116078545,0,0,17,934154,77849352
04073,2004-09-07,2,7,13,16,23,28,16,109849792,2,5000000,48,183324,61137370
04074,2004-09-09,5,6,15,19,26,29,13,109121720,1,5000000,48,207663,68096176
04075,2004-09-12,7,18,21,26,27,28,7,108103291,1,5000000,15,619355,78991502
04076,2004-09-14,3,5,13,17,25,31,7,114996022,0,0,46,349631,63859190
04077,2004-09-16,8,9,10,14,16,26,7,122645357,0,0,23,776019,69121428
04078,2004-09-19,4,5,10,21,24,26,5,130039170,0,0,19,908012,79354040
04079,2004-09-21,7,13,14,17,19,30,3,135666293,0,0,18,729441,63685518
04080,2004-09-23,3,8,20,23,24,26,16,137620187,1,5000000,19,853987,70123190
04081,2004-09-26,3,5,21,24,27,32,6,145187708,0,0,23,767719,80066860
04082,2004-09-28,3,20,24,27,29,30,15,146741369,1,5000000,10,1529187,66973086
04083,2004-09-30,14,16,27,28,30,33,6,154070313,0,0,13,1315451,67740048
04084,2004-10-03,1,4,8,11,21,25,14,138412100,4,5000000,26,389647,71287498
04085,2004-10-05,3,8,11,29,30,32,1,143323114,0,0,12,954919,58608118
04086,2004-10-07,10,13,18,19,25,27,1,145427257,1,5000000,19,872438,64152202
04087,2004-10-10,1,3,7,8,25,26,14,143538240,2,5000000,32,591425,79731102
04088,2004-10-12,2,10,19,22,24,32,14,150836622,0,0,8,2182694,63311248
04089,2004-10-14,14,17,20,25,28,30,14,157962040,0,0,23,722868,67942334
04090,2004-10-17,1,18,20,24,32,33,12,163910685,0,0,6,2313362,78631066
04091,2004-10-19,9,13,14,21,30,33,1,171360880,0,0,18,965766,65871134
04092,2004-10-21,1,4,8,13,28,31,2,176917360,0,0,16,810320,68711350
04093,2004-10-24,11,14,20,27,32,33,5,183713811,0,0,8,1982298,79237088
04094,2004-10-26,5,9,10,13,24,25,8,176151596,2,5000000,26,218775,67261634
04095,2004-10-28,19,22,27,28,30,32,1,179106388,1,5000000,17,1091834,71852542
04096,2004-10-31,1,4,12,16,20,30,15,186184209,0,0,22,750677,80026728
04097,2004-11-02,10,19,20,26,29,31,14,187615974,1,5000000,45,333498,67373290
04098,2004-11-04,3,12,13,25,26,31,3,188828501,1,5000000,21,690280,70521134
04099,2004-11-07,5,10,21,22,26,33,2,196928828,0,0,16,1181297,80866870
04100,2004-11-09,6,8,9,14,24,33,15,199112633,1,5000000,17,986012,68740958
04101,2004-11-11,2,9,14,19,25,26,15,201836811,1,5000000,23,783612,70744348
04102,2004-11-14,3,9,12,15,28,32,1,201836811,0,0,33,904658,94949994
04103,2004-11-16,2,3,5,9,16,21,2,196836811,1,5000000,11,2233639,78484502
04104,2004-11-18,7,11,17,18,24,29,5,110968746,17,5000000,360,3000,77680562
04105,2004-11-21,7,9,10,21,23,30,12,118645698,0,0,25,716515,88083126
04106,2004-11-23,10,15,23,26,28,29,12,122108140,1,5000000,7,2510254,73170708
04107,2004-11-25,1,8,12,13,18,20,7,120875381,1,5000000,38,231321,73766690
04108,2004-11-28,8,13,14,27,28,31,12,78191360,10,5000000,197,86652,87178712
04109,2004-11-30,6,8,10,17,30,31,14,93158097,0,0,18,356350,70969916
04110,2004-12-02,14,19,20,21,22,31,11,99364513,0,0,15,177326,75845326
04111,2004-12-05,11,16,18,20,26,31,2,112873711,1,5000000,24,330521,85650300
04112,2004-12-07,9,13,15,21,26,33,6,107032078,2,5000000,65,149274,73167518
04113,2004-12-10,8,10,23,25,31,32,7,108655316,1,5000000,20,772711,78297556
04114,2004-12-13,1,6,9,17,21,22,1,107140316,2,5000000,14,1414166,90387406
04115,2004-12-14,2,16,20,30,31,33,1,114889326,0,0,9,2009002,73673592
04116,2004-12-16,1,3,5,8,14,33,3,121746200,0,0,15,1066624,76958968
04117,2004-12-19,1,3,7,14,24,25,7,124596504,1,5000000,16,1144836,88600982
04118,2004-12-21,3,4,7,12,30,31,15,126497296,1,5000000,17,947167,73120372
04119,2004-12-23,6,9,18,20,25,33,6,132457522,0,0,26,534892,74319134
04120,2004-12-26,7,8,18,21,27,32,10,125563326,2,5000000,24,301953,87000158
04121,2004-12-28,7,13,16,18,30,32,10,126900373,1,5000000,17,869790,71029820
04122,2004-12-30,3,11,14,22,24,31,15,123775848,2,5000000,33,486144,73723296
05001,2005-01-02,1,7,8,23,27,28,14,130427310,0,0,24,646669,82345328
05002,2005-01-04,6,9,20,26,28,33,14,130856606,1,5000000,28,452441,69161632
05003,2005-01-06,9,12,15,19,22,31,16,106801512,6,5000000,26,533517,74532408
05004,2005-01-09,1,4,8,9,22,23,3,94145228,4,5000000,42,407984,87357176
05005,2005-01-11,5,9,20,26,28,33,15,100597478,2,5000000,61,115589,70647958
05006,2005-01-13,2,4,5,15,21,31,16,98464204,2,5000000,14,1311121,74203108
05007,2005-01-16,7,15,17,20,23,33,15,109791408,2,5000000,15,609348,86322510
05008,2005-01-18,11,19,22,27,32,33,11,110005324,1,5000000,26,467915,72041750
05009,2005-01-20,2,17,22,27,29,31,14,111376322,1,5000000,11,1351424,74072772
05010,2005-01-23,8,10,11,18,25,26,1,91876180,5,5000000,65,197430,86560850
05011,2005-01-25,9,11,13,15,22,30,15,102562630,1,5000000,15,448184,70934662
05012,2005-01-27,2,3,6,16,22,31,5,98114924,2,5000000,50,259107,73524782
05013,2005-01-30,7,8,16,19,20,24,6,59723073,9,5000000,62,45678,85862110
05014,2005-02-01,13,19,21,23,30,32,5,61051878,3,5000000,18,388781,70400450
05015,2005-02-03,4,8,9,16,17,29,15,68982783,1,5000000,43,128879,71767638
05016,2005-02-06,1,5,6,12,16,30,15,86877775,0,0,27,284047,85896264
05017,2005-02-16,2,6,10,25,27,31,3,91571416,2,5000000,17,370427,69139166
05018,2005-02-17,1,3,6,22,23,25,6,100709900,1,5000000,22,275425,70853674
05019,2005-02-20,6,11,12,13,19,22,8,100789176,1,5000000,17,697155,80017318
05020,2005-02-22,14,16,19,20,25,29,5,100848451,1,5000000,27,437221,71772338
05021,2005-02-24,2,6,24,26,30,31,16,108056690,0,0,5,3363844,74925080
05022,2005-02-27,8,10,12,21,32,33,4,73756112,8,5000000,52,255743,87869528
05023,2005-03-01,10,15,19,20,21,25,12,67737564,4,5000000,20,299602,70112088
05024,2005-03-03,5,9,14,27,31,32,13,58260000,4,5000000,37,121881,72808046
05025,2005-03-06,1,7,10,11,13,32,7,64281922,1,5000000,18,262426,83986854
05026,2005-03-08,6,12,14,20,25,26,7,72360968,1,5000000,24,233554,72124158
05027,2005-03-10,1,3,4,6,21,32,15,81806582,1,5000000,12,515914,74896882
05028,2005-03-13,4,9,22,25,26,32,10,91445748,1,5000000,18,348551,83942448
05029,2005-03-15,2,14,21,22,27,30,14,102159495,0,0,12,382633,73015078
05030,2005-03-17,1,5,9,14,22,28,5,93374391,3,5000000,34,426512,78215814
05031,2005-03-20,4,10,16,20,23,32,7,105294059,1,5000000,44,164801,88181316
05032,2005-03-22,5,15,19,20,25,29,3,90569540,4,5000000,52,236720,75420852
05033,2005-03-24,7,8,12,14,19,20,7,107761872,0,0,10,736814,76996234
05034,2005-03-27,5,17,18,25,28,32,9,69911648,8,5000000,54,92891,92625150
05035,2005-03-29,12,16,21,28,29,30,14,78222863,1,5000000,15,380320,73995036
05036,2005-03-31,12,19,20,21,26,31,15,91022448,0,0,21,261216,76548738
05037,2005-04-03,7,12,14,22,24,32,16,97865355,1,5000000,25,203021,88843416
05038,2005-04-05,4,7,11,20,27,28,16,103430748,2,5000000,69,96679,76754210
05039,2005-04-07,2,16,18,19,21,29,9,99858268,2,5000000,18,833197,78209132
05040,2005-04-10,1,12,21,24,30,32,13,111329404,1,5000000,14,504218,89311042
05041,2005-04-12,2,11,16,23,24,29,3,103667406,3,5000000,36,475611,78144480
05042,2005-04-14,11,16,21,26,27,30,15,100786410,2,5000000,24,692125,79192448
05043,2005-04-17,4,5,6,7,8,32,5,72411962,7,5000000,14,1104258,91903906
05044,2005-04-19,1,6,16,17,18,22,9,83952868,0,0,32,154565,70627418
05045,2005-04-21,1,7,10,15,18,20,10,99231829,0,0,19,344638,77512424
05046,2005-04-24,9,16,18,20,22,24,5,115619699,1,5000000,23,398531,91639786
05047,2005-04-26,2,3,5,7,8,27,15,120368756,0,0,22,503687,77150922
05048,2005-04-28,6,7,8,10,16,28,2,126273226,0,0,29,475072,80188244
05049,2005-05-01,2,3,8,10,25,27,12,127827112,1,5000000,9,1699155,87276712
05050,2005-05-03,2,9,12,20,26,32,13,132579703,0,0,23,482146,68676002
05051,2005-05-05,3,6,14,19,20,21,2,134776738,1,5000000,43,390536,72706272
05052,2005-05-08,1,2,14,17,30,32,1,137909685,1,5000000,20,948843,90275684
05053,2005-05-10,4,7,10,14,27,29,9,128885553,3,5000000,25,557747,76967356
05054,2005-05-12,5,13,17,18,21,29,14,129088876,1,5000000,34,357090,81854430
05055,2005-05-15,5,20,22,30,32,33,9,128789536,2,5000000,20,1131743,93309308
05056,2005-05-17,12,17,19,27,29,31,9,114443196,4,5000000,46,286780,76174508
05057,2005-05-19,5,6,10,15,30,31,13,116178805,1,5000000,20,785821,79892628
05058,2005-05-22,4,6,10,21,25,26,10,119093702,1,5000000,36,513002,93045298
05059,2005-05-24,7,11,14,18,24,29,7,97237525,5,5000000,63,116437,78358206
05060,2005-05-26,9,12,21,25,31,33,13,101091978,3,5000000,17,475322,80020874
05061,2005-05-29,5,9,14,21,23,24,1,109736636,0,0,20,1008543,91763234
05062,2005-05-31,2,7,11,12,20,23,7,96133228,4,5000000,32,466418,78069394
05063,2005-06-02,2,11,13,18,22,30,4,100469382,2,5000000,14,438861,78062342
05064,2005-06-05,10,18,23,27,30,32,8,99870563,1,5000000,22,466791,91725346
05065,2005-06-07,12,16,17,21,22,23,16,105283750,2,5000000,17,388567,78406326
05066,2005-06-09,2,4,10,11,25,28,5,100868190,2,5000000,30,434345,78834656
05067,2005-06-12,3,12,16,20,21,26,16,100447230,2,5000000,40,558777,91360150
05068,2005-06-14,1,8,10,13,25,33,13,91663380,3,5000000,20,725217,76931454
05069,2005-06-16,7,9,21,24,31,33,12,106203875,0,0,17,366567,77421708
05070,2005-06-19,3,4,8,14,16,26,4,105174796,2,5000000,21,996769,93029490
05071,2005-06-21,4,8,12,14,16,22,10,111539233,0,0,15,990023,76440970
05072,2005-06-23,6,10,19,20,24,33,11,96894783,3,5000000,38,21832,79624618
05073,2005-06-26,1,6,8,9,18,20,1,106273162,2,5000000,29,286379,91231396
05074,2005-06-28,6,9,18,20,26,29,9,90304588,4,5000000,26,361794,77117314
05075,2005-06-30,11,13,14,16,18,31,14,89204914,2,5000000,14,272458,77727922
05076,2005-07-03,4,9,11,22,25,28,13,100832903,1,5000000,45,158361,89406860
05077,2005-07-05,8,17,22,24,32,33,16,103010197,1,5000000,25,669880,76776232
05078,2005-07-07,3,11,15,20,26,32,11,104648720,1,5000000,24,645412,78597462
05079,2005-07-10,3,9,20,24,25,28,5,101141394,2,5000000,24,631232,90690486
05080,2005-07-12,1,12,14,26,27,32,16,103587874,1,5000000,27,643523,77732422
05081,2005-07-14,2,4,10,12,26,30,3,98671500,2,5000000,37,320589,78229226
05082,2005-07-17,1,7,11,14,19,20,12,0,1,5000000,40,190475,90397368
05083,2005-07-19,3,5,9,14,16,30,13,99788079,3,5000000,25,311628,76251350
05084,2005-07-21,1,2,7,15,19,20,3,76757496,8,5000000,28,259736,78941520
05085,2005-07-24,8,9,13,14,20,22,12,91933970,1,5000000,47,183980,89568388
05086,2005-07-26,7,11,12,24,27,29,12,81535680,5,5000000,61,102588,77364602
05087,2005-07-28,8,9,15,16,23,26,8,88467922,1,5000000,37,138211,79213276
05088,2005-07-31,1,3,7,18,20,24,7,93975816,1,5000000,27,166791,90904986
05089,2005-08-02,5,19,20,23,26,31,12,111214886,0,0,25,295526,79337620
05090,2005-08-04,1,9,21,25,29,32,3,114008382,1,5000000,10,1818482,82913536
05091,2005-08-07,1,11,12,15,26,27,13,110381478,2,5000000,28,531091,95665834
05092,2005-08-09,8,13,19,26,28,31,10,96434568,4,5000000,25,564955,82564864
05093,2005-08-11,4,6,17,23,25,29,14,96312056,2,5000000,61,69396,81066546
05094,2005-08-14,3,5,9,23,27,33,3,116888019,0,0,16,551141,92955416
05095,2005-08-16,9,12,18,21,28,29,5,123187891,0,0,27,544433,81902156
05096,2005-08-18,4,5,17,18,26,33,4,126668644,1,5000000,28,706729,85977004
05097,2005-08-21,5,10,23,27,28,30,15,112545980,4,5000000,19,721778,95744622
05098,2005-08-23,12,15,19,22,31,33,1,110972222,2,5000000,18,1092290,82354218
05099,2005-08-25,10,13,16,22,24,31,9,98913156,3,5000000,12,571848,84539242
05100,2005-08-28,2,4,9,14,16,31,3,122812351,0,5000000,19,539079,98607066
05101,2005-08-30,9,16,19,21,22,24,12,126863883,0,5000000,17,556092,83203780
05102,2005-09-01,2,5,6,14,24,31,12,135639051,0,0,7,2925056,85261292
05103,2005-09-04,4,7,16,18,23,30,7,104535767,7,5000000,72,126282,101882938
05104,2005-09-06,2,4,21,23,30,33,9,107423543,1,5000000,7,2629258,87523934
05105,2005-09-08,4,15,23,30,32,33,3,105399928,2,5000000,14,1329397,87687830
05106,2005-09-11,1,11,13,24,26,31,13,79600650,6,5000000,35,280048,99286104
05107,2005-09-13,9,10,20,24,25,26,11,77276274,3,5000000,35,155211,84794920
05108,2005-09-15,3,10,12,24,29,30,6,60555032,4,5000000,24,58549,84723006
05109,2005-09-18,3,5,13,15,17,31,4,74648356,1,5000000,17,481344,95781382
05110,2005-09-20,7,10,16,19,24,25,9,77314136,2,5000000,24,226174,80799964
05111,2005-09-22,3,7,15,16,19,29,9,92057094,1,5000000,24,352552,84986902
05112,2005-09-25,4,12,22,28,29,30,16,108286349,0,5000000,24,289808,96648022
05113,2005-09-27,15,18,20,22,26,27,3,94310536,4,5000000,11,1277858,84045660
05114,2005-09-29,6,7,10,15,21,27,6,99798190,2,5000000,20,331878,83220546
05115,2005-10-02,3,12,18,23,30,33,2,105784038,2,5000000,27,253743,100744056
05116,2005-10-04,4,6,8,14,15,30,10,100311500,2,5000000,14,754577,82761716
05117,2005-10-06,6,17,22,27,28,32,3,103478865,1,5000000,34,560505,88046422
05118,2005-10-09,4,9,12,15,26,31,16,97330794,3,5000000,113,182783,100005930
05119,2005-10-11,1,7,11,18,20,22,2,111323443,1,5000000,73,111502,84606492
05120,2005-10-13,1,6,13,18,30,32,14,119219696,0,0,15,1228306,85309164
05121,2005-10-16,1,7,20,25,31,32,12,122045276,1,5000000,9,2028854,98424618
05122,2005-10-18,1,4,7,14,30,32,9,122740488,1,5000000,11,1208075,86580310
05123,2005-10-20,11,12,13,17,18,25,7,106298320,4,5000000,32,259425,88748762
05124,2005-10-23,5,6,10,19,31,33,11,95778891,3,5000000,34,307490,100141228
05125,2005-10-25,6,14,18,28,31,32,3,86331035,5,5000000,10,666520,87866546
05126,2005-10-27,2,8,13,19,25,26,9,34551075,13,5000000,148,38281,89725146
05127,2005-10-30,4,6,11,14,23,25,12,67651420,2,5000000,22,255201,100319936
05128,2005-11-01,2,4,14,23,29,33,15,49975632,7,5000000,23,322811,90364038
05129,2005-11-03,5,10,14,20,27,33,3,80168399,1,5000000,40,162779,92402414
05130,2005-11-06,3,5,9,15,20,25,16,67536960,6,5000000,104,71573,107409392
05131,2005-11-08,2,7,10,11,12,24,3,82298616,1,5000000,47,180197,92470384
05132,2005-11-10,2,4,10,18,27,29,15,103362613,0,0,22,410337,94130152
05133,2005-11-13,1,7,14,16,18,25,11,101654338,2,5000000,108,179142,112647856
05134,2005-11-15,4,13,14,18,26,30,1,110313635,0,0,27,748334,96024468
05135,2005-11-17,1,5,13,15,21,25,11,110858234,2,5000000,15,1640271,98055380
05136,2005-11-20,5,14,16,18,25,27,13,109954896,2,5000000,46,461424,110922040
05137,2005-11-22,3,9,15,23,25,33,12,106407506,2,5000000,36,418224,94838566
05138,2005-11-24,3,5,6,11,20,22,13,116771293,0,5000000,34,711240,99148234
05139,2005-11-27,2,7,20,23,32,33,10,104663808,4,5000000,19,969256,113954368
05140,2005-11-29,4,6,7,8,12,17,7,103404410,1,5000000,17,513416,97816778
05141,2005-12-01,3,5,8,12,16,19,15,92018980,4,5000000,55,365466,98736818
05142,2005-12-04,7,10,12,17,22,29,5,76423134,6,5000000,33,187066,107920884
05143,2005-12-06,3,10,15,17,20,32,8,69017880,3,5000000,16,203430,89833786
05144,2005-12-08,1,8,14,15,19,27,9,64279302,3,5000000,33,133265,93615492
05145,2005-12-11,3,7,8,17,20,28,15,62495300,5,5000000,64,155464,107763236
05146,2005-12-13,7,11,19,20,24,28,2,63695577,3,5000000,39,178025,91683000
05147,2005-12-15,6,7,15,27,28,30,10,79730381,0,5000000,27,254520,92151598
05148,2005-12-18,3,15,17,23,24,29,13,78871896,3,5000000,47,128950,107658676
05149,2005-12-20,11,16,21,23,25,32,7,84032106,2,5000000,27,240638,93699080
05150,2005-12-22,3,7,10,14,18,20,2,100206958,1,5000000,54,168054,94339478
05151,2005-12-25,4,11,12,13,19,30,5,92564091,3,5000000,56,306547,112380820
05152,2005-12-27,1,5,12,14,21,27,3,66041168,8,5000000,46,125562,94543810
05153,2005-12-29,4,5,7,21,26,29,1,83439714,1,5000000,16,599961,97908590
06001,2006-01-01,1,12,15,19,21,28,3,101571550,2,5000000,21,574119,108083372
06002,2006-01-03,7,13,16,21,26,28,9,82549305,5,5000000,34,410238,94624640
06003,2006-01-05,2,4,5,6,16,20,12,82391486,1,5000000,11,122071,97626902
06004,2006-01-08,4,8,17,27,28,31,7,62785044,7,5000000,61,108151,110726140
06005,2006-01-10,3,19,20,24,26,27,11,63085358,2,5000000,20,220721,95099522
06006,2006-01-12,8,21,22,23,26,32,14,61496982,3,5000000,14,410559,95871778
06007,2006-01-15,4,16,18,27,32,33,7,77433748,2,5000000,22,505261,111611858
06008,2006-01-17,3,5,9,18,28,32,16,64683656,9,5000000,117,44871,91800142
06009,2006-01-19,5,6,8,20,26,30,6,53869004,4,5000000,51,77187,91943224
06010,2006-01-22,4,6,12,19,27,29,8,30000000,17,3878424,93,55595,110089308
06011,2006-01-24,5,7,8,14,27,31,11,32470552,2,5000000,28,190875,89227522
06012,2006-01-26,9,11,13,27,31,33,10,37022589,3,5000000,28,299265,101562774
06013,2006-02-05,1,5,6,12,16,21,11,49687923,1,5000000,30,252361,84977250
06014,2006-02-07,6,14,26,29,32,33,7,53020860,2,5000000,12,476176,82668894
06015,2006-02-09,2,3,9,15,29,32,3,40249445,5,5000000,22,238219,88355360
06016,2006-02-12,1,7,13,17,23,30,16,49855100,2,5000000,105,80023,103427620
06017,2006-02-14,3,4,8,31,32,33,2,57626236,2,5000000,28,272007,89616926
06018,2006-02-16,1,13,14,17,24,26,5,70286614,0,0,17,319169,87008450
06019,2006-02-19,4,6,13,22,26,32,7,0,2,5000000,21,363375,105480332
06020,2006-02-21,5,9,21,23,26,29,6,90611991,1,5000000,39,192527,93253284
06021,2006-02-23,1,2,5,20,21,22,9,89973418,2,5000000,26,154309,94454936
06022,2006-02-26,2,3,4,13,16,27,13,98963672,0,0,17,226645,109077186
06023,2006-02-28,4,13,14,19,23,28,8,0,6,5000000,32,134491,94622606
06024,2006-03-02,2,7,9,11,21,27,6,90168028,2,5000000,43,210920,99899450
06025,2006-03-05,3,4,17,19,24,32,5,104040034,2,5000000,26,393494,114242160
06026,2006-03-07,1,2,18,22,29,32,3,100694096,2,5000000,19,817165,101697504
06027,2006-03-09,6,8,11,14,16,27,15,96381836,2,5000000,27,491533,105074006
06028,2006-03-12,5,7,14,16,17,27,4,92516142,3,5000000,40,119296,115594746
06029,2006-03-14,3,4,7,9,14,19,8,93284310,3,5000000,28,241349,101076256
06030,2006-03-16,8,13,15,17,20,32,14,114378629,0,0,21,430496,104007536
06031,2006-03-19,3,10,12,16,31,32,14,128524999,0,0,16,2063012,124118424
06032,2006-03-21,5,18,20,24,26,31,9,113683396,4,5000000,24,501510,110906190
06033,2006-03-23,15,20,22,23,27,31,6,122970002,0,0,5,4333749,111163226
06034,2006-03-26,2,10,15,16,17,33,13,112727952,4,5000000,38,599172,128871804
06035,2006-03-28,3,9,13,21,27,29,13,113614740,2,5000000,117,217115,107522946
06036,2006-03-30,4,7,10,16,17,21,9,117338673,1,5000000,38,535680,109841862
06037,2006-04-02,2,12,23,24,25,32,14,124709476,1,5000000,59,489240,124438394
06038,2006-04-04,2,14,17,19,22,30,10,121715084,2,5000000,32,510825,101996466
06039,2006-04-06,16,19,22,28,31,32,3,124949353,1,5000000,18,1067405,106258396
06040,2006-04-09,15,22,25,26,28,33,3,138991437,0,5000000,20,1638243,123352566
06041,2006-04-11,3,10,16,18,21,28,4,138392950,2,5000000,49,447691,105725214
06042,2006-04-13,3,16,23,26,28,31,11,139676741,1,5000000,7,2094597,105723260
06043,2006-04-16,5,12,13,16,23,32,3,143000486,2,5000000,36,863576,125637310
06044,2006-04-18,2,10,18,21,30,31,5,151058247,0,0,24,783393,107026164
06045,2006-04-20,6,7,10,14,20,21,4,160942652,0,0,53,435162,109852122
06046,2006-04-23,13,18,23,29,31,32,8,153531387,3,5000000,22,804865,128175586
06047,2006-04-25,2,17,20,22,28,32,3,154170844,2,5000000,20,1241270,109048914
06048,2006-04-27,9,13,19,25,29,32,12,143211009,3,5000000,20,471352,108892170
06049,2006-04-30,6,10,12,13,17,20,3,140966397,3,5000000,29,1026295,123714924
06050,2006-05-02,2,6,12,15,25,31,7,138448657,1,5000000,39,148511,94915860
06051,2006-05-04,2,6,7,17,27,30,16,140350449,1,5000000,30,536806,97800512
06052,2006-05-07,11,24,26,27,30,32,3,146136139,1,5000000,27,932096,118886736
06053,2006-05-09,1,11,17,27,28,31,2,119397726,7,5000000,59,326729,100676240
06054,2006-05-11,3,5,7,10,28,30,4,112143957,3,5000000,47,384564,103152448
06055,2006-05-14,4,5,28,29,31,33,11,93348960,5,5000000,29,499253,119895110
06056,2006-05-16,11,13,15,21,23,25,8,60756660,10,5000000,76,98163,103929956
06057,2006-05-18,3,4,17,18,21,31,8,70227630,3,5000000,30,349585,99929702
06058,2006-05-21,1,12,22,23,24,25,14,81135276,2,5000000,50,179208,116033720
06059,2006-05-23,5,10,15,17,27,29,11,81841407,3,5000000,60,112186,100396304
06060,2006-05-25,5,15,19,23,30,32,14,103787721,1,5000000,33,349952,103935570
06061,2006-05-28,5,13,17,19,25,30,11,100176429,3,5000000,45,590525,119567188
06062,2006-05-30,18,22,23,24,26,30,1,107665930,0,5000000,16,1092218,103173418
06063,2006-06-01,4,5,15,21,23,24,8,106641730,2,5000000,18,1163529,101449632
06064,2006-06-04,3,12,14,21,24,28,11,94302188,4,5000000,76,235189,120208036
06065,2006-06-06,4,8,17,28,29,30,13,101227502,2,5000000,39,185992,105179330
06066,2006-06-08,6,8,11,18,30,33,5,104811700,1,5000000,22,910445,105113854
06067,2006-06-11,7,8,11,16,17,24,13,116658336,0,5000000,36,767837,119304720
06068,2006-06-13,3,7,10,14,30,33,10,113605314,2,5000000,40,405240,101776294
06069,2006-06-15,5,16,20,22,29,30,8,115666244,1,5000000,18,915305,103486846
06070,2006-06-18,2,3,11,13,20,27,2,116179310,2,5000000,49,500622,117810232
06071,2006-06-20,5,11,12,19,29,31,1,115888856,2,5000000,46,492513,98069610
06072,2006-06-22,2,3,5,20,21,24,8,124246824,0,5000000,14,1392994,97222706
06073,2006-06-25,5,13,16,18,27,29,12,111844608,4,5000000,74,239569,113616244
06074,2006-06-27,1,3,15,19,25,33,4,120780908,0,5000000,22,947798,97994678
06075,2006-06-29,10,21,22,23,25,33,11,120547424,1,5000000,18,617881,98135212
06076,2006-07-02,4,10,17,21,29,32,14,91956935,7,5000000,48,311573,111315098
06077,2006-07-04,8,9,12,13,19,33,9,98162082,0,5000000,21,126635,95566810
06078,2006-07-06,3,5,17,22,31,33,12,106559472,2,5000000,45,175213,96331128
06079,2006-07-09,6,11,13,17,20,32,8,99173775,3,5000000,53,335220,113367343
06080,2006-07-11,15,17,20,22,26,29,9,116315344,1,5000000,8,1186155,95689488
06081,2006-07-13,14,16,18,21,22,32,4,120292242,1,5000000,31,675680,94879564
06082,2006-07-16,3,13,15,23,28,29,9,90186744,8,5000000,86,268455,110771614
06083,2006-07-18,7,9,18,19,26,29,10,73263015,7,5000000,66,117378,94698606
06084,2006-07-21,1,12,17,21,25,28,12,67114345,5,5000000,24,336630,95796786
06085,2006-07-23,2,6,18,21,24,25,8,66565353,3,5000000,30,206442,113841824
06086,2006-07-25,4,6,10,24,26,31,6,65991876,3,5000000,43,143785,100268238
06087,2006-07-27,4,5,8,9,12,30,5,68575468,2,5000000,32,168530,100404616
06088,2006-07-30,3,11,20,24,25,26,1,71337415,5,5000000,27,440665,114786458
06089,2006-08-01,1,13,16,18,19,22,1,86285876,2,5000000,32,334131,94591130
06090,2006-08-03,2,11,15,20,23,29,11,81755244,3,5000000,59,76048,96271594
06091,2006-08-06,7,8,12,21,22,24,7,90646515,1,5000000,45,132297,117308110
06092,2006-08-08,2,8,11,16,20,21,14,101941173,1,5000000,27,258645,100741394
06093,2006-08-10,2,12,16,18,19,23,5,112211224,0,5000000,27,887535,103069550
06094,2006-08-13,15,16,17,18,24,33,13,114861640,1,5000000,22,811407,118981520
06095,2006-08-15,1,3,17,20,21,29,16,123013291,0,0,22,864569,102008350
06096,2006-08-17,1,5,9,13,18,33,14,133571360,0,5000000,92,267777,104405910
06097,2006-08-20,11,14,15,20,26,27,12,142398104,0,5000000,36,572103,121243358
06098,2006-08-22,6,7,10,11,18,23,16,143945640,2,5000000,49,549882,106596798
06099,2006-08-24,9,12,18,23,24,27,5,136601442,3,5000000,37,482798,104632276
06100,2006-08-27,1,11,18,26,30,32,3,142398104,0,5000000,26,584046,121377382
06101,2006-08-29,9,12,20,26,27,28,16,139155564,3,5000000,34,758071,103642530
06102,2006-08-31,1,4,13,19,20,24,11,145599783,0,5000000,29,518500,101870248
06103,2006-09-03,12,14,15,25,28,31,6,148745838,1,5000000,33,575983,121181078
06104,2006-09-05,3,7,22,27,28,31,11,153867079,1,5000000,27,874675,103600434
06105,2006-09-07,5,12,14,15,20,31,1,164297659,0,5000000,24,1014084,107101384
06106,2006-09-10,2,12,14,19,28,33,10,159571905,3,5000000,43,557517,125436850
06107,2006-09-12,1,6,8,13,17,30,7,143020688,4,5000000,52,154753,104721686
06108,2006-09-14,2,6,8,20,24,30,9,117656898,6,5000000,39,277380,109119888
06109,2006-09-17,1,5,17,18,23,26,13,121401005,1,5000000,55,370962,126119150
06110,2006-09-19,9,12,14,18,27,33,13,133669148,0,5000000,37,773666,109867074
06111,2006-09-21,1,8,11,16,17,22,15,128132828,2,5000000,57,182723,108913454
06112,2006-09-24,4,9,13,15,31,33,11,128216984,2,5000000,24,980404,125399344
06113,2006-09-26,5,14,17,18,28,33,2,115495976,4,5000000,43,394984,107572058
06114,2006-09-28,8,10,14,20,27,29,16,116771282,2,5000000,38,692343,108934344
06115,2006-10-01,1,10,20,26,28,29,15,88229360,8,5000000,26,1028289,124883314
06116,2006-10-03,5,16,21,22,32,33,9,84271636,4,5000000,19,361855,98613202
06117,2006-10-05,6,14,20,22,23,26,9,109790770,0,0,27,405065,102567054
06118,2006-10-08,1,3,7,8,10,30,5,114506559,1,5000000,38,596583,120456838
06119,2006-10-10,1,2,14,20,27,30,2,109004982,3,5000000,18,1231277,104253630
06120,2006-10-12,6,8,14,15,24,33,9,59338240,16,5000000,45,535799,106800148
06121,2006-10-15,3,4,6,27,31,33,6,81572370,0,5000000,20,476445,121563190
06122,2006-10-17,4,5,6,8,22,24,3,65977722,6,5000000,26,237450,106944306
06123,2006-10-19,2,3,20,25,28,32,6,90869747,0,5000000,29,367862,109186124
06124,2006-10-22,12,13,14,18,31,32,13,98741457,3,5000000,33,297035,126512484
06125,2006-10-24,15,19,23,30,32,33,6,125085299,0,5000000,23,490879,108541420
06126,2006-10-26,2,8,13,16,24,33,9,106706025,5,5000000,32,482761,112001142
06127,2006-10-29,3,4,11,17,19,30,1,114489426,1,5000000,68,438646,132007038
06128,2006-10-31,4,15,21,30,31,33,5,113709638,2,5000000,27,796808,112378664
06129,2006-11-02,9,14,18,22,27,29,12,55852518,18,5000000,192,26041,114763814
06130,2006-11-05,1,12,21,22,30,32,2,76044452,2,5000000,36,359427,127450422
06131,2006-11-07,3,4,9,22,26,33,1,104396474,0,5000000,30,405028,109252010
06132,2006-11-09,6,14,22,26,30,33,1,117608722,0,5000000,19,1622556,112975272
06133,2006-11-12,4,6,20,25,29,31,3,127782601,0,5000000,29,818588,132260424
06134,2006-11-14,10,13,18,26,28,30,12,122511330,3,5000000,26,873091,117122256
06135,2006-11-16,4,19,21,22,23,31,4,125602187,1,5000000,11,1716242,117256018
06136,2006-11-19,11,15,17,21,22,24,5,132177251,1,5000000,33,818438,134814524
06137,2006-11-21,10,14,17,21,27,31,9,101321304,7,5000000,31,311918,114978368
06138,2006-11-23,4,9,11,17,18,26,8,63194512,8,5000000,65,67243,117330686
06139,2006-11-26,7,8,14,21,23,25,5,86676824,1,5000000,62,196882,131547148
06140,2006-11-28,1,8,11,18,19,23,5,95320228,4,5000000,46,266864,113078350
06141,2006-11-30,16,18,22,23,25,31,11,90887284,4,5000000,18,370644,113085938
06142,2006-12-03,10,16,19,22,26,27,16,89639025,5,5000000,50,203586,129524666
06143,2006-12-05,1,15,20,29,31,32,8,106171634,1,5000000,19,485697,112319084
06144,2006-12-07,4,10,13,16,22,29,6,114624730,0,0,29,680134,114335670
06145,2006-12-10,2,7,23,26,28,31,7,111444436,2,5000000,33,482201,132458778
06146,2006-12-12,3,9,13,23,28,30,5,104953950,3,5000000,62,320250,115654738
06147,2006-12-14,1,4,15,17,27,31,1,99795009,3,5000000,62,370362,116514674
06148,2006-12-17,4,8,12,13,23,29,1,122270018,2,5000000,64,217466,132637320
06149,2006-12-19,2,3,5,11,15,32,15,117578658,3,5000000,34,707455,115306168
06150,2006-12-21,8,9,12,18,25,27,12,107609196,3,5000000,84,139737,115993740
06151,2006-12-24,1,3,4,6,16,22,8,100254102,3,5000000,29,615107,138410226
06152,2006-12-26,1,14,20,25,27,31,15,103194508,2,5000000,29,1041182,119601334
06153,2006-12-28,1,7,11,20,30,33,10,96548648,2,5000000,26,301012,116654792
06154,2006-12-31,7,14,18,20,30,33,13,97703100,4,5000000,34,266652,141112320
07001,2007-01-02,2,4,9,10,20,26,14,109312240,1,5000000,40,177955,107551896
07002,2007-01-04,5,6,14,20,21,22,1,115844064,1,5000000,45,597946,112130528
07003,2007-01-07,5,9,11,12,22,27,15,118050456,2,5000000,98,290628,129783464
07004,2007-01-09,3,7,10,13,25,33,10,111071937,3,5000000,38,492547,109946044
07005,2007-01-11,1,5,6,16,24,30,12,115070485,1,5000000,28,749879,113427606
07006,2007-01-14,6,10,14,22,26,27,11,88001697,7,5000000,82,225684,130460716
07007,2007-01-16,4,12,15,17,22,32,14,93623739,3,5000000,31,285097,111917406
07008,2007-01-18,1,4,5,18,19,25,10,108205308,2,5000000,38,277235,116492752
07009,2007-01-21,2,4,14,15,25,27,15,104424915,3,5000000,78,335629,132693662
07010,2007-01-23,3,8,14,17,30,32,5,96939315,3,5000000,37,473881,115335536
07011,2007-01-25,3,10,15,25,28,33,16,117061179,1,5000000,24,448604,115841486
07012,2007-01-28,3,5,7,21,26,28,4,123299827,1,5000000,26,1008596,134084158
07013,2007-01-30,5,15,18,27,29,32,5,128007099,1,5000000,45,503340,115053692
07014,2007-02-01,1,13,16,20,24,26,9,118007099,2,5000000,33,3000,115219742
07015,2007-02-04,3,4,8,18,22,30,15,120412106,2,5000000,72,402014,139341652
07016,2007-02-06,1,18,20,22,26,33,5,89511352,8,5000000,35,606616,116998640
07017,2007-02-08,5,9,10,24,25,32,14,96497853,3,5000000,46,204843,114012860
07018,2007-02-11,1,12,18,20,21,26,11,75085794,7,5000000,77,75628,133609680
07019,2007-02-13,4,11,16,23,29,31,14,80869806,3,5000000,210,42416,115956594
07020,2007-02-15,5,10,16,20,28,31,14,107657897,1,5000000,86,158412,126700040
07021,2007-02-25,3,6,9,11,25,31,13,96683828,4,5000000,30,702017,113756430
07022,2007-02-27,2,4,7,10,18,27,10,65835680,8,5000000,52,75427,107756880
07023,2007-03-01,3,7,13,17,32,33,2,82944858,1,5000000,38,249351,112284838
07024,2007-03-04,8,9,17,25,27,32,6,87396552,3,5000000,52,160316,121542842
07025,2007-03-06,3,16,18,22,23,26,3,69428520,5,5000000,50,60274,104560512
07026,2007-03-08,1,4,14,16,26,29,10,82089880,2,5000000,51,190431,109462504
07027,2007-03-11,2,3,9,22,24,27,11,104509442,0,0,25,384335,128748636
07028,2007-03-13,3,8,13,20,29,30,11,91392725,5,5000000,69,401850,116965154
07029,2007-03-15,6,8,9,11,19,21,10,105876498,2,5000000,64,163953,113666804
07030,2007-03-18,3,16,21,22,27,30,4,107508776,2,5000000,51,532195,133913730
07031,2007-03-20,4,6,10,12,19,31,1,106701892,2,5000000,41,523185,117363182
07032,2007-03-22,4,8,16,24,30,32,16,83426623,7,5000000,50,547154,119343222
07033,2007-03-25,3,4,11,17,18,28,9,58629880,8,5000000,103,63259,134912082
07034,2007-03-27,2,9,12,14,23,25,16,87631008,0,0,61,203755,114516916
07035,2007-03-29,1,4,8,12,29,31,6,100205090,2,5000000,15,644973,114653702
07036,2007-04-01,3,14,21,23,30,31,10,106803130,1,5000000,18,1503449,134541242
07037,2007-04-03,10,11,16,23,31,33,16,119971358,0,0,12,2560488,116812284
07038,2007-04-05,3,11,14,19,21,30,5,111020550,3,5000000,26,542876,119984574
07039,2007-04-08,6,7,19,24,27,29,1,98857405,5,5000000,82,365276,143011060
07040,2007-04-10,13,14,15,19,24,30,10,122492627,0,0,45,225097,118331436
07041,2007-04-12,1,3,9,11,26,31,12,124694666,1,5000000,47,357548,121205882
07042,2007-04-15,3,13,16,19,32,33,8,130625495,0,0,27,512540,142691830
07043,2007-04-17,3,8,10,11,14,30,5,118014140,4,5000000,39,442055,122386058
07044,2007-04-19,9,13,20,21,24,32,8,125002097,1,5000000,47,595146,124340438
07045,2007-04-22,1,12,18,21,28,30,10,125430648,2,5000000,71,342722,136615924
07046,2007-04-24,2,6,7,9,19,26,14,115125408,4,5000000,54,418909,119427296
07047,2007-04-26,2,4,16,18,23,30,6,110480448,3,5000000,57,423890,119916622
07048,2007-04-29,2,11,12,15,17,28,12,97830540,5,5000000,56,514587,136379094
07049,2007-05-01,4,14,18,19,31,33,2,112092768,2,5000000,39,266617,109032730
07050,2007-05-03,1,5,8,13,18,25,2,107678022,3,5000000,87,283895,105495070
07051,2007-05-06,3,14,16,26,27,33,13,86681988,6,5000000,30,700308,128364720
07052,2007-05-08,2,3,7,8,26,29,7,76681988,2,5000000,25,3000,107460952
07053,2007-05-10,10,13,16,17,18,27,11,78099634,2,5000000,19,257540,109175190
07054,2007-05-13,1,3,16,18,23,28,5,94220186,1,5000000,35,258619,126641628
07055,2007-05-15,2,6,11,22,28,29,2,107553346,2,5000000,66,151514,109364728
07056,2007-05-17,14,17,21,29,31,32,12,110967359,1,5000000,26,755103,111070368
07057,2007-05-20,5,11,18,19,20,21,9,98367957,3,5000000,27,207459,125193540
07058,2007-05-22,7,8,10,13,25,27,7,81636258,6,5000000,85,66899,106118326
07059,2007-05-24,1,3,4,6,7,29,14,100734154,0,0,12,682067,107668468
07060,2007-05-27,1,2,8,16,19,29,5,104817064,1,5000000,42,504606,122877416
07061,2007-05-29,1,6,7,11,20,23,5,116607972,0,0,25,1100484,107509478
07062,2007-05-31,8,17,20,29,30,33,9,114902128,2,5000000,30,645101,106979026
07063,2007-06-03,10,15,17,24,26,28,12,106832163,3,5000000,48,336876,124445210
07064,2007-06-05,2,6,9,16,21,23,16,110036169,1,5000000,23,832290,107504678
07065,2007-06-07,4,7,19,21,25,31,7,83340246,6,5000000,69,111732,106720024
07066,2007-06-10,5,11,16,24,32,33,8,96919886,1,5000000,49,162504,122787844
07067,2007-06-12,6,11,13,17,21,23,11,103289153,1,5000000,27,180464,106213796
07068,2007-06-14,11,18,19,22,23,28,1,107727339,1,5000000,24,917601,109334584
07069,2007-06-17,3,4,11,12,14,32,12,99446444,4,5000000,17,1608504,137143568
07070,2007-06-19,6,8,15,17,18,30,12,106780760,4,5000000,54,216939,114811644
07071,2007-06-21,1,6,14,21,30,31,9,94053292,4,5000000,37,458628,116647272
07072,2007-06-24,2,4,8,13,14,33,16,97941980,5,5000000,40,309521,131085768
07073,2007-06-26,5,9,11,19,28,31,2,99771100,4,5000000,55,170097,109359702
07074,2007-06-28,8,13,15,25,27,28,3,89486080,5,5000000,47,134179,108638452
07075,2007-07-01,13,16,17,22,30,32,3,111628560,2,5000000,34,405157,125477334
07076,2007-07-03,6,12,15,16,20,31,2,123005273,0,0,29,915367,106329426
07077,2007-07-05,6,8,14,21,28,29,2,124864516,2,5000000,68,406934,107569632
07078,2007-07-08,4,6,7,23,25,32,1,121501677,3,5000000,23,1180581,121749606
07079,2007-07-10,3,4,14,20,21,25,14,125649416,1,5000000,41,520603,103249956
07080,2007-07-12,1,8,16,18,19,29,4,97226409,7,5000000,125,122770,105252328
07081,2007-07-15,9,14,15,19,24,33,13,93048135,5,5000000,58,153855,120651274
07082,2007-07-17,5,15,17,18,25,32,15,63491988,7,5000000,46,50719,101473624
07083,2007-07-19,11,14,18,20,21,26,5,49759465,5,5000000,37,130511,100264804
07084,2007-07-22,6,10,12,14,20,27,10,52464240,4,5000000,29,39972,117091964
07085,2007-07-24,2,12,17,19,29,30,12,51669400,4,5000000,48,82188,101375038
07086,2007-07-26,5,8,14,22,27,29,16,56776770,3,5000000,67,128618,102347618
07087,2007-07-29,1,3,4,5,8,21,9,61822770,1,5000000,34,126630,115648010
07088,2007-07-31,2,4,10,28,29,33,6,66151984,1,5000000,22,181737,97931132
07089,2007-08-02,3,7,8,15,19,28,3,48194132,11,5000000,102,29588,99074148
07090,2007-08-05,5,11,13,27,30,31,2,62685021,1,5000000,49,170474,114857394
07091,2007-08-07,2,11,17,30,31,32,7,60352834,2,5000000,25,131448,98640430
07092,2007-08-09,14,18,22,23,24,33,9,70959546,1,5000000,33,202684,100547190
07093,2007-08-12,5,10,13,15,19,29,2,90503771,1,5000000,142,74077,115267274
07094,2007-08-14,3,5,18,19,24,32,2,100452531,3,5000000,41,260788,100279716
07095,2007-08-16,1,6,8,18,29,32,7,88670436,4,5000000,54,355094,101322650
07096,2007-08-19,9,10,20,22,30,32,8,88142080,2,5000000,31,130944,116298698
07097,2007-08-21,4,8,13,18,26,30,11,58142076,12,5000000,48,3000,99828090
07098,2007-08-23,2,3,5,11,19,20,12,57206046,3,5000000,45,133942,103284906
07099,2007-08-26,3,4,14,27,31,33,5,47539875,5,5000000,61,107731,115727006
07100,2007-08-28,8,18,27,29,30,32,6,58132155,5,5000000,43,155404,100804514
07101,2007-08-30,15,16,18,21,22,30,14,65672848,2,5000000,19,395654,103261246
07102,2007-09-02,4,6,8,18,20,33,11,78198594,2,5000000,27,357551,119528600
07103,2007-09-04,7,9,25,27,30,32,1,92238351,0,0,26,231424,102844920
07104,2007-09-06,2,8,12,14,20,32,4,87272631,3,5000000,30,143346,108150420
07105,2007-09-09,2,7,10,17,23,29,14,87904974,6,5500000,111,118271,134273360
07106,2007-09-11,12,18,21,24,25,29,8,103883381,1,8000000,20,449537,113328304
07107,2007-09-13,2,8,9,18,24,28,10,81343980,6,5500000,38,458107,118762906
07108,2007-09-16,3,7,12,13,20,33,2,93725910,3,6000000,77,152404,136419830
07109,2007-09-18,1,4,7,8,13,14,4,111274026,2,6500000,50,236126,117653172
07110,2007-09-20,2,4,7,15,24,28,3,100710964,4,5750000,41,537061,119714108
07111,2007-09-23,2,9,10,12,13,17,11,111861375,0,0,20,1300881,136651412
07112,2007-09-25,7,11,14,16,25,32,11,119680548,1,11000000,38,787142,128550874
07113,2007-09-27,4,18,23,25,26,31,10,124934931,1,8000000,26,920265,124724404
07114,2007-09-30,5,12,15,24,27,33,5,71085396,12,5250000,167,85934,143109004
07115,2007-10-02,1,5,10,16,20,26,2,93248246,0,0,53,179214,108125704
07116,2007-10-04,3,5,7,11,17,27,13,68977594,7,5857142,85,54097,113457608
07117,2007-10-07,3,7,9,10,26,32,1,101751738,0,0,31,453098,132239116
07118,2007-10-09,4,10,16,18,25,32,15,83695185,5,6200000,48,337528,124978730
07119,2007-10-11,3,8,11,13,25,31,12,30000000,23,4336379,58,96366,124850416
07120,2007-10-14,6,7,11,12,18,25,1,65393593,0,0,38,399175,136778106
07121,2007-10-16,3,10,21,22,27,28,6,78286342,1,11000000,28,273868,125337786
07122,2007-10-18,4,7,19,24,26,32,9,63286341,7,5428571,80,3000,130402942
07123,2007-10-21,1,13,15,23,28,32,2,85715304,2,6500000,19,731480,149864730
07124,2007-10-23,3,7,13,16,19,32,16,98375173,0,0,41,132333,131087996
07125,2007-10-25,3,5,18,20,27,33,1,133082056,0,0,71,209498,137439952
07126,2007-10-28,9,10,19,23,26,31,9,71731920,15,5600000,124,256852,170508318
07127,2007-10-30,6,9,13,16,24,28,11,36329644,17,5176470,78,107679,131706110
07128,2007-11-01,9,10,19,21,27,31,5,55153745,1,8000000,45,226896,130058308
07129,2007-11-04,5,7,20,21,22,30,8,30000000,12,5174527,93,18159,152215698
07130,2007-11-06,3,5,9,11,27,31,4,58548310,5,5600000,98,102980,134915286
07131,2007-11-08,3,5,7,16,22,27,5,76223517,3,6000000,29,482884,139489488
07132,2007-11-11,1,9,16,21,22,23,5,114258687,0,0,33,493963,155862750
07133,2007-11-13,3,6,7,11,13,33,10,63276884,11,5545454,64,146497,145163392
07134,2007-11-15,1,4,10,13,18,25,15,80724144,1,8000000,47,204686,141752438
07135,2007-11-18,1,11,16,26,31,33,16,119586385,0,0,32,520476,159526566
07136,2007-11-20,1,2,18,21,25,29,14,111148212,4,6500000,26,1037600,148075802
07137,2007-11-22,3,7,8,18,20,22,3,84084091,7,5428571,74,250230,148358822
07138,2007-11-25,2,3,15,17,19,25,16,128761636,0,0,85,225264,167481164
07139,2007-11-27,6,10,12,14,16,22,6,49342984,22,5136363,62,398223,147362270
07140,2007-11-29,1,5,16,21,22,26,11,48688880,4,5000000,54,153538,143598644
07141,2007-12-02,2,3,4,6,17,31,8,60194361,3,5000000,33,344227,166050194
07142,2007-12-04,11,20,25,26,27,30,8,97282809,0,0,35,454144,148389454
07143,2007-12-06,1,6,22,23,24,26,4,126145669,1,5000000,22,659666,152332662
07144,2007-12-09,8,14,23,25,28,32,16,135261122,2,5000000,59,755978,178734532
07145,2007-12-11,8,9,11,12,25,31,11,127241856,4,5000000,44,635342,156683190
07146,2007-12-13,4,18,22,24,26,30,9,124899782,2,5000000,41,435816,158863498
07147,2007-12-16,3,7,18,24,26,27,4,121358164,4,5000000,74,518958,179005766
07148,2007-12-18,3,9,16,17,23,28,7,30000000,59,2056918,169,6000,158818618
07149,2007-12-20,1,17,19,22,28,30,3,50801224,2,5000000,23,573935,149288714
07150,2007-12-23,3,5,11,13,19,24,5,60689682,2,5000000,78,109277,166649572
07151,2007-12-25,1,6,10,11,23,25,2,35258288,8,5000000,73,85530,153939934
07152,2007-12-27,11,17,21,29,30,33,8,57125181,1,5000000,33,348920,156184910
07153,2007-12-30,1,4,19,20,25,31,15,84553908,1,5000000,79,175924,169633854
08001,2008-01-01,2,4,7,9,14,29,3,111094951,1,5000000,53,255048,143343976
08002,2008-01-03,3,4,18,22,25,29,9,90539172,6,5000000,66,333886,153610222
08003,2008-01-06,6,8,11,13,17,19,12,30539172,18,5000000,76,6000,175940428
08004,2008-01-08,4,8,22,23,27,29,8,34402240,5,5000000,40,309247,154299042
08005,2008-01-10,3,5,15,22,24,25,15,57955436,2,5000000,93,154623,154340740
08006,2008-01-13,1,14,16,18,22,27,14,89631944,1,5000000,35,449100,165907668
08007,2008-01-15,1,13,17,22,23,30,11,94233045,3,5000000,26,323095,145532348
08008,2008-01-17,2,15,16,23,26,27,7,78226614,6,5000000,43,139470,150661200
08009,2008-01-20,9,21,29,30,31,32,16,102644740,2,5000000,39,378221,165349862
08010,2008-01-22,3,8,11,17,21,27,9,30000000,26,4174608,196,70179,146738458
08011,2008-01-24,2,14,17,21,30,32,3,53054681,1,5000000,21,572544,142739106
08012,2008-01-27,3,4,5,16,20,30,13,51190784,8,5000000,54,64572,154610224
08013,2008-01-29,2,8,15,16,22,28,10,30000000,15,3412718,144,6000,134411428
08014,2008-01-31,3,9,11,17,21,31,14,19914148,9,5000000,195,54756,135835312
08015,2008-02-03,6,8,11,16,29,33,3,53096396,0,0,46,309151,150230862
08016,2008-02-05,3,12,14,21,29,33,13,88155385,0,0,22,682967,140568370
08017,2008-02-14,2,5,7,17,20,22,2,102042212,2,5000000,50,204744,132359640
08018,2008-02-17,2,5,6,23,26,33,13,115153263,1,5000000,23,1837353,157186176
08019,2008-02-19,2,9,11,17,27,31,5,98387535,5,5000000,103,186536,141971234
08020,2008-02-21,3,10,13,15,28,30,3,85157728,8,5000000,207,55424,146348748
08021,2008-02-24,9,12,19,20,26,28,15,106187436,3,5000000,95,162540,160910474
08022,2008-02-26,12,18,20,24,28,32,5,120907235,0,0,59,582138,144863010
08023,2008-02-28,8,16,18,25,26,32,2,112888712,4,5000000,82,340936,153560364
08024,2008-03-02,11,20,21,26,28,30,13,119269174,2,5000000,30,1274035,170256022
08025,2008-03-04,8,16,17,18,19,21,14,125247286,2,5000000,48,776713,153154654
08026,2008-03-06,5,17,19,27,29,32,3,117046228,4,5000000,42,655496,152462456
08027,2008-03-09,15,18,19,23,24,26,13,134342360,0,0,37,1090747,174009958
08028,2008-03-11,1,13,21,26,29,32,10,139571098,1,5000000,40,596676,160518620
08029,2008-03-13,1,9,14,22,29,32,12,141809150,2,5000000,44,648987,161219452
08030,2008-03-16,6,15,18,19,20,28,11,140137059,3,5000000,44,706783,179312028
08031,2008-03-18,3,6,11,15,21,31,13,139648344,3,5000000,79,428603,158624334
08032,2008-03-20,5,14,16,21,23,28,13,157270392,0,0,61,674067,160439648
08033,2008-03-23,12,17,18,30,31,33,4,166374754,1,5000000,37,889464,180595348
08034,2008-03-25,3,5,9,11,21,29,9,96408435,15,5000000,123,95490,159514754
08035,2008-03-27,7,11,14,17,18,29,16,122288881,1,5000000,48,275718,157220200
08036,2008-03-30,2,6,13,18,23,28,16,116325030,5,5000000,218,203750,175839426
08037,2008-04-01,1,12,22,24,28,31,6,102655300,4,5000000,34,434430,155799266
08038,2008-04-03,3,9,10,11,15,19,13,95546028,4,5000000,38,791535,156472902
08039,2008-04-06,1,7,10,13,22,29,1,90042831,3,5000000,80,50875,167098814
08040,2008-04-08,6,13,22,25,27,28,9,102671865,3,5000000,29,408310,147866454
08041,2008-04-10,8,11,20,22,23,27,4,108186443,1,5000000,29,846000,153107854
08042,2008-04-13,3,4,9,11,12,24,1,102226580,4,5000000,168,195001,172844294
08043,2008-04-15,3,10,16,22,27,33,14,106605432,2,5000000,38,882912,152620756
08044,2008-04-17,5,7,9,20,26,29,9,98073492,4,5000000,63,424742,154045626
08045,2008-04-20,1,10,13,21,29,32,4,122970012,2,5000000,81,184637,166853172
08046,2008-04-22,15,16,18,24,28,33,15,131877614,1,5000000,21,1545289,154575398
08047,2008-04-24,9,12,13,14,20,22,10,127184673,3,5000000,30,801660,159224658
08048,2008-04-27,11,18,21,27,30,32,1,114604014,6,5000000,66,615835,177125564
08049,2008-04-29,3,10,12,13,19,25,4,112085727,3,5000000,63,462285,156554264
08050,2008-05-01,1,11,19,24,26,27,3,100533855,5,5000000,39,804589,143428932
08051,2008-05-04,1,4,8,10,13,33,11,87318515,5,5000000,32,859298,168795820
08052,2008-05-06,2,10,17,23,29,31,10,40520662,13,5000000,311,25083,150880684
08053,2008-05-08,6,12,19,20,21,27,4,29018768,8,5000000,175,69791,150163792
08054,2008-05-11,2,6,16,17,20,25,7,20000000,9,3914695,58,45912,166384318
08055,2008-05-13,11,16,19,23,26,31,4,41171283,3,5000000,44,352317,140054516
08056,2008-05-15,8,13,22,23,25,30,7,42117390,6,5000000,65,204040,143711520
08057,2008-05-18,19,20,21,26,28,30,8,23571670,5,5000000,32,86441,157009320
08058,2008-05-20,1,12,21,27,29,31,11,20383306,7,5000000,79,64077,133093020
08059,2008-05-22,2,6,15,29,31,32,16,50267824,0,0,29,441643,138178008
08060,2008-05-25,6,7,8,17,30,32,3,64781184,3,5000000,34,372017,152605692
08061,2008-05-27,1,2,5,12,26,31,6,79315110,1,5000000,14,597977,133881926
08062,2008-05-29,6,8,13,17,24,27,15,98202858,2,5000000,59,209838,137719710
08063,2008-06-01,5,9,11,14,16,17,15,126168572,2,5000000,48,338979,155226836
08064,2008-06-03,1,2,7,9,12,18,12,101983920,6,5000000,43,315561,142377766
08065,2008-06-05,5,13,15,19,30,31,5,84928072,4,5000000,69,99560,148339068
08066,2008-06-08,7,12,21,22,29,30,8,38711673,11,5000000,92,40917,157257472
08067,2008-06-10,10,11,15,19,26,33,13,30995856,3,5000000,35,89194,139167536
08068,2008-06-12,5,7,17,23,27,29,7,37121202,3,5000000,66,137177,146064510
08069,2008-06-15,5,8,17,20,26,30,10,24929340,10,5000000,76,100421,160540160
08070,2008-06-17,5,6,12,15,18,33,13,56125892,0,0,25,534798,143853670
08071,2008-06-19,1,6,21,26,27,28,9,35692188,6,5000000,52,78843,149342332
08072,2008-06-22,1,5,10,18,22,30,9,64812320,2,5000000,70,239511,161487324
08073,2008-06-24,1,9,13,22,28,33,8,82483486,2,5000000,39,304078,145507408
08074,2008-06-26,1,11,15,19,20,24,9,120042441,0,0,38,423597,144760564
08075,2008-06-29,1,8,14,18,22,30,3,129796542,1,5000000,32,1075819,165190272
08076,2008-07-01,2,5,7,11,13,18,11,133839763,1,5000000,44,479564,149452982
08077,2008-07-03,4,12,22,26,30,33,9,133938729,3,5000000,27,1304849,150267928
08078,2008-07-06,6,13,16,26,30,33,1,135542103,3,5000000,29,1335903,163038372
08079,2008-07-08,3,4,5,10,20,32,9,134132604,3,5000000,56,566270,146233386
08080,2008-07-10,4,14,22,25,29,32,14,131935706,2,5000000,37,492087,147833964
08081,2008-07-13,2,12,13,18,25,31,4,72356284,13,5000000,182,69494,164515530
08082,2008-07-15,4,8,10,12,21,26,9,81260097,3,5000000,52,197009,145747052
08083,2008-07-17,7,8,9,18,29,32,9,110369093,1,5000000,59,247765,148998496
08084,2008-07-20,4,7,13,20,29,30,16,96175310,5,5000000,133,189582,164902436
08085,2008-07-22,1,4,12,20,24,29,15,122468200,2,5000000,29,536348,147121156
08086,2008-07-24,4,5,10,26,27,30,12,127320587,1,5000000,37,621321,149218680
08087,2008-07-27,1,7,26,29,30,31,6,113351325,5,5000000,59,436243,165513430
08088,2008-07-29,1,6,8,16,17,23,5,101236320,4,5000000,40,459958,145378764
08089,2008-07-31,3,6,11,16,22,27,11,27499936,16,5000000,192,76120,152919280
08090,2008-08-03,2,7,14,18,19,24,1,47964342,3,5000000,96,158323,161612270
08091,2008-08-05,3,12,14,23,31,32,10,52601487,3,5000000,38,221471,144363788
08092,2008-08-07,1,3,18,27,28,30,5,39468357,9,5000000,43,317610,147648912
08093,2008-08-10,4,10,12,16,26,28,7,21460880,10,5000000,84,112206,155710670
08094,2008-08-12,1,4,15,16,23,28,14,51035380,0,0,45,281661,138848472
08095,2008-08-14,3,8,14,21,28,29,3,20550733,11,5000000,108,77441,141671626
08096,2008-08-17,6,8,12,24,27,31,14,55717575,1,5000000,83,207401,155836508
08097,2008-08-19,3,6,8,9,16,17,13,53916840,5,5000000,30,331418,139512854
08098,2008-08-21,6,7,10,11,15,30,1,80570714,1,5000000,55,246653,141788216
08099,2008-08-24,10,15,16,22,23,24,7,80391500,7,5000000,68,219458,161894814
08100,2008-08-26,8,14,17,21,27,28,14,67480016,8,5000000,121,95945,143116762
08101,2008-08-28,9,17,21,26,28,30,4,45685017,9,5000000,32,310781,146389400
08102,2008-08-31,3,7,12,21,25,32,5,46230420,6,5000000,106,123498,163061174
08103,2008-09-02,1,12,16,18,22,33,4,69864603,3,5000000,29,570948,145961956
08104,2008-09-04,3,6,8,17,24,31,1,90517482,2,5000000,101,130068,146186834
08105,2008-09-07,5,17,19,27,28,32,2,62624640,6,5000000,41,22026,166483810
08106,2008-09-09,14,19,25,27,29,30,15,88687594,1,5000000,24,554695,145583846
08107,2008-09-11,6,13,18,22,27,32,4,101974896,4,5000000,94,151765,145917756
08108,2008-09-14,9,10,15,17,23,30,12,108779387,1,5000000,70,393483,161811898
08109,2008-09-16,4,7,9,16,21,28,10,46577706,14,5000000,142,128141,149534090
08110,2008-09-18,10,16,22,23,29,31,2,73209813,1,5000000,35,387331,150162970
08111,2008-09-21,17,18,21,25,31,32,6,93807436,2,5000000,23,570142,165394226
08112,2008-09-23,5,13,14,19,22,23,6,129341859,0,0,38,400764,147917738
08113,2008-09-25,6,9,10,12,17,22,9,81751350,10,5000000,58,96933,154570240
08114,2008-09-28,4,9,20,24,25,31,14,95409920,4,5000000,69,209059,164160014
08115,2008-09-30,2,12,13,14,17,18,6,118662496,2,5000000,35,407174,135827902
08116,2008-10-02,3,7,21,22,24,29,14,117526488,3,5000000,88,367605,131959380
08117,2008-10-05,3,5,7,10,14,33,7,117361114,2,5000000,54,424953,159338244
08118,2008-10-07,4,9,16,27,31,33,1,123613595,1,5000000,43,610599,151771380
08119,2008-10-09,5,7,9,15,24,29,7,123128505,3,5000000,45,752625,159160812
08120,2008-10-12,10,11,22,24,26,33,2,135033500,1,5000000,42,939166,177325446
08121,2008-10-14,2,22,23,27,31,32,6,138101604,2,5000000,19,1604854,159325560
08122,2008-10-16,2,8,11,14,19,26,15,142776382,2,7000000,134,255530,183419190
08123,2008-10-19,10,11,15,16,25,29,2,152809210,2,7000000,83,563171,200338784
08124,2008-10-21,1,7,10,13,21,22,3,157531410,2,7000000,69,497852,182202870
08125,2008-10-23,10,11,12,15,26,29,9,149192508,4,6000000,41,663639,180560840
08126,2008-10-26,4,11,12,14,20,30,13,143629960,4,6000000,47,716752,198648614
08127,2008-10-28,5,8,19,22,27,30,13,146840901,3,6333333,163,260688,181580160
08128,2008-10-30,1,5,19,20,27,33,5,141696972,4,6000000,52,666618,181169198
08129,2008-11-02,1,3,18,24,25,32,15,157033001,1,9000000,100,474507,197717092
08130,2008-11-04,1,12,18,28,30,32,6,161632234,2,7000000,37,920672,181993644
08131,2008-11-06,2,12,15,18,22,32,8,128764083,7,5571428,59,84310,174029788
08132,2008-11-09,9,13,16,25,27,33,8,135183556,2,7000000,95,403285,196454404
08133,2008-11-11,8,11,16,19,24,26,11,80183554,11,5363636,79,6000,180872408
08134,2008-11-13,10,15,19,20,28,32,2,94010770,5,5800000,84,198098,184911938
08135,2008-11-16,5,14,15,16,19,21,15,130976410,2,7000000,51,394669,199297252
08136,2008-11-18,5,9,10,12,18,28,2,143763910,1,9000000,104,399078,175281498
08137,2008-11-20,1,4,24,28,29,33,9,134420368,4,6000000,21,1184051,178412318
08138,2008-11-23,7,14,19,23,25,32,4,116511474,6,5666666,44,641195,197283238
08139,2008-11-25,8,9,19,23,25,26,7,108497139,3,6333333,47,346806,180577258
08140,2008-11-27,7,14,16,29,30,31,14,84161756,7,5571428,38,654845,182798276
08141,2008-11-30,3,13,20,25,29,33,15,127460973,1,9000000,40,517491,198694026
08142,2008-12-02,5,6,10,13,17,28,15,110909554,7,5571428,127,338950,181220636
08143,2008-12-04,12,17,18,19,26,27,6,93237655,5,5800000,85,201163,175828406
08144,2008-12-07,2,5,10,27,29,33,15,125100184,4,6000000,41,542117,194035022
08145,2008-12-09,7,13,18,22,26,29,2,102065593,7,5571428,102,273718,178220662
08146,2008-12-11,7,8,17,19,31,32,10,77942543,7,5571428,79,321260,186410548
08147,2008-12-14,7,8,14,22,26,33,2,116318904,2,7000000,38,545598,201725324
08148,2008-12-16,3,5,9,22,26,28,9,118780453,1,9000000,56,310897,184713626
08149,2008-12-18,10,14,22,28,29,33,2,109689174,6,5666666,43,1134582,192954686
08150,2008-12-21,4,19,22,24,29,32,2,122143128,2,7000000,41,1277867,199701670
08151,2008-12-23,6,8,10,14,17,19,6,104993154,6,5666666,45,666297,178836934
08152,2008-12-25,1,4,6,22,26,30,8,96725236,4,6000000,46,595105,185010624
08153,2008-12-28,1,4,18,21,24,30,16,115517390,2,7000000,40,308487,203192356
08154,2008-12-30,2,5,7,21,22,26,8,105212795,5,5800000,89,385272,187460204
09001,2009-01-01,4,21,23,24,30,31,4,139963106,1,14000000,36,532741,188339912
09002,2009-01-04,10,14,17,25,29,33,14,148564860,5,8488140,143,140986,214099642
09003,2009-01-06,2,3,6,15,25,30,2,184833086,1,14000000,45,440649,191963484
09004,2009-01-08,3,11,13,17,28,31,3,164435256,8,6480108,84,140015,196964008
09005,2009-01-11,1,3,8,15,17,21,13,150370376,8,6796756,76,204750,213622966
09006,2009-01-13,6,12,18,20,26,33,2,172457546,2,10000000,80,225466,184731320
09007,2009-01-15,1,5,12,23,25,26,15,163208038,7,6471456,42,367864,185060730
09008,2009-01-18,4,15,16,22,32,33,2,172397120,4,7918908,99,176903,207103370
09009,2009-01-20,8,15,21,30,31,33,2,195864714,2,10000000,35,532256,181279024
09010,2009-01-22,3,10,17,19,20,24,2,240301198,0,0,100,190442,189703670
09011,2009-02-01,2,4,13,14,18,23,15,260497594,2,10000000,55,313218,189123128
09012,2009-02-03,5,11,14,17,18,28,1,265024872,4,7452727,80,183954,175832284
09013,2009-02-05,4,8,9,21,26,27,9,252907356,4,5788248,118,40080,182623460
09014,2009-02-08,3,6,9,14,15,18,2,259603164,4,7669580,70,228821,209566064
09015,2009-02-10,2,4,6,15,17,32,5,280999811,1,10000000,37,363667,185426162
09016,2009-02-12,2,7,13,16,20,33,3,265498528,8,6224936,85,172932,193953514
09017,2009-02-15,6,14,15,19,25,26,8,259534635,5,6522888,70,163166,214067758
09018,2009-02-17,2,5,6,19,27,30,15,268726136,4,7919150,78,224550,194471112
09019,2009-02-19,6,17,19,20,26,27,4,304117385,0,0,76,199574,193303346
09020,2009-02-22,3,5,7,10,19,23,13,315891352,4,8177396,65,293298,231854880
09021,2009-02-24,1,4,5,17,24,27,9,321957786,3,7808857,52,243074,207029170
09022,2009-02-26,5,8,9,10,11,18,8,322713790,5,7060480,69,223965,212225776
09023,2009-03-01,1,6,7,15,24,30,8,342515538,3,9640233,67,311657,229895788
09024,2009-03-03,1,3,17,23,30,33,12,342914844,3,7053240,51,181168,208357346
09025,2009-03-05,10,20,22,23,26,33,11,349045602,3,7817434,23,551237,208731366
09026,2009-03-08,11,15,17,18,20,30,16,351118314,6,7138180,73,263611,232338570
09027,2009-03-10,2,7,11,16,27,32,6,271912458,19,5332508,153,61937,210676594
09028,2009-03-12,3,6,12,15,23,26,10,74192493,41,5071025,258,16930,212975332
09029,2009-03-15,12,13,15,22,23,29,13,105172029,3,5000000,65,303161,243921424
09030,2009-03-17,8,14,24,26,28,32,7,65172024,8,5000000,56,6000,218775106
09031,2009-03-19,1,2,3,15,30,33,1,78366498,6,5000000,66,280483,220305014
09032,2009-03-22,9,11,12,19,27,32,6,103112040,3,5000000,102,166998,231465250
09033,2009-03-24,7,8,13,14,29,30,6,106568418,6,7230425,125,160590,212148538
09034,2009-03-26,9,12,18,21,22,26,7,112700695,5,7490582,107,174573,214772934
09035,2009-03-29,6,15,21,26,29,31,5,110757102,6,6870427,87,193492,236221934
09036,2009-03-31,6,9,18,23,32,33,7,111106317,7,7019955,69,307384,215060184
09037,2009-04-02,2,6,15,18,20,31,3,143838132,1,10000000,59,310400,213602348
09038,2009-04-05,12,13,15,23,28,32,5,80229620,20,5727829,52,419901,229578934
09039,2009-04-07,5,12,14,15,21,27,3,110627535,3,5000000,81,240200,207130808
09040,2009-04-09,4,7,10,20,26,30,12,45714888,21,5192140,246,24603,212931272
09041,2009-04-12,1,8,23,26,28,33,8,50284857,9,5000000,45,186380,229731450
09042,2009-04-14,8,16,22,23,27,30,11,66936596,2,5000000,79,144584,207877744
09043,2009-04-16,4,9,10,15,18,26,7,72474230,5,5000000,110,118977,211334106
09044,2009-04-19,11,14,16,18,26,30,1,115105218,2,5000000,50,451122,229851250
09045,2009-04-21,3,4,6,23,30,32,1,170687987,0,0,39,610799,210992934
09046,2009-04-23,16,20,21,26,29,30,9,170377314,3,6958577,37,238205,212241096
09047,2009-04-26,6,8,11,15,21,22,16,178087150,5,7616787,99,198241,236616310
09048,2009-04-28,3,7,11,15,17,31,1,196214620,4,8812747,85,269135,210372082
09049,2009-04-30,9,12,14,20,30,31,6,197639586,3,7189995,45,218999,204405802
09050,2009-05-03,13,21,24,29,30,32,4,213518652,3,9117209,35,529355,223078776
09051,2009-05-05,6,10,13,16,21,23,7,210276470,5,6740625,69,189198,211832930
09052,2009-05-07,9,11,15,19,21,30,8,190191519,9,6107335,66,226500,215699408
09053,2009-05-10,7,12,18,19,22,28,4,202797176,4,8260566,239,81855,231922796
09054,2009-05-12,16,17,23,26,31,32,11,192320136,6,6301530,73,160462,212918588
09055,2009-05-14,3,4,18,22,24,29,11,214221969,3,9920244,69,320885,213511884
09056,2009-05-17,4,9,10,18,29,32,8,218862140,5,7371213,66,269456,232354314
09057,2009-05-19,5,7,10,14,17,25,11,218792028,6,6995326,180,99766,209587496
09058,2009-05-21,5,8,10,15,23,26,9,171214875,13,5536087,150,69691,211477696
09059,2009-05-24,3,7,13,23,27,30,11,199269816,2,10000000,184,111929,236158050
09060,2009-05-26,7,13,17,26,32,33,4,224183916,2,10000000,40,481222,214031372
09061,2009-05-28,10,11,13,16,19,30,3,260474031,1,10000000,32,619956,202235730
09062,2009-05-31,10,19,20,21,23,32,10,252528787,7,6545986,120,135273,239346092
09063,2009-06-02,2,5,11,26,30,32,16,300980246,0,0,47,441806,210071776
09064,2009-06-04,1,2,14,23,28,29,15,313149980,4,8216973,66,292452,226247318
09065,2009-06-07,8,12,20,22,30,33,2,308574135,5,6633932,63,194515,242812406
09066,2009-06-09,2,15,19,24,31,32,4,299814732,4,8624059,34,639539,218893000
09067,2009-06-11,4,10,16,23,28,30,5,261496188,12,5722715,168,77433,219034212
09068,2009-06-14,6,11,18,20,25,30,5,242438490,10,6237692,213,87161,241709362
09069,2009-06-16,3,5,12,18,21,23,2,234034416,7,6519767,157,101640,218479274
09070,2009-06-18,1,2,9,10,21,31,10,246355720,4,8232130,42,461732,219945468
09071,2009-06-21,4,5,23,26,31,32,6,250678205,5,7345798,40,439837,231131078
09072,2009-06-23,1,3,12,20,21,29,4,247623670,7,6825455,40,479182,211601456
09073,2009-06-25,9,16,17,18,22,27,14,167623664,16,5000000,103,6000,208376662
09074,2009-06-28,5,10,16,19,23,28,13,68676204,28,5157893,296,22403,223339000
09075,2009-06-30,1,13,15,17,20,30,5,102504840,1,5000000,53,313978,198114500
09076,2009-07-02,9,18,19,25,28,31,6,30000000,29,4834333,98,164828,202715574
09077,2009-07-05,1,9,14,16,28,32,16,61683808,4,5000000,75,295336,216463266
09078,2009-07-07,5,7,12,14,15,20,13,93411342,2,5000000,88,203218,196218272
09079,2009-07-09,2,9,16,21,30,31,13,133772824,1,5000000,122,159349,200470322
09080,2009-07-12,1,11,13,25,32,33,6,145301904,4,8152908,48,394113,220533638
09081,2009-07-14,4,5,6,25,29,30,3,171454521,1,10000000,56,276678,198933210
09082,2009-07-16,11,15,18,21,27,29,2,190914628,2,10000000,52,325220,200877058
09083,2009-07-19,2,8,12,18,24,28,4,161490252,11,5930022,361,42507,219733470
09084,2009-07-21,4,9,11,20,32,33,13,187152834,2,10000000,53,369239,198945272
09085,2009-07-23,4,8,12,17,20,30,3,179416312,8,6613174,93,208151,201602548
09086,2009-07-26,11,12,13,18,23,32,11,192178002,3,8701558,47,354404,222559596
09087,2009-07-28,6,11,13,20,28,32,6,209161942,2,10000000,40,396256,201493798
09088,2009-07-30,4,7,11,15,16,17,2,252704834,0,0,78,239246,204688536
09089,2009-08-02,2,3,7,11,19,32,4,276593622,2,10000000,58,324301,230854186
09090,2009-08-04,7,9,14,20,23,30,14,287832879,3,8498567,137,114916,206728590
09091,2009-08-06,3,8,11,14,25,29,4,303468948,4,8563606,168,127271,211875120
09092,2009-08-09,2,6,7,14,18,31,8,298051302,6,6638823,66,223475,233413914
09093,2009-08-11,1,11,20,31,32,33,1,215414283,21,5425961,198,67766,209331254
09094,2009-08-13,3,16,22,25,26,33,14,237780876,3,9982212,90,249110,207069924
09095,2009-08-16,8,9,14,28,31,33,15,284973985,0,0,39,518605,226862140
09096,2009-08-18,1,26,27,31,32,33,3,312914368,2,10000000,93,220923,209639476
09097,2009-08-20,7,13,24,26,28,32,14,330759140,4,8784477,50,454137,209714238
09098,2009-08-23,3,14,15,20,23,30,2,302262070,11,5963743,265,60006,234823318
09099,2009-08-25,8,9,18,20,25,29,9,215008974,18,5061042,243,6782,215841514
09100,2009-08-27,2,11,17,27,30,33,11,199315403,7,6103224,75,154451,213445814
09101,2009-08-30,1,2,5,10,19,24,14,251620680,0,0,112,200147,235272092
09102,2009-09-01,3,5,7,8,14,31,10,241353840,7,6413323,63,235553,211207990
09103,2009-09-03,6,11,17,20,23,24,9,220236030,10,6155287,53,326968,215101390
09104,2009-09-06,20,22,26,29,30,32,16,231255420,5,7881551,39,554144,233718766
09105,2009-09-08,2,8,10,16,27,30,15,254322534,2,10000000,103,179197,208614594
09106,2009-09-10,1,2,15,18,20,29,4,263344464,4,7902193,48,362774,218443162
09107,2009-09-13,7,8,20,23,28,29,5,267698792,4,7435433,70,208751,239917960
09108,2009-09-15,4,10,17,28,32,33,2,267096455,5,6951813,78,187674,215736244
09109,2009-09-17,5,6,7,14,25,28,1,316308525,0,0,78,270395,220168836
09110,2009-09-20,4,10,13,15,19,30,14,346996620,2,10000000,105,206890,245158100
09111,2009-09-22,2,4,7,14,15,25,15,364938288,3,9392222,48,411770,224881094
09112,2009-09-24,6,7,18,24,30,32,9,362067750,6,6808630,55,295957,227610064
09113,2009-09-27,4,12,20,25,28,29,16,356795904,8,6736407,126,165372,250863766
09114,2009-09-29,3,5,11,12,31,32,11,333350496,9,5957982,182,71059,222577144
09115,2009-10-01,2,9,13,15,19,24,3,361935248,1,10000000,61,271087,198302256
09116,2009-10-04,5,17,21,25,27,32,14,359260188,7,6847139,53,365942,221054568
09117,2009-10-06,5,9,15,21,26,31,13,342716160,8,6172798,147,95738,202883414
09118,2009-10-08,12,16,25,26,27,31,5,30000000,93,4090714,43,375949,215790310
09119,2009-10-11,6,7,10,12,15,21,5,104197248,1,5000000,55,383355,232178172
09120,2009-10-13,1,2,8,12,16,30,16,136765954,2,10000000,60,375490,222194270
09121,2009-10-15,2,4,6,10,25,30,9,119379168,8,6755661,72,188443,239496416
09122,2009-10-18,7,14,16,27,29,32,1,134110885,5,9178537,154,154798,266208716
09123,2009-10-20,9,13,20,22,25,28,14,141330492,3,9629280,83,160623,237742194
09124,2009-10-22,3,4,22,23,28,30,10,125960139,9,6872428,65,273504,249561480
09125,2009-10-25,6,7,8,22,26,27,12,101788576,8,6416421,93,102118,262970658
09126,2009-10-27,3,5,6,10,19,23,15,104063082,6,7984966,101,191729,235506694
09127,2009-10-29,2,11,12,14,15,16,4,59888052,14,6094998,98,158112,243177980
09128,2009-11-01,5,8,15,16,26,32,1,110810788,2,7500000,162,161171,261066840
09129,2009-11-03,6,7,16,17,24,25,7,40810780,20,5250000,169,6000,231824092
09130,2009-11-05,2,3,7,12,13,30,11,57204927,3,6666666,80,168182,235462772
09131,2009-11-08,16,23,25,26,32,33,5,101914158,2,7500000,44,532882,265379234
09132,2009-11-10,4,14,15,21,23,30,7,68350516,13,6351887,130,145090,227359216
09133,2009-11-12,5,9,13,18,20,32,1,91131470,5,6000000,200,102387,219891024
09134,2009-11-15,3,5,12,15,28,33,6,61631400,10,5500000,65,135164,246133544
09135,2009-11-17,1,3,14,19,30,33,16,61897032,9,5555555,129,150384,218222340
09136,2009-11-19,1,4,14,22,30,33,1,111364688,2,7500000,44,579230,222662662
09137,2009-11-22,8,12,14,15,17,21,1,156092638,2,12500000,42,660489,250971196
09138,2009-11-24,4,7,14,26,32,33,14,145792626,7,7125713,46,322173,229193984
09139,2009-11-26,1,5,15,17,27,29,2,171149654,2,12500000,77,252451,235679662
09140,2009-11-29,4,5,11,18,22,33,12,205085084,1,15000000,71,265203,257453092
09141,2009-12-01,2,13,21,28,29,31,9,140142300,15,5601525,77,78367,237668962
09142,2009-12-03,7,11,15,19,20,24,13,113984610,10,6453692,142,100742,240043572
09143,2009-12-06,5,9,11,17,23,28,10,53932326,22,5589957,214,55928,266083890
09144,2009-12-08,1,5,10,17,18,29,12,76340805,5,6000000,87,233539,234614110
09145,2009-12-10,3,5,11,15,26,33,11,44152572,12,5416666,133,89619,238886876
09146,2009-12-13,3,9,16,20,22,33,15,61100095,7,5714285,89,250148,265187498
09147,2009-12-15,6,8,10,18,22,32,16,92511843,3,6666666,126,157863,229746022
09148,2009-12-17,6,12,15,22,29,32,10,128462721,3,6666666,117,186633,234965094
09149,2009-12-20,1,3,16,18,22,29,4,140238365,5,8942051,64,344771,260445758
09150,2009-12-22,4,6,7,16,19,20,4,178039060,2,12500000,68,364290,240949072
09151,2009-12-24,6,8,10,16,25,30,14,185770965,5,8618552,212,92637,242662946
09152,2009-12-27,3,4,19,21,27,28,5,182412036,6,7609404,96,166506,262814730
09153,2009-12-29,6,7,8,20,21,25,10,167890446,9,6910151,277,66018,238623826
09154,2009-12-31,1,7,12,14,18,25,16,188256928,4,10286648,91,266152,250550710
10001,2010-01-03,7,17,18,27,29,32,13,189355152,7,7777040,95,227988,260561792
10002,2010-01-05,3,6,7,23,30,33,13,224648194,2,12500000,47,504191,230644990
10003,2010-01-07,14,22,26,27,28,31,4,247194639,3,11666666,66,341210,236297494
10004,2010-01-10,1,12,13,16,23,28,7,254169908,4,8947527,53,305380,262213890
10005,2010-01-12,3,5,6,8,17,18,14,252718396,7,7631341,105,191705,239722776
10006,2010-01-14,3,5,7,13,14,18,5,229872250,10,6586154,94,173322,245619296
10007,2010-01-17,14,22,27,28,30,33,14,270535038,3,10000000,111,272829,273993220
10008,2010-01-19,5,7,13,15,18,30,14,303068871,3,10000000,61,439347,244041538
10009,2010-01-21,1,9,13,21,24,32,6,279681540,10,6064506,109,146491,243000026
10010,2010-01-24,7,8,12,15,22,26,8,184681539,19,5000000,119,6000,268314736
10011,2010-01-26,7,8,14,22,24,30,7,208969710,2,10000000,53,358125,241790928
10012,2010-01-28,2,8,13,14,25,33,10,185893268,11,6160856,129,148481,242397004
10013,2010-01-31,1,2,3,16,18,23,12,89297775,25,5454472,171,99664,263984534
10014,2010-02-02,1,3,7,14,26,28,2,116765796,3,5000000,86,211634,225210868
10015,2010-02-04,1,4,16,21,23,28,6,164365828,0,0,77,264935,228269280
10016,2010-02-07,2,8,10,12,30,33,16,159326008,8,6748009,83,252724,254137478
10017,2010-02-09,1,3,6,11,12,23,11,132229206,9,5795697,52,206575,221450104
10018,2010-02-11,11,28,29,30,32,33,2,156455688,3,10000000,88,264090,229188092
10019,2010-02-21,2,10,22,24,26,27,6,182320448,2,10000000,68,289063,234815252
10020,2010-02-23,5,6,14,22,24,26,9,95136920,20,5256329,40,192247,215066270
10021,2010-02-25,2,9,16,17,19,25,4,106625245,5,5000000,81,193059,217152080
10022,2010-02-28,1,2,18,29,31,32,2,125523464,4,8889822,76,307091,245991044
10023,2010-03-02,2,9,11,22,24,27,11,119787710,7,6672242,67,262067,220109148
10024,2010-03-04,7,16,26,27,29,31,14,129470556,4,7968284,58,307063,224928938
10025,2010-03-07,4,5,7,10,13,25,11,133189084,7,7212487,107,217113,248648212
10026,2010-03-09,2,4,5,8,19,22,12,150691839,3,9333700,65,300025,220382336
10027,2010-03-11,3,4,15,25,26,30,13,144930639,7,6670788,141,124420,234693930
10028,2010-03-14,1,3,6,12,16,32,12,184385240,2,10000000,149,171010,256691698
10029,2010-03-16,1,5,14,16,17,22,3,160680592,8,5814767,57,171530,236373590
10030,2010-03-18,3,6,10,16,25,31,5,161999500,4,7131891,114,112204,239533728
10031,2010-03-21,5,7,13,24,25,28,4,131780112,12,5992687,202,88457,267151062
10032,2010-03-23,8,18,21,28,29,33,8,30000000,35,3918553,193,11922,236489598
10033,2010-03-25,8,10,11,12,25,29,9,30000000,14,4049593,85,134593,224347302
10034,2010-03-28,6,11,13,22,25,32,12,64363617,3,5000000,106,199583,252670562
10035,2010-03-30,9,10,11,18,19,21,10,44965300,10,5000000,78,168141,228911294
10036,2010-04-01,6,13,14,28,29,30,8,35828200,10,5000000,157,111545,229557916
10037,2010-04-04,3,16,19,21,24,26,6,69165892,1,5000000,35,469441,247240280
10038,2010-04-06,1,6,7,11,13,16,1,61171668,9,5000000,47,337438,226161590
10039,2010-04-08,8,17,21,23,25,32,12,107909662,1,5000000,49,452518,226833664
10040,2010-04-11,12,19,24,25,30,32,11,110698090,5,7223074,73,228398,257165686
10041,2010-04-13,3,5,13,19,25,29,12,116268750,6,7371377,170,125543,232591320
10042,2010-04-15,3,6,11,20,31,32,10,112387849,7,6778234,92,202950,231323160
10043,2010-04-18,4,10,19,22,28,33,4,128312224,4,8592437,139,155069,265889144
10044,2010-04-20,3,9,21,23,27,31,5,76358160,15,5614558,125,110620,237978418
10045,2010-04-22,2,3,4,13,20,29,1,72583137,11,5000000,130,168873,235205392
10046,2010-04-25,11,12,21,23,27,32,5,122776494,2,5000000,66,390865,257876882
10047,2010-04-27,3,10,13,20,21,32,15,127710520,4,7493402,83,180245,230736816
10048,2010-04-29,1,6,8,10,23,33,2,144359586,3,9219875,100,189894,227901710
10049,2010-05-02,1,6,10,26,27,28,2,172606158,2,10000000,54,382909,238207928
10050,2010-05-04,7,21,22,26,28,30,11,187830266,2,10000000,61,247476,217484954
10051,2010-05-06,4,17,23,27,28,32,3,171582525,9,6277878,42,410746,229638378
10052,2010-05-09,1,2,19,23,27,29,10,187259932,4,8567740,39,548883,254114154
10053,2010-05-11,3,22,24,27,28,30,14,202467090,3,9027621,48,377589,233188676
10054,2010-05-13,1,6,8,12,14,25,6,200266356,6,6853284,76,219467,240532550
10055,2010-05-16,2,3,13,19,20,23,8,167046450,10,5671204,92,109435,265950816
10056,2010-05-18,1,2,3,8,13,32,7,144121435,5,5165998,28,44463,243521976
10057,2010-05-20,5,11,12,19,25,32,5,79463070,18,5563147,286,53164,241998022
10058,2010-05-23,1,4,11,17,19,29,12,97559109,3,5000000,68,208588,258079782
10059,2010-05-25,1,9,11,12,18,30,10,110448675,3,5000000,51,234366,232718404
10060,2010-05-27,1,8,15,18,22,27,9,102409895,5,6356897,77,132165,239669684
10061,2010-05-30,2,4,16,19,22,26,12,122145796,4,8973590,55,433482,261848018
10062,2010-06-01,11,13,15,20,31,33,3,153894811,1,10000000,42,426010,235535320
10063,2010-06-03,2,6,10,17,23,24,3,160977474,6,7472177,110,202269,236083458
10064,2010-06-06,8,14,25,26,30,31,11,144757616,8,6189007,73,195453,259371022
10065,2010-06-08,2,7,8,17,30,32,12,156497436,4,8173982,59,322777,234372332
10066,2010-06-10,1,3,21,22,31,32,7,178105520,2,10000000,100,178320,237425002
10067,2010-06-13,1,7,10,14,21,25,1,210515402,2,10000000,109,206067,258825118
10068,2010-06-15,3,13,18,20,23,28,13,162443021,13,5520849,176,57707,215863382
10069,2010-06-17,12,14,20,22,24,32,11,192202020,2,10000000,90,236947,225582108
10070,2010-06-20,8,13,23,27,31,33,7,201343140,6,7609408,117,200723,254342696
10071,2010-06-22,5,13,14,17,20,26,1,226135872,3,10000000,96,244610,232948886
10072,2010-06-24,6,8,22,23,30,31,1,252006552,3,10000000,187,128045,235231488
10073,2010-06-27,1,16,20,23,27,31,2,276101361,3,10000000,29,799430,263364832
10074,2010-06-29,2,10,17,18,19,29,15,261116352,9,6333999,177,101745,236056644
10075,2010-07-01,5,9,12,13,15,22,14,263060130,5,7155502,107,151086,229619238
10076,2010-07-04,1,12,14,29,31,32,15,306216932,2,10000000,63,429638,249655268
10077,2010-07-06,2,8,14,20,21,24,9,315959373,3,8298992,48,309280,233330914
10078,2010-07-08,1,3,9,11,17,23,12,302715558,6,6117079,119,84484,240635560
10079,2010-07-11,8,11,12,14,18,22,2,321832084,4,8911652,112,209552,269970928
10080,2010-07-13,8,10,13,14,16,23,16,325852197,3,7536015,71,160733,241525992
10081,2010-07-15,2,3,9,24,26,27,5,337006341,3,8487219,68,230771,242647146
10082,2010-07-18,1,8,13,14,27,31,2,342091855,7,7290600,226,106421,266766152
10083,2010-07-20,2,20,21,22,23,31,12,361652319,3,9608061,41,505762,239182242
10084,2010-07-22,2,10,14,18,20,30,3,368329515,5,7534175,57,333444,243838210
10085,2010-07-25,1,8,12,13,24,27,8,258388125,25,5240937,518,17442,275602494
10086,2010-07-27,5,21,28,29,30,31,8,299513812,1,10000000,42,521690,243138962
10087,2010-07-29,1,8,16,17,25,30,10,278080281,9,6047398,107,132148,235879868
10088,2010-08-01,5,6,15,23,27,30,12,231375816,14,5665586,100,139773,264168238
10089,2010-08-03,7,8,9,16,23,26,1,226126120,8,6737515,110,189547,239719796
10090,2010-08-05,1,6,10,15,25,31,14,242084181,3,9127741,198,93812,232731512
10091,2010-08-08,6,13,16,20,22,24,16,232206160,10,6604879,77,312638,266211592
10092,2010-08-10,3,13,19,27,28,30,2,30000000,55,5059590,161,122638,235395046
10093,2010-08-12,9,10,19,28,32,33,6,30846725,11,5000000,115,96323,214376608
10094,2010-08-15,3,5,7,27,31,32,10,28759580,10,5000000,63,325937,250015372
10095,2010-08-17,9,11,16,17,25,27,14,52335356,4,5000000,65,287312,226093634
10096,2010-08-19,7,12,21,23,24,28,3,39097968,16,5000000,97,162426,235984000
10097,2010-08-22,10,16,18,21,24,26,1,97825621,1,5000000,61,447735,263433286
10098,2010-08-24,1,3,8,16,29,33,7,90075708,6,5000000,63,151361,235404960
10099,2010-08-26,3,4,17,24,27,30,6,125043492,2,5000000,220,87599,240688192
10100,2010-08-29,1,6,12,22,23,26,8,78136487,13,5556707,110,98689,271091664
10101,2010-08-31,4,9,18,21,25,26,6,109636800,5,5000000,93,260370,245688390
10102,2010-09-02,4,11,16,20,22,29,10,117855152,4,7821835,61,277557,243505778
10103,2010-09-05,6,9,14,17,20,33,9,104968990,7,6263648,81,163806,278768450
10104,2010-09-07,7,17,23,24,27,32,2,86741347,11,6337176,90,245149,248944388
10105,2010-09-09,1,8,9,19,21,31,11,30000000,24,3821830,199,10730,244881210
10106,2010-09-12,2,6,8,15,26,29,16,56725410,5,5000000,141,157220,263785876
10107,2010-09-14,8,12,15,17,22,33,16,113189084,1,5000000,39,675424,237514142
10108,2010-09-16,2,4,8,20,23,24,7,138341254,2,10000000,36,537525,240681452
10109,2010-09-19,4,15,18,25,29,32,15,128589910,10,6609946,80,301864,270100048
10110,2010-09-21,1,3,12,24,26,27,1,99634210,13,6109055,74,292251,230609584
10111,2010-09-23,4,7,8,13,17,18,10,142526411,0,0,58,316937,223004690
10112,2010-09-26,1,8,18,24,29,30,16,199944920,1,10000000,124,233013,276435492
10113,2010-09-28,5,10,15,18,20,28,10,221251005,3,9840811,256,85092,245484314
10114,2010-09-30,1,8,11,15,17,25,1,231087438,6,7655762,63,379394,249642432
10115,2010-10-03,1,22,24,25,29,33,15,291680631,0,0,55,472154,254889502
10116,2010-10-05,5,9,10,20,22,26,7,43362216,54,5160604,113,115123,236885436
10117,2010-10-07,1,8,20,22,24,28,1,43404219,9,5000000,92,209822,232007386
10118,2010-10-10,5,8,11,13,15,25,5,46394658,14,5000000,126,146226,278863970
10119,2010-10-12,7,17,25,27,30,31,9,30000000,19,4556886,165,91392,260972766
10120,2010-10-14,1,2,5,6,10,29,16,76099293,3,6666666,41,638668,260841502
10121,2010-10-17,8,11,13,18,25,30,15,123843444,2,7500000,116,213340,288389490
10122,2010-10-19,2,9,12,16,25,27,6,135863964,4,9452052,113,170020,270548316
10123,2010-10-21,6,12,15,18,29,32,10,92347814,13,6045656,109,118259,278792718
10124,2010-10-24,2,6,8,11,12,25,2,86330028,12,5416666,192,120496,303307488
10125,2010-10-26,6,7,13,23,28,29,9,103319060,5,6000000,146,123255,266084300
10126,2010-10-28,3,13,18,20,27,28,5,101922030,7,7634455,108,186683,272220524
10127,2010-10-31,1,4,8,17,25,33,1,30000000,58,1965524,385,7879,308473622
10128,2010-11-02,4,11,19,20,24,28,12,30000000,19,3960319,132,130669,264631266
10129,2010-11-04,4,8,14,25,28,32,16,86641823,0,0,100,242750,263068470
10130,2010-11-07,1,2,7,15,21,31,16,153897490,1,10000000,97,319244,301606730
10131,2010-11-09,5,6,15,16,19,26,6,122106216,12,6773623,185,91487,275057550
10132,2010-11-11,2,10,12,18,24,33,15,139725230,5,9409521,75,340952,277931070
10133,2010-11-14,3,9,17,21,26,32,1,130994343,9,7167515,320,68004,302743538
10134,2010-11-16,9,15,16,22,27,28,6,144560712,6,8737757,105,248950,274898772
10135,2010-11-18,4,10,13,25,26,30,10,34195595,23,5297997,221,12583,279317018
10136,2010-11-21,4,10,23,24,26,33,10,106215220,1,10000000,62,532393,305525370
10137,2010-11-23,7,9,10,13,19,33,6,143997526,2,12500000,89,278245,275941138
10138,2010-11-25,1,21,23,24,26,30,5,204162271,0,0,34,758379,280036566
10139,2010-11-28,11,13,18,20,26,31,9,208783224,4,9962095,121,122087,319407618
10140,2010-11-30,1,12,13,18,26,29,15,236244572,4,10996134,51,558368,296121968
10141,2010-12-02,2,3,7,18,23,27,6,243640236,6,8326377,177,126764,297319014
10142,2010-12-05,2,16,18,23,26,27,10,247417472,4,8627723,78,182901,330364770
10143,2010-12-07,9,16,18,26,30,31,14,276523611,3,11666666,54,469096,298251128
10144,2010-12-09,2,3,8,15,19,21,11,292556540,4,9853292,77,280776,301323048
10145,2010-12-12,3,21,24,27,28,31,8,320318914,2,12500000,71,288304,326191770
10146,2010-12-14,1,17,18,22,25,32,1,335895280,5,9246109,174,139918,300076660
10147,2010-12-16,2,8,15,18,24,30,3,294170505,15,6220672,342,58377,295337382
10148,2010-12-19,1,3,7,18,23,27,12,133060932,36,5348781,1162,9754,338741658
10149,2010-12-21,2,7,8,16,25,30,9,35816650,25,5644091,210,79302,300479738
10150,2010-12-23,2,17,18,23,29,30,6,38712480,12,5416666,104,135559,287200078
10151,2010-12-26,2,13,14,17,19,26,14,84862932,6,5833333,99,329655,315507700
10152,2010-12-28,4,9,17,21,25,31,1,89523115,11,5454545,244,104789,283747722
10153,2010-12-30,3,6,12,19,30,31,13,62813580,15,5333333,124,166902,287732956
11001,2011-01-02,3,9,20,24,26,32,10,56048886,9,5555555,76,215612,290720992
11002,2011-01-04,6,8,12,17,28,33,5,65840887,7,5714285,102,188201,270533954
11003,2011-01-06,13,14,21,22,23,27,4,30000000,14,5060062,50,6000,272943652
11004,2011-01-09,4,6,8,10,13,26,5,79273990,2,7500000,119,213471,283728968
11005,2011-01-11,6,9,12,14,20,22,13,131726338,1,10000000,109,225893,258389670
11006,2011-01-13,1,3,5,13,16,18,5,173812378,2,10000000,95,280087,265273552
11007,2011-01-16,1,9,17,24,26,31,5,192931056,6,8274578,96,306991,292948810
11008,2011-01-18,10,12,13,17,24,31,15,222261453,3,10000000,50,508546,259069374
11009,2011-01-20,17,18,23,24,25,26,4,238238346,3,9130252,90,206512,264626108
11010,2011-01-23,1,4,5,9,15,19,13,231041745,9,6680151,118,192220,286472328
11011,2011-01-25,1,12,18,19,21,24,10,201782950,10,5829648,73,170475,255418250
11012,2011-01-27,7,8,11,13,15,26,13,225444452,4,9366150,124,211265,260393668
11013,2011-01-30,1,3,13,16,21,22,8,215363832,8,6495969,41,437844,288823754
11014,2011-02-01,5,7,10,11,23,26,16,215554297,7,7010883,156,135347,264496608
11015,2011-02-10,3,6,13,26,27,29,7,188641296,9,5803866,110,98656,254777566
11016,2011-02-13,3,4,16,17,22,29,13,207072515,5,8474497,107,243539,282026694
11017,2011-02-15,2,6,15,23,26,33,8,225345842,2,10000000,141,116332,258279824
11018,2011-02-17,13,15,18,28,30,33,1,224589050,7,6956754,98,209652,273159286
11019,2011-02-20,2,4,12,19,32,33,16,269555166,3,10000000,51,629967,309122016
11020,2011-02-22,12,16,17,19,24,30,5,282029310,5,7997931,51,440872,278341148
11021,2011-02-24,1,2,14,18,25,31,8,263047410,9,6156360,226,69074,287463484
11022,2011-02-27,2,7,14,16,17,21,5,266896557,9,7171073,51,574695,317202954
11023,2011-03-01,2,3,6,21,22,25,5,299312679,3,10000000,71,376757,280592202
11024,2011-03-03,5,7,10,19,26,31,14,300509912,8,7059861,194,127414,293532026
11025,2011-03-06,8,25,26,31,32,33,9,310916704,4,8040679,80,228050,335345846
11026,2011-03-08,7,8,17,19,21,26,12,286659780,10,6029723,296,52181,301792690
11027,2011-03-10,13,18,21,22,25,26,1,306462410,5,8584210,105,256015,304417422
11028,2011-03-13,1,4,5,14,16,17,1,336747720,6,9019020,148,244399,341754088
11029,2011-03-15,1,4,9,10,20,31,7,336778491,7,7001758,98,214474,298361906
11030,2011-03-17,2,9,19,24,25,33,10,262866360,20,5521757,145,107949,304099208
11031,2011-03-20,16,17,24,28,29,32,12,323047830,1,10000000,52,578418,336612714
11032,2011-03-22,3,5,7,13,14,15,15,292867289,13,6071368,230,90833,302968920
11033,2011-03-24,2,8,12,13,19,29,4,280673240,8,6390297,212,78696,307522678
11034,2011-03-27,13,14,17,19,24,31,8,281169434,7,7028354,44,484039,345909126
11035,2011-03-29,13,14,18,20,27,31,2,306634971,3,10000000,96,247614,311694488
11036,2011-03-31,2,11,20,22,24,31,5,314551555,5,7633326,114,173245,315826494
11037,2011-04-03,1,3,4,6,17,25,11,283276620,10,5749002,106,105990,330231608
11038,2011-04-05,2,14,15,19,23,24,12,308494455,3,10000000,92,257225,289140916
11039,2011-04-07,3,7,10,16,24,29,13,313782252,6,7352520,188,112620,311094814
11040,2011-04-10,5,11,14,24,26,28,13,348347810,5,9765244,77,464147,345011574
11041,2011-04-12,4,10,12,13,30,32,13,397699998,3,10000000,93,365678,308500156
11042,2011-04-14,5,13,15,17,19,21,15,420622284,6,8528152,107,296760,321302904
11043,2011-04-17,4,13,14,17,25,31,4,64796400,75,5102262,259,44418,358996258
11044,2011-04-19,3,14,16,26,27,31,9,46868535,9,5000000,144,80571,289688506
11045,2011-04-21,2,16,17,20,26,32,8,30057041,13,5000000,69,293096,296409720
11046,2011-04-24,9,17,18,26,29,30,8,30951895,15,5000000,241,106511,322849314
11047,2011-04-26,4,13,23,25,27,33,14,76536648,3,5000000,78,332883,278338352
11048,2011-04-28,10,14,18,25,26,27,15,141967976,0,0,65,431415,280257800
11049,2011-05-01,1,11,17,18,27,31,14,192320366,2,10000000,188,160377,298097446
11050,2011-05-03,4,5,19,22,28,29,15,206947968,6,7975173,141,189904,276013398
11051,2011-05-05,1,7,11,14,15,16,14,230583935,5,8890877,65,448947,289337386
11052,2011-05-08,4,5,8,19,27,28,8,217570635,9,6421631,201,95482,314222356
11053,2011-05-10,3,6,10,12,22,30,15,252527907,3,10000000,216,128883,282819042
11054,2011-05-12,8,11,16,17,22,33,8,280610991,3,10000000,94,264816,290127160
11055,2011-05-15,8,13,16,17,29,32,16,301659908,4,9104892,95,259256,323409932
11056,2011-05-17,13,16,19,20,23,25,10,313034238,6,7758288,59,420755,294519332
11057,2011-05-19,4,6,20,21,26,33,2,359064498,2,10000000,57,496468,293874448
11058,2011-05-22,7,18,22,30,32,33,6,346252616,8,6359405,83,196540,321880622
11059,2011-05-24,24,26,27,29,31,33,16,369294390,6,8536118,92,345924,297661236
11060,2011-05-26,10,11,13,21,27,31,1,386605260,4,8731087,81,276376,294946664
11061,2011-05-29,2,3,8,13,19,21,3,304263180,20,5353158,116,91334,329490066
11062,2011-05-31,4,8,9,10,29,30,3,283412196,12,6304967,162,144996,292576106
11063,2011-06-02,4,6,13,15,18,19,5,275057552,7,6522591,60,266453,286784814
11064,2011-06-05,3,6,7,29,30,33,2,289214904,6,7943823,117,226447,308305132
11065,2011-06-07,4,16,23,25,27,29,3,342158860,1,10000000,59,457220,276483886
11066,2011-06-09,4,6,14,17,30,32,12,359148246,3,9265251,52,369108,284641290
11067,2011-06-12,17,19,20,24,25,27,12,405709326,3,10000000,69,475534,321776484
11068,2011-06-14,3,7,10,15,19,24,10,412198518,6,7432612,148,147929,296012586
11069,2011-06-16,2,13,16,18,24,30,12,432770570,5,8645764,105,260411,308628372
11070,2011-06-19,1,3,5,12,21,28,12,438124428,7,7305934,219,110558,342264942
11071,2011-06-21,1,2,15,22,28,30,2,475028862,3,10000000,57,503040,310534104
11072,2011-06-23,1,6,10,11,18,27,12,499808730,6,8651991,107,307176,313897806
11073,2011-06-26,3,4,5,12,17,21,14,523214664,7,8337482,127,275933,362922526
11074,2011-06-28,2,21,26,28,29,32,1,544684626,6,8431330,29,1064895,344333482
11075,2011-06-30,7,9,10,12,31,32,13,588128854,2,10000000,64,424849,343341640
11076,2011-07-03,6,19,21,26,32,33,13,653956218,1,10000000,96,338515,382839880
11077,2011-07-05,1,7,8,15,26,29,10,650114820,10,6846344,131,211413,366916974
11078,2011-07-07,3,5,13,20,22,29,9,624766272,13,6220044,101,235553,365761038
11079,2011-07-10,3,14,15,16,24,29,5,649417535,5,8972101,81,367787,391447400
11080,2011-07-12,2,7,9,25,31,32,9,650897000,10,7059178,77,401138,348447154
11081,2011-07-14,6,14,19,23,25,32,12,675559532,4,9466253,128,209355,347690264
11082,2011-07-17,7,16,17,20,25,26,4,642174720,16,6165379,179,156252,388800864
11083,2011-07-19,7,16,18,24,28,29,6,650346305,7,7466947,95,272662,346077740
11084,2011-07-21,9,10,12,16,18,32,15,674781990,5,8954854,68,436197,348473896
11085,2011-07-24,3,6,11,21,24,31,10,667439560,10,6706303,221,115812,371696466
11086,2011-07-26,6,7,9,12,17,24,9,142227111,113,5140840,110,217023,334074814
11087,2011-07-28,2,3,4,5,18,28,1,136827640,10,6784021,119,224876,296896504
11088,2011-07-31,3,9,17,20,21,29,4,142697808,8,7293508,154,178714,327675114
11089,2011-08-02,1,2,11,24,29,30,12,124360665,11,6333194,96,229142,299010020
11090,2011-08-04,2,5,14,18,21,25,16,167944280,2,10000000,76,358554,302158754
11091,2011-08-07,9,15,21,23,28,30,3,192643284,4,9469900,81,331103,330377834
11092,2011-08-09,5,10,17,26,31,32,4,220195756,4,9755247,107,266649,296160020
11093,2011-08-11,4,7,11,13,23,30,9,168782368,16,5714665,112,153142,300330150
11094,2011-08-14,9,11,12,17,18,19,5,133004802,14,5977783,124,165592,329858052
11095,2011-08-16,3,7,8,10,23,24,5,74232601,19,5762690,126,172513,293229282
11096,2011-08-18,1,4,7,13,14,19,15,116162472,4,5000000,106,250390,288032952
11097,2011-08-21,9,17,19,20,21,26,16,70941649,19,6047982,108,276551,323418670
11098,2011-08-23,3,7,20,21,22,32,5,123500432,2,5000000,51,525704,283485974
11099,2011-08-25,10,12,13,21,26,27,14,156506688,3,10000000,61,442666,287051218
11100,2011-08-28,7,11,21,23,31,32,5,180675360,5,8933494,138,213776,323046340
11101,2011-08-30,6,10,19,23,29,31,6,195519685,5,8187546,100,239065,295906364
11102,2011-09-01,1,5,13,21,27,31,11,162643920,12,5904141,116,140297,303886824
11103,2011-09-04,4,5,10,13,15,16,12,159791712,8,6857389,77,289463,334043508
11104,2011-09-06,9,10,16,20,25,29,9,68235192,24,5474058,193,88425,300386562
11105,2011-09-08,4,6,23,25,27,28,1,99084564,6,5000000,163,159989,292666602
11106,2011-09-11,2,11,12,14,24,32,14,139653840,5,5000000,118,238145,313930786
11107,2011-09-13,4,9,16,17,22,29,15,30000000,36,4981416,428,39730,287460888
11108,2011-09-15,2,17,22,26,29,33,10,52705268,4,5000000,72,254198,282794584
11109,2011-09-18,1,3,9,15,16,33,15,105894980,5,5000000,92,364237,319837948
11110,2011-09-20,12,14,21,26,28,33,12,157335982,1,10000000,46,572431,291747572
11111,2011-09-22,1,3,5,20,25,27,4,173682690,5,8307736,76,326421,301379048
11112,2011-09-25,3,5,16,18,23,24,15,211883612,4,10000000,194,172756,335373070
11113,2011-09-27,6,10,11,25,32,33,5,231536104,4,8965249,84,283232,301463604
11114,2011-09-29,1,14,15,16,30,32,9,227233590,6,6713165,75,205579,297745236
11115,2011-10-02,7,8,9,12,17,33,16,270556202,2,10000000,123,220636,306169962
11116,2011-10-04,1,7,11,12,17,27,5,202031320,20,5629502,135,139889,270660014
11117,2011-10-06,8,10,19,26,28,30,4,224765796,3,10000000,180,125558,284670324
11118,2011-10-09,5,6,11,14,20,21,10,235158912,6,7692874,163,148686,346558714
11119,2011-10-11,9,12,14,19,28,32,1,274874502,3,10000000,81,368865,310270074
11120,2011-10-13,4,14,17,28,30,33,7,228388853,11,5309612,107,47744,307300204
11121,2011-10-16,4,14,22,25,32,33,2,279660224,2,10000000,39,783201,342602202
11122,2011-10-18,10,12,18,26,27,31,3,280128023,7,7026731,142,149863,307852112
11123,2011-10-20,1,4,5,14,19,28,16,326523090,3,11666666,155,211230,329433846
11124,2011-10-23,9,18,19,26,31,32,16,344665993,7,8751022,123,259233,356985192
11125,2011-10-25,3,10,15,24,27,32,8,312999380,10,6233335,117,94017,322501850
11126,2011-10-27,3,7,13,18,23,26,16,369375226,2,12500000,198,165315,329809254
11127,2011-10-30,16,19,22,23,27,29,11,365563744,8,7434426,93,233474,366718126
11128,2011-11-01,9,11,14,17,19,23,12,361081322,7,7458146,109,167986,330310278
11129,2011-11-03,7,10,11,21,23,26,6,357463184,8,7444093,120,181909,336342794
11130,2011-11-06,7,14,18,23,25,32,15,393717483,3,11666666,86,330170,368707538
11131,2011-11-08,2,7,9,17,21,25,1,418231870,5,9961151,131,226783,329212830
11132,2011-11-10,2,5,12,13,25,33,7,397089600,10,6654309,138,125468,340242582
11133,2011-11-13,12,14,20,21,25,31,16,425517897,7,9338759,75,507426,376474284
11134,2011-11-15,1,2,6,7,30,31,10,402269556,12,6641721,84,262511,337761116
11135,2011-11-17,12,13,17,20,25,26,12,432986892,3,11666666,62,419705,335103670
11136,2011-11-20,2,4,6,20,22,31,7,464288592,4,11250000,86,355324,375968636
11137,2011-11-22,2,11,18,23,30,33,13,473896000,5,8768592,128,162222,340607254
11138,2011-11-24,1,5,15,24,28,32,7,487856614,7,8512034,252,116572,348154674
11139,2011-11-27,8,20,24,27,30,31,3,515047152,6,9646035,72,476587,387797344
11140,2011-11-29,4,18,20,22,27,29,6,535872860,5,9666056,53,518781,349582200
11141,2011-12-01,2,4,6,19,24,29,11,529318827,9,7264264,192,120143,353185652
11142,2011-12-04,12,15,16,26,29,31,2,573175899,3,11666666,83,381361,395266644
11143,2011-12-06,7,8,12,14,15,30,16,611986880,4,11250000,90,375290,359074808
11144,2011-12-08,1,2,9,10,16,24,3,633626105,7,8950812,78,435686,365097322
11145,2011-12-11,2,4,14,15,26,30,4,624080666,11,7107438,249,109529,399835362
11146,2011-12-13,11,23,26,28,32,33,10,639013370,5,9194616,163,146991,367466864
11147,2011-12-15,4,8,12,17,18,30,10,609351248,16,6570947,275,109828,369715120
11148,2011-12-18,5,14,22,23,25,26,14,630072378,6,9214741,105,289835,403588782
11149,2011-12-20,4,5,6,7,23,31,16,704484700,1,15000000,225,160785,365612730
11150,2011-12-22,8,10,12,15,22,27,13,717768968,8,8289213,215,148700,385439474
11151,2011-12-25,7,11,16,19,31,33,10,749261802,6,9932855,190,194187,428101842
11152,2011-12-27,4,10,11,12,21,26,13,776198815,7,9253543,285,130393,394544922
11153,2011-12-29,5,8,9,10,20,25,13,757962272,16,6856586,282,131411,403874136
12001,2012-01-01,1,4,5,9,15,17,6,782875794,6,9494234,110,299528,433902388
12002,2012-01-03,2,3,7,9,10,32,13,752033556,17,6568417,101,321729,369663804
12003,2012-01-05,3,6,8,24,29,31,9,629548166,26,5307916,165,27325,376556854
12004,2012-01-08,1,5,10,11,21,23,16,669026740,4,11250000,153,222629,422246096
12005,2012-01-10,7,9,18,27,31,33,6,688695791,7,8838231,102,321582,373157878
12006,2012-01-12,2,22,25,29,32,33,8,638291299,17,6108129,127,163443,365269490
12007,2012-01-15,10,17,19,27,28,32,4,671945560,5,10692340,88,399915,386798560
12008,2012-01-17,1,12,20,23,24,29,8,694925145,5,9838366,108,266553,349794196
12009,2012-01-19,4,16,24,26,27,33,11,695344944,7,7738273,76,279630,371864904
12010,2012-01-29,1,3,13,19,25,26,10,722185940,4,9684099,112,250933,350707306
12011,2012-01-31,4,14,15,16,20,26,5,666005385,15,5501852,212,53262,322471622
12012,2012-02-02,15,17,18,20,23,27,1,705069412,2,10000000,75,337508,330682334
12013,2012-02-05,6,8,24,29,30,32,13,708910740,10,7153653,164,196980,382213084
12014,2012-02-07,1,2,5,16,28,30,12,444719580,59,5208873,112,165047,332394836
12015,2012-02-09,1,3,6,10,21,23,15,471786918,3,10000000,77,317628,344966404
12016,2012-02-12,2,5,12,17,22,25,8,423537888,16,5793774,278,68527,391806944
12017,2012-02-14,6,9,14,19,25,28,10,335624562,26,5647487,237,106548,360962760
12018,2012-02-16,3,5,6,22,26,32,15,380505912,4,10000000,78,466381,361743346
12019,2012-02-19,7,14,18,20,22,30,16,400631707,7,8150045,130,254426,400412500
12020,2012-02-21,3,8,12,18,23,29,11,341661021,19,5758512,354,61066,363324150
12021,2012-02-23,1,15,16,18,22,30,3,382151985,3,10000000,45,671342,367729098
12022,2012-02-26,4,8,12,24,26,27,4,385730443,7,7204483,180,128594,397040802
12023,2012-02-28,5,9,15,23,24,33,2,386601237,9,7038702,216,127418,365582932
12024,2012-03-01,4,12,19,21,25,28,13,307292592,24,5678189,289,84480,364173592
12025,2012-03-04,3,8,9,17,25,27,6,283592844,12,6210008,226,96372,403316356
12026,2012-03-06,3,7,9,15,24,25,16,344741670,2,10000000,107,325028,364748574
12027,2012-03-08,4,16,22,25,30,31,12,408771750,1,10000000,72,440655,367033234
12028,2012-03-11,10,15,20,21,28,30,11,430275054,6,8433553,142,217619,408320996
12029,2012-03-13,4,7,15,25,26,28,3,462219036,4,10000000,135,228393,363574384
12030,2012-03-15,9,10,17,18,21,31,8,441429534,9,6076022,133,109220,360021696
12031,2012-03-18,4,16,22,24,27,31,3,494705544,4,10000000,108,370142,405489418
12032,2012-03-20,1,2,10,17,22,24,4,545746332,2,10000000,50,608921,364723646
12033,2012-03-22,2,3,15,16,17,27,4,520898790,15,6337398,388,77555,367684820
12034,2012-03-25,2,3,8,23,32,33,16,559655765,5,10000000,140,271705,399671360
12035,2012-03-27,9,11,12,21,24,26,5,516727952,16,5926804,132,168509,358931126
12036,2012-03-29,2,11,13,18,19,26,9,473900100,12,5572405,110,93666,360667728
12037,2012-04-01,5,14,19,24,28,33,9,516094744,4,10000000,165,213492,393044730
12038,2012-04-03,9,10,11,15,19,33,16,545604136,4,9950939,102,291231,323004056
12039,2012-04-05,1,2,5,13,22,29,8,562277750,5,8333889,68,367708,343264490
12040,2012-04-08,3,8,9,22,25,31,10,503321868,18,5689869,211,88277,391299304
12041,2012-04-10,8,11,15,20,24,32,2,528527286,6,8680361,77,430172,356306648
12042,2012-04-12,5,6,11,19,24,28,16,543764552,8,7761863,225,147299,353943408
12043,2012-04-15,2,9,11,21,26,33,3,521461388,14,6362767,152,188277,394668460
12044,2012-04-17,6,9,10,14,22,25,3,544205207,7,8299647,123,281677,356462184
12045,2012-04-19,8,11,20,21,27,30,9,549811570,7,7320363,165,147659,356502588
12046,2012-04-22,4,12,19,20,23,33,6,538225270,10,6536548,209,110278,391900112
12047,2012-04-24,6,7,11,16,32,33,11,546067464,6,7522813,85,267121,346381150
12048,2012-04-26,1,5,14,22,24,30,10,552158516,7,7348060,86,286681,352087342
12049,2012-04-29,4,12,13,19,20,32,2,577425876,6,8684491,95,349057,370994838
12050,2012-05-01,7,13,15,17,19,24,11,598944924,6,8434603,98,315422,319513602
12051,2012-05-03,2,12,14,17,30,31,9,618009885,5,8525197,116,227922,340256786
12052,2012-05-06,2,3,5,6,20,24,4,644091290,5,9086512,104,294700,383696656
12053,2012-05-08,4,15,22,25,27,33,4,712030309,1,10000000,140,238588,342378036
12054,2012-05-10,6,14,18,20,30,33,14,733827565,5,8743780,64,438724,356190234
12055,2012-05-13,4,6,13,20,24,28,1,769919052,4,10000000,110,296460,396120110
12056,2012-05-15,4,7,14,17,26,31,10,758653203,11,6590332,193,135961,363402618
12057,2012-05-17,3,5,19,21,27,31,4,814275846,3,10000000,143,256611,367753954
12058,2012-05-20,3,6,15,20,25,26,4,861105840,4,10000000,204,182415,416752864
12059,2012-05-22,4,13,21,22,26,31,1,895158438,6,9270173,205,187471,389786618
12060,2012-05-24,7,10,13,16,17,29,1,981041268,1,10000000,155,265113,394479944
12061,2012-05-27,3,8,11,12,14,18,14,1021792620,5,10000000,136,285981,451440342
12062,2012-05-29,2,13,16,17,20,31,7,1007530788,4,5573816,102,33753,422402826
12063,2012-05-31,2,10,17,19,24,27,12,996662843,11,6604802,95,278728,420166696
12064,2012-06-03,5,10,11,16,23,24,11,986276964,12,6653804,135,220507,444563890
12065,2012-06-05,8,10,18,19,27,31,14,967890880,16,6540348,152,243212,396002414
12066,2012-06-07,1,2,9,26,29,33,12,994657342,7,8529512,158,234556,389067662
12067,2012-06-10,4,5,10,21,26,30,16,994705580,10,7001929,181,165905,415404644
12068,2012-06-12,5,17,22,26,32,33,10,462930039,117,5181964,120,266122,379754544
12069,2012-06-14,8,10,11,18,20,29,6,404395639,19,5767697,250,87517,363763394
12070,2012-06-17,2,3,4,24,31,32,11,387991070,10,6343817,121,166588,403726842
12071,2012-06-19,3,4,19,21,22,23,8,380122544,8,6606573,104,185373,359591294
12072,2012-06-21,2,3,7,9,13,30,6,433951832,2,10000000,96,329595,349310588
12073,2012-06-24,4,7,9,10,17,27,5,428293280,8,6717072,169,121922,383664428
12074,2012-06-26,15,16,18,19,28,32,8,451774750,5,8878517,70,415555,354427342
12075,2012-06-28,4,6,22,23,29,32,11,379783084,23,5747971,77,335129,351962062
12076,2012-07-01,11,18,22,27,29,30,15,417549411,3,10000000,81,358552,379484266
12077,2012-07-03,2,4,13,18,26,28,12,435495895,5,8435718,79,326175,337698126
12078,2012-07-05,8,15,22,24,28,33,12,460539066,6,8669544,90,366954,339534852
12079,2012-07-08,6,7,12,24,30,33,12,510135120,4,10000000,127,302348,373462380
12080,2012-07-10,4,9,14,15,16,27,3,455696645,17,5719094,181,101308,333462942
12081,2012-07-12,2,5,10,24,25,29,6,381747300,22,5655466,232,93234,335807634
12082,2012-07-15,2,4,11,18,22,29,6,393473628,9,7521170,269,126527,376633434
12083,2012-07-17,4,9,14,15,26,33,4,408072063,7,7834196,180,165328,337785246
12084,2012-07-19,2,10,20,26,28,29,14,432286812,6,8614316,100,325288,340543862
12085,2012-07-22,5,17,24,30,31,33,5,433345662,9,7047060,108,255882,365440332
12086,2012-07-24,8,9,13,15,22,23,8,384956516,14,5617453,209,62040,329772984
12087,2012-07-26,3,10,11,13,14,22,9,382169550,5,6777043,125,106622,333397892
12088,2012-07-29,3,5,23,24,27,31,15,408504504,6,8755663,122,277057,363501734
12089,2012-07-31,3,7,10,13,14,25,11,390866674,11,6358624,111,201957,323395064
12090,2012-08-02,2,13,20,25,29,30,11,403072608,8,7610296,67,467515,329354360
12091,2012-08-05,1,5,7,8,19,21,16,409582663,7,7372003,198,125788,363226218
12092,2012-08-07,6,13,17,18,28,32,3,395589720,10,6440282,218,99101,323643554
12093,2012-08-09,3,5,19,21,24,33,13,401835325,5,7499648,68,275696,324000944
12094,2012-08-12,6,9,14,16,23,33,15,455299281,3,10000000,120,298085,360208214
12095,2012-08-14,17,24,27,28,29,30,2,476949363,3,9886677,92,239022,324870412
12096,2012-08-16,4,7,11,16,29,33,7,438439386,11,5599637,124,79790,324279054
12097,2012-08-19,5,8,13,14,19,22,6,406141750,14,6077210,240,94255,362228722
12098,2012-08-21,2,12,19,26,29,31,9,367918020,12,5725876,107,122109,328680072
12099,2012-08-23,8,12,15,16,21,27,16,375116456,8,7359922,137,206708,334215270
12100,2012-08-26,5,7,15,18,25,33,10,358179682,7,6032184,150,72252,365221470
12101,2012-08-28,9,12,17,18,20,33,2,387938748,4,9975906,61,489433,332762926
12102,2012-08-30,13,25,27,28,29,30,15,422818756,4,10000000,122,263044,330626818
12103,2012-09-02,4,9,11,14,32,33,2,452814888,6,8999742,80,449971,364812438
12104,2012-09-04,4,5,9,10,19,28,3,387091800,20,5685538,176,116853,326123048
12105,2012-09-06,6,13,14,15,17,30,4,388189976,8,7054909,110,224171,332112822
12106,2012-09-09,13,14,20,22,23,32,16,415639168,7,8568525,72,520409,368837242
12107,2012-09-11,11,12,15,24,25,31,9,379185521,13,5878349,127,134864,325537564
12108,2012-09-13,1,9,12,13,19,28,13,379109848,8,6996216,139,172335,329301702
12109,2012-09-16,2,12,24,26,29,31,3,407340330,6,8882032,93,375680,366377520
12110,2012-09-18,3,7,10,13,22,32,9,368850496,16,6037754,218,114248,327652012
12111,2012-09-20,2,9,10,20,22,31,13,414514056,3,10000000,127,255332,334284550
12112,2012-09-23,8,15,20,21,27,31,6,273440988,34,5340317,203,85498,365453898
12113,2012-09-25,3,6,9,13,18,32,6,248404494,13,6229646,162,148012,321721194
12114,2012-09-27,1,6,11,26,27,29,15,287406651,3,10000000,115,257150,323638620
12115,2012-09-30,3,8,20,24,26,32,14,301924301,7,7829580,86,345472,330478202
12116,2012-10-02,3,21,26,29,31,32,3,332066730,3,10000000,44,585802,270974690
12117,2012-10-04,13,15,18,20,24,28,9,322454248,8,6519376,108,168819,285909300
12118,2012-10-07,5,6,7,12,15,28,11,302161536,12,6323576,166,143520,352094796
12119,2012-10-09,12,20,25,26,27,28,13,99452500,50,5378327,85,333818,321919326
12120,2012-10-11,1,4,20,24,28,29,16,153908152,2,5000000,77,358751,311866338
12121,2012-10-14,1,7,8,20,23,24,11,177801852,6,8592913,124,260775,355530542
12122,2012-10-16,12,13,19,22,28,29,11,196627122,6,9088351,100,292951,325004070
12123,2012-10-18,8,10,16,25,28,33,9,183343281,11,6971496,78,320893,334799840
12124,2012-10-21,6,7,21,25,27,33,11,215939945,5,10607733,158,218721,369201172
12125,2012-10-23,8,12,13,26,29,33,1,153184560,20,5994892,244,91585,337488334
12126,2012-10-25,3,5,12,15,23,24,7,110723595,15,6201040,169,115523,336798500
12127,2012-10-28,1,9,11,21,26,32,8,89047863,9,6592189,95,147311,373363120
12128,2012-10-30,5,9,12,29,30,31,5,82840707,9,5555555,135,123151,322643800
12129,2012-11-01,1,7,9,17,21,29,1,147922890,2,7500000,92,349761,331737426
12130,2012-11-04,1,3,15,20,22,31,3,189092919,3,11666666,59,516973,355629806
12131,2012-11-06,6,18,19,26,28,32,12,94889844,21,5443751,207,31295,334407788
12132,2012-11-08,7,12,16,17,21,25,10,73103371,11,5454545,92,154721,332827106
12133,2012-11-11,1,8,11,20,21,29,2,74740968,9,5555555,210,95178,364736358
12134,2012-11-13,2,5,6,7,13,23,15,118317829,1,10000000,84,247841,331006688
12135,2012-11-15,2,5,7,8,11,17,16,137915685,5,9567828,96,278736,334488518
12136,2012-11-18,2,7,8,17,21,28,11,30000000,37,5152273,155,131940,370704246
12137,2012-11-20,1,2,4,6,13,17,7,53913486,6,5833333,34,679581,323374784
12138,2012-11-22,1,7,16,17,19,21,14,94959540,4,6250000,109,240023,322213636
12139,2012-11-25,8,19,21,24,28,31,15,141340986,6,5833333,62,527982,359675456
12140,2012-11-27,14,18,27,30,31,33,15,147010059,9,7807514,188,161709,328890054
12141,2012-11-29,3,5,8,19,20,27,9,34662735,27,5520780,211,64415,331745670
12142,2012-12-02,5,18,22,28,29,31,6,30000000,13,5384615,80,194319,355971618
12143,2012-12-04,7,8,18,25,30,32,6,30000000,12,5416666,130,192233,322260704
12144,2012-12-06,3,10,12,13,27,30,4,30000000,25,2617222,125,104333,326127870
12145,2012-12-09,5,20,26,27,28,33,3,69528065,5,6000000,112,246918,349657358
12146,2012-12-11,1,5,7,13,29,32,13,80298625,5,6000000,107,143273,320313400
12147,2012-12-13,2,12,15,23,24,32,9,79342832,8,5625000,170,98430,330613366
12148,2012-12-16,3,6,11,17,21,31,7,30000000,64,1702451,1293,8158,373006912
12149,2012-12-18,1,5,13,25,26,32,13,90787310,2,7500000,116,261529,314338172
12150,2012-12-20,9,11,17,23,24,26,7,140248364,4,6250000,92,323576,325835512
12151,2012-12-23,5,14,24,25,26,32,1,154841736,8,8354668,109,300513,362492002
12152,2012-12-25,10,12,18,22,28,29,7,30000000,36,5621438,220,118444,327454924
12153,2012-12-27,4,5,11,21,27,28,10,30000000,14,5218719,167,97678,315610858
12154,2012-12-30,5,7,12,16,28,32,4,72256070,5,6000000,137,210394,349475260
13001,2013-01-01,6,8,14,15,24,25,6,30000000,20,5250000,271,71485,309153922
13002,2013-01-03,1,16,18,22,28,30,12,61810900,4,6250000,63,352455,303822912
13003,2013-01-06,22,23,26,27,28,33,9,98882604,4,6250000,90,271770,367773688
13004,2013-01-08,6,10,16,20,27,32,8,35567995,17,5294117,152,61143,337097616
13005,2013-01-10,1,13,14,25,31,32,12,49335143,11,5454545,117,251894,339352226
13006,2013-01-13,9,10,13,17,22,30,13,82757304,8,5625000,178,176778,374366198
13007,2013-01-15,2,9,15,22,26,32,1,151606540,2,7500000,148,228327,341246158
13008,2013-01-17,3,8,17,21,25,32,15,170217234,6,8240712,311,93782,341795384
13009,2013-01-20,1,4,9,13,16,23,2,195572596,4,9535536,100,272132,383674016
13010,2013-01-22,1,9,11,17,32,33,12,224151420,5,9286306,74,434422,347709230
13011,2013-01-24,3,12,17,24,27,29,9,199912372,11,6118580,113,163332,350274074
13012,2013-01-27,6,14,17,22,28,29,2,260734911,3,10000000,144,270305,389114476
13013,2013-01-29,5,6,13,19,22,28,9,211416895,19,5961726,259,105827,351745408
13014,2013-01-31,2,4,5,17,19,20,8,150729380,20,5786249,235,100372,348187310
13015,2013-02-03,5,6,7,11,13,18,15,202682481,3,10000000,158,222295,377989410
13016,2013-02-05,2,5,6,12,14,28,5,165350088,12,5755587,99,137379,327207104
13017,2013-02-07,4,6,12,30,31,32,9,198644874,3,10000000,93,291681,339247106
13018,2013-02-17,2,8,13,28,29,30,5,193557090,10,6796488,273,98708,364752666
13019,2013-02-19,1,2,5,16,20,26,6,207401535,5,8107555,93,250609,316958200
13020,2013-02-21,1,7,8,12,16,21,1,233771560,5,9109602,145,212565,337611102
13021,2013-02-24,1,6,17,19,26,31,11,239758883,7,7342133,104,236465,386291388
13022,2013-02-26,2,4,7,9,15,20,7,238299864,6,6902732,79,216766,349104140
13023,2013-02-28,3,6,15,18,30,32,5,271259788,4,10000000,145,215645,359844386
13024,2013-03-03,4,5,13,23,27,30,9,222298732,17,5847975,191,113211,397860528
13025,2013-03-05,16,17,18,24,25,30,8,116448192,27,5431843,126,138806,365053994
13026,2013-03-07,4,11,14,15,22,31,11,140421744,4,9397355,95,277727,357237076
13027,2013-03-10,1,2,4,12,21,24,12,136259354,11,6848640,126,242083,401897672
13028,2013-03-12,7,8,14,25,26,28,13,144919914,6,7577370,149,155680,363477764
13029,2013-03-14,6,7,10,19,23,29,12,133260864,12,6611365,473,61320,367189222
13030,2013-03-17,7,14,18,25,26,29,6,146756785,7,7771195,140,207839,405193314
13031,2013-03-19,3,13,14,15,21,33,3,135583170,10,6553055,125,186366,365951410
13032,2013-03-21,4,21,25,29,30,33,3,185170708,2,10000000,68,438576,365616360
13033,2013-03-24,5,6,13,17,19,28,1,34224132,44,5355031,567,41326,397248028
13034,2013-03-26,6,15,20,22,26,33,9,47229360,8,5000000,83,273693,339315898
13035,2013-03-28,1,14,15,17,26,30,2,105954843,3,5000000,78,405085,351498872
13036,2013-03-31,4,5,9,27,29,31,13,118017567,9,7536121,182,188118,393497514
13037,2013-04-02,2,15,18,27,28,32,14,122337450,6,7287992,157,131158,350336028
13038,2013-04-04,9,10,12,14,15,19,11,140504290,5,8453347,95,272632,328400842
13039,2013-04-07,1,2,14,15,24,29,6,158541908,7,8030721,94,338538,390740078
13040,2013-04-09,2,4,10,12,17,30,10,135009567,11,6144278,125,151044,352650578
13041,2013-04-11,2,10,12,17,23,24,5,165669831,3,10000000,295,88126,358260706
13042,2013-04-14,1,8,12,13,15,33,3,191650228,7,8484594,131,279299,396763590
13043,2013-04-16,3,6,14,15,17,25,16,130914304,16,5481602,247,46795,358568922
13044,2013-04-18,3,5,11,18,26,28,6,113248452,12,6411138,337,75372,355471956
13045,2013-04-21,6,7,8,14,23,31,12,123007759,7,7557675,138,194605,389847482
13046,2013-04-23,3,16,19,20,24,26,6,143084851,7,8147262,95,347855,352094234
13047,2013-04-25,1,8,11,17,27,30,12,167906106,6,8654750,116,283558,347274348
13048,2013-04-28,10,13,17,28,30,32,4,55171877,37,5456927,119,213104,379712106
13049,2013-04-30,10,13,14,16,21,32,14,114803190,2,5000000,41,727853,295889902
13050,2013-05-02,3,7,13,18,22,25,3,116018802,9,7054027,228,121620,331969178
13051,2013-05-05,8,12,15,19,28,29,2,30000000,33,5479124,450,61706,377856082
13052,2013-05-07,6,7,14,21,22,24,13,48367032,8,5000000,104,240523,320719928
13053,2013-05-09,3,12,13,22,30,33,14,89705790,5,5000000,132,215385,327360018
13054,2013-05-12,3,4,8,14,21,28,14,101137064,14,5000000,202,172767,367209526
13055,2013-05-14,8,18,19,22,27,32,6,116004306,6,7991149,97,277529,328924474
13056,2013-05-16,3,12,25,26,28,29,16,138712270,5,8816637,88,325281,330573576
13057,2013-05-19,13,16,19,23,26,28,5,152624208,6,7927462,146,180460,367207180
13058,2013-05-21,8,11,17,21,23,24,5,138757060,13,6573318,243,126253,338075776
13059,2013-05-23,3,10,18,24,27,29,9,99230450,11,5562668,134,69283,339381758
13060,2013-05-26,5,7,10,13,19,20,15,110329152,8,5000000,206,106307,368726696
13061,2013-05-28,5,6,7,12,13,18,12,30000000,43,3509802,830,20959,335064726
13062,2013-05-30,1,6,7,19,22,27,2,83172610,2,5000000,102,265431,313979568
13063,2013-06-02,10,15,18,20,23,31,12,142799949,3,5000000,84,380751,354390256
13064,2013-06-04,1,9,13,22,25,32,12,172812165,5,9400977,72,458435,328102052
13065,2013-06-06,7,18,19,23,29,30,2,201675690,5,9309082,165,195867,334460176
13066,2013-06-09,1,3,16,17,20,32,7,182192048,8,6025818,96,128227,368087166
13067,2013-06-11,1,4,9,15,22,30,6,137776720,16,5889617,163,130986,309743864
13068,2013-06-13,2,7,13,20,25,27,6,135584520,10,6912312,203,141303,329872238
13069,2013-06-16,7,16,17,18,30,33,6,30000000,105,2083167,190,187552,369339396
13070,2013-06-18,2,3,9,10,28,30,6,58271360,13,5000000,152,178396,296577242
13071,2013-06-20,5,12,21,23,26,28,9,31637441,11,5000000,173,70271,311914552
13072,2013-06-23,2,8,11,14,19,33,9,83394408,2,5000000,144,183800,351392580
13073,2013-06-25,2,9,13,17,20,28,11,31466432,19,5000000,185,99780,324559238
13074,2013-06-27,3,6,8,14,19,32,3,76109739,3,5000000,101,253083,320654782
13075,2013-06-30,4,6,9,25,30,33,14,148151453,0,0,47,656915,358276246
13076,2013-07-02,14,23,24,26,29,30,3,213429920,1,10000000,43,750283,326689120
13077,2013-07-04,9,14,23,24,26,29,3,90631848,31,5415508,186,103877,333114166
13078,2013-07-07,3,5,17,18,26,27,15,125198288,8,5000000,223,143305,355637236
13079,2013-07-09,7,13,17,19,22,26,13,108592428,12,6446471,102,255259,320512624
13080,2013-07-11,10,11,12,23,28,32,16,126651295,5,8444709,103,250828,327918824
13081,2013-07-14,1,4,10,13,21,31,13,164579200,4,10000000,122,273751,359745012
13082,2013-07-16,4,13,14,20,22,30,6,177229420,5,8012017,178,126910,326611872
13083,2013-07-18,5,6,12,14,19,23,9,101908566,18,5326203,225,39144,338036388
13084,2013-07-21,5,7,9,11,20,21,3,101313260,10,6976187,136,217961,373588034
13085,2013-07-23,2,8,12,14,16,32,16,119563094,7,8042847,135,236665,330145456
13086,2013-07-25,2,4,11,13,16,26,11,147621963,3,10000000,80,311029,326453274
13087,2013-07-28,2,13,19,23,24,28,5,159824838,6,7813525,121,209270,364306204
13088,2013-07-30,9,15,20,21,22,24,14,203431818,3,10000000,119,265091,332225112
13089,2013-08-01,4,8,12,19,21,25,13,173879650,14,6155652,210,115565,337088774
13090,2013-08-04,2,5,11,23,24,29,8,30000000,46,3882974,154,13183,372773264
13091,2013-08-06,4,14,24,25,28,31,10,30000000,22,3362188,61,308909,308670790
13092,2013-08-08,7,11,15,21,26,31,6,39250888,8,5000000,103,204927,311052518
13093,2013-08-11,1,2,8,26,29,31,14,113583018,2,5000000,111,325606,345826922
13094,2013-08-13,2,4,14,18,20,22,7,85662203,11,5984697,113,143783,320217972
13095,2013-08-15,1,6,15,19,28,29,10,122220820,5,5000000,144,183210,321839422
13096,2013-08-18,1,2,22,28,29,30,15,133568694,9,7504350,112,301863,364530978
13097,2013-08-20,5,14,17,22,23,25,7,165973926,3,10000000,152,175954,326153582
13098,2013-08-22,7,15,18,19,20,26,14,61447820,28,5506770,291,73142,333979300
13099,2013-08-25,5,11,20,21,26,31,3,57365841,13,5000000,173,150911,359490506
13100,2013-08-27,4,8,11,14,16,20,11,110063013,0,0,61,370237,324850520
13101,2013-08-29,5,7,9,23,27,32,1,117330108,4,7726709,83,197111,339246710
13102,2013-09-01,2,4,5,6,8,16,3,112762404,12,6847743,142,234220,374113680
13103,2013-09-03,2,4,9,13,18,20,7,129386045,5,8329891,111,224992,329389008
13104,2013-09-05,1,2,4,15,17,28,11,161543208,4,10000000,88,351414,339771188
13105,2013-09-08,1,11,23,27,31,32,9,180328590,5,8502830,70,375303,380197404
13106,2013-09-10,9,11,23,30,31,32,6,192566520,4,8223793,77,251204,344715810
13107,2013-09-12,7,9,11,17,28,31,11,206293472,7,7784397,120,243634,349907348
13108,2013-09-15,16,21,22,28,31,32,5,244712259,3,10000000,60,488705,384725718
13109,2013-09-17,9,23,24,27,29,32,8,248456620,5,7299549,103,167442,351155742
13110,2013-09-19,15,17,18,21,29,32,13,271666100,4,9320948,56,462958,341867256
13111,2013-09-22,1,2,3,6,8,33,13,216014150,22,5988146,252,129400,401502238
13112,2013-09-24,1,6,12,13,22,31,7,199580280,12,6452204,77,339476,344881702
13113,2013-09-26,4,7,11,17,24,33,9,202421233,7,7162340,147,154452,353992568
13114,2013-09-29,4,6,17,21,23,33,7,240677850,5,10000000,97,389940,398506774
13115,2013-10-01,3,12,16,17,18,27,8,211959722,13,6116365,122,178435,319974332
13116,2013-10-03,12,15,21,26,32,33,7,259236778,2,10000000,148,194817,312633700
13117,2013-10-06,9,12,13,24,27,33,16,217864773,19,6129010,232,138693,368579726
13118,2013-10-08,2,3,17,22,32,33,16,243272184,6,8693827,93,357467,343511272
13119,2013-10-10,5,15,20,22,26,32,9,240588702,9,6880734,83,305902,357071040
13120,2013-10-13,5,6,13,18,23,31,11,36491411,47,5263001,447,41480,404684072
13121,2013-10-15,4,5,6,7,25,27,7,60671480,5,5000000,155,135981,337100116
13122,2013-10-17,7,10,13,15,26,27,11,75670240,10,5000000,173,161020,345544080
13123,2013-10-20,1,2,6,11,17,25,2,86159328,12,5000000,109,277152,385822278
13124,2013-10-22,3,9,15,23,25,30,7,107102896,8,5000000,140,186561,347249642
13125,2013-10-24,4,6,8,18,25,28,16,123047728,8,9047241,308,108983,372984566
13126,2013-10-27,4,10,19,27,31,33,16,162711340,5,12000000,155,247917,408866622
13127,2013-10-29,2,3,13,20,22,33,14,197309615,5,11767862,216,165550,376726836
13128,2013-10-31,7,13,17,19,25,31,8,201975928,8,8483315,156,171793,381844688
13129,2013-11-03,5,6,10,14,27,31,14,262553088,4,12500000,144,299336,418710844
13130,2013-11-05,1,3,15,16,31,33,8,256689792,12,7637890,115,282452,385080972
13131,2013-11-07,4,6,12,17,19,26,9,199798632,18,6291307,130,152810,388319260
13132,2013-11-10,20,21,22,23,25,27,12,124670825,25,6197955,176,170018,420848208
13133,2013-11-12,4,7,12,19,22,25,1,119827596,12,7671892,248,133443,361709328
13134,2013-11-14,1,17,18,19,25,29,10,82346272,16,6687967,118,216196,372289714
13135,2013-11-17,9,23,24,25,29,31,12,139074525,5,7000000,113,309968,406720240
13136,2013-11-19,4,6,14,16,18,26,6,116962560,12,7096267,139,163545,369164734
13137,2013-11-21,4,17,19,23,24,27,10,51312261,27,5953328,420,56213,379293130
13138,2013-11-24,4,15,16,24,27,28,3,74254260,10,6000000,161,194166,402650432
13139,2013-11-26,7,8,11,13,21,27,8,30000000,25,4905577,184,89406,372082440
13140,2013-11-28,1,5,12,13,21,22,10,76786944,4,7500000,125,228983,359556480
13141,2013-12-01,3,4,5,25,30,31,4,30000000,25,4151240,180,40462,409703546
13142,2013-12-03,11,12,14,20,22,29,14,63900184,8,6250000,119,266147,356100256
13143,2013-12-05,12,18,21,22,27,32,11,82747368,8,6250000,90,280224,364973022
13144,2013-12-08,5,7,12,19,27,31,2,99467508,12,5833333,308,106753,406764784
13145,2013-12-10,6,10,13,16,23,24,15,92904565,13,5769230,237,105672,364933776
13146,2013-12-12,8,20,25,30,32,33,1,162543128,4,7500000,147,261336,404451866
13147,2013-12-15,2,15,16,17,19,30,8,117026496,18,6544074,132,202197,400947352
13148,2013-12-17,6,11,12,14,17,22,1,154199665,5,11973853,120,310865,354333120
13149,2013-12-19,9,18,25,26,30,32,11,155929878,9,8188009,117,239642,369490424
13150,2013-12-22,1,15,16,25,26,29,10,188178865,5,11579919,93,369348,409001896
13151,2013-12-24,3,9,10,19,28,33,9,30000000,45,5051762,391,31951,376460226
13152,2013-12-26,4,6,14,16,18,29,5,30000000,28,2774257,213,75813,353968798
13153,2013-12-29,8,11,13,18,28,33,10,76364070,6,6666666,116,282133,394373774
13154,2013-12-31,7,11,14,19,24,29,5,69636912,16,5625000,182,172542,382836786
14001,2014-01-02,3,9,15,20,27,29,1,136130274,3,5000000,139,251264,371341368
14002,2014-01-05,4,21,23,31,32,33,4,157176954,6,8403112,105,291695,408021124
14003,2014-01-07,6,10,11,28,30,33,12,169237320,6,7804024,147,171674,363993362
14004,2014-01-09,1,4,19,22,24,25,15,201488460,5,9580091,113,303988,373155800
14005,2014-01-12,15,18,23,27,32,33,4,237244320,6,9383724,77,512383,414088906
14006,2014-01-14,3,4,7,17,21,27,14,30000000,70,4194362,296,81603,369941458
14007,2014-01-16,8,10,12,14,18,28,14,58697890,13,5000000,198,137874,346606050
14008,2014-01-19,5,14,16,21,29,30,12,99040432,8,5000000,189,182182,392135484
14009,2014-01-21,8,9,19,20,25,32,16,127264176,6,5000000,229,108965,348408848
14010,2014-01-23,5,7,8,20,31,33,11,168977284,2,10000000,207,127770,359922428
14011,2014-01-26,9,10,13,14,21,32,2,185230836,7,7928774,120,256267,400827700
14012,2014-01-28,1,8,11,19,21,24,8,193817286,6,7572430,79,293061,364615256
14013,2014-02-09,5,9,13,15,17,21,13,174532572,12,6357176,127,192355,447850102
14014,2014-02-11,4,9,19,22,25,29,15,174399960,10,6994695,128,233753,340281006
14015,2014-02-13,2,11,19,30,32,33,9,153702230,11,6247355,101,203775,345827928
14016,2014-02-16,2,3,7,13,21,24,8,189407019,3,10000000,106,265652,394728698
14017,2014-02-18,4,6,7,14,25,26,10,89220000,24,5330216,218,54531,354286552
14018,2014-02-20,13,17,18,21,30,33,15,152153450,5,5000000,51,738936,366787508
14019,2014-02-23,2,10,15,19,20,21,7,149062025,5,6752686,95,138369,409381396
14020,2014-02-25,9,14,17,23,24,25,15,195215928,4,10000000,118,312907,369800298
14021,2014-02-27,8,10,15,17,22,29,12,190297125,9,6781386,119,202090,376012996
14022,2014-03-02,4,6,7,10,21,26,16,208621864,8,7916237,110,318134,422477050
14023,2014-03-04,7,9,13,17,21,22,10,192597457,13,6506941,178,165086,379325720
14024,2014-03-06,8,10,16,20,23,30,9,102252288,24,5494247,288,61780,380942014
14025,2014-03-09,1,5,10,14,16,30,16,176129274,3,10000000,96,463736,420328670
14026,2014-03-11,1,2,5,6,11,23,14,234682846,2,10000000,135,249376,376888174
14027,2014-03-13,8,10,14,16,30,31,1,301167546,2,10000000,75,494198,384105632
14028,2014-03-16,6,16,21,27,30,32,5,309604392,8,7421842,72,403640,435709368
14029,2014-03-18,2,7,14,16,21,29,14,335945528,8,8317056,137,290545,396072528
14030,2014-03-20,12,18,19,23,24,30,10,343001056,8,7352776,208,135737,396594924
14031,2014-03-23,4,10,16,17,21,27,14,331429504,16,6710711,368,111568,443595958
14032,2014-03-25,1,2,14,22,29,33,7,363106803,3,10000000,94,281203,397424848
14033,2014-03-27,5,13,23,28,32,33,12,319148956,17,5965697,303,81271,403193612
14034,2014-03-30,1,3,4,8,25,31,6,242743280,20,5471886,102,138790,432189956
14035,2014-04-01,7,8,9,17,32,33,6,239056900,10,6852544,199,139639,385901784
14036,2014-04-03,1,7,8,9,11,22,3,115259940,30,5349374,351,44791,378585748
14037,2014-04-06,6,13,14,24,25,30,7,64542096,18,5872936,261,90303,385617546
14038,2014-04-08,4,7,22,23,24,33,16,95544036,9,5000000,111,293443,356364376
14039,2014-04-10,3,11,15,19,20,31,7,140977080,5,5000000,274,110166,363687932
14040,2014-04-13,3,4,6,11,12,15,8,129726387,9,6499969,119,170164,406009192
14041,2014-04-15,7,11,16,18,21,22,2,180069774,2,10000000,93,324163,365242842
14042,2014-04-17,12,15,20,25,28,33,14,267308119,0,0,90,415420,373018334
14043,2014-04-20,2,5,9,14,24,33,9,210637936,16,5583245,118,118626,415843112
14044,2014-04-22,4,9,21,27,28,33,12,234600372,4,9396243,136,193951,373074342
14045,2014-04-24,2,4,9,11,19,22,15,173383408,22,5886964,128,228670,375431708
14046,2014-04-27,2,10,11,17,18,22,10,151808850,10,6137017,121,140952,407325576
14047,2014-04-29,8,10,11,12,19,29,15,175063188,6,8550289,231,138322,367083108
14048,2014-05-01,6,9,16,17,24,25,16,167548980,10,6699431,209,121968,328158768
14049,2014-05-04,6,7,16,17,23,32,6,138239115,15,6218403,176,155761,395100460
14050,2014-05-06,3,17,23,25,26,32,13,153092388,6,7990218,117,230016,356974970
14051,2014-05-08,10,16,19,21,23,24,13,172124407,7,8087544,69,469843,355097144
14052,2014-05-11,9,13,15,28,30,33,8,130683658,14,5815978,152,112733,388520458
14053,2014-05-13,14,17,19,22,26,31,2,192683993,1,10000000,80,385716,357050160
14054,2014-05-15,1,4,5,11,29,30,14,163007572,14,6152102,331,73094,362404232
14055,2014-05-18,2,9,14,19,21,30,4,166904832,8,6995330,141,141512,399255230
14056,2014-05-20,1,11,18,20,28,29,1,189835134,6,8207897,117,205634,355820816
14057,2014-05-22,2,4,12,18,23,31,8,211270800,6,8117313,92,254128,357051002
14058,2014-05-25,2,3,12,13,14,25,11,35549494,38,5136638,213,30471,395239936
14059,2014-05-27,5,8,12,13,23,25,13,33384288,14,5000000,192,117768,332914310
14060,2014-05-29,3,5,14,18,25,33,6,77191491,1,5000000,156,104288,332537430
14061,2014-06-01,2,14,17,27,28,31,8,63402256,16,5000000,210,105096,348086982
14062,2014-06-03,6,9,15,24,25,26,9,30000000,58,1557886,396,22689,324555900
14063,2014-06-05,3,8,17,21,22,31,16,55534992,8,5000000,224,97522,318559312
14064,2014-06-08,2,9,15,16,29,32,14,51701734,14,5000000,287,76848,362553032
14065,2014-06-10,3,4,5,8,10,22,6,50353786,14,5000000,131,174687,331291864
14066,2014-06-12,2,5,15,17,18,21,16,117743004,3,5000000,89,308573,326106482
14067,2014-06-15,1,6,7,17,18,23,6,91365232,16,6218687,203,120067,369752334
14068,2014-06-17,4,12,13,22,27,29,16,162571614,3,5000000,122,235536,333498724
14069,2014-06-19,5,12,17,19,25,30,11,144097840,10,6146408,218,65734,344427596
14070,2014-06-22,1,7,9,19,28,29,7,46472150,25,5398171,199,62526,381932126
14071,2014-06-24,2,4,12,17,22,25,14,30000000,34,3043574,432,43988,332837230
14072,2014-06-26,1,3,7,13,19,32,16,92535036,3,5000000,106,243820,324184472
14073,2014-06-29,1,12,16,20,30,33,2,158150815,5,5000000,79,382345,368813894
14074,2014-07-01,1,3,6,13,30,31,12,211476892,1,10000000,88,239871,333005878
14075,2014-07-03,3,9,11,22,27,29,6,133787352,24,5641067,169,113799,341705034
14076,2014-07-06,6,10,12,17,18,33,11,177753477,3,10000000,76,324412,375634222
14077,2014-07-08,8,9,12,15,19,22,10,174008032,8,6647934,140,117709,335080206
14078,2014-07-10,2,3,5,6,9,17,7,169313373,9,6628498,112,163576,340877252
14079,2014-07-13,2,7,16,22,27,28,2,198155300,7,8316463,168,172732,371546996
14080,2014-07-15,5,14,16,17,25,30,7,251469908,1,10000000,254,83090,339602048
14081,2014-07-17,8,14,22,24,27,29,10,275196240,6,8256141,88,277512,345588442
14082,2014-07-20,2,4,20,25,26,29,11,297439788,6,8166275,90,263856,376072870
14083,2014-07-22,5,6,19,21,23,33,12,316186254,6,7954331,111,199616,342671260
14084,2014-07-24,1,6,9,10,13,25,8,324879900,6,7345069,107,164374,348439746
14085,2014-07-27,1,2,11,19,23,29,8,300168090,15,6219107,106,215644,383964576
14086,2014-07-29,2,4,10,12,14,30,8,321991524,6,8140814,147,160245,342885520
14087,2014-07-31,6,18,22,23,32,33,6,341554266,6,8003802,89,253129,346294212
14088,2014-08-03,3,6,11,14,16,29,15,380020836,4,10000000,100,261555,378895304
14089,2014-08-05,4,6,14,17,27,30,9,327508140,15,5545146,145,70493,349996988
14090,2014-08-07,5,9,11,19,24,32,13,285022119,17,5909390,201,96141,361007810
14091,2014-08-10,1,5,12,19,27,29,14,312855494,7,8264071,148,192977,395683536
14092,2014-08-12,3,13,18,19,22,26,7,308790808,8,6633423,185,88293,355694942
14093,2014-08-14,2,8,9,10,20,29,5,207035236,23,5209398,205,29366,361310882
14094,2014-08-17,1,10,18,20,23,29,1,273173708,2,10000000,79,363453,394513356
14095,2014-08-19,5,6,8,14,22,31,8,279324805,5,7265534,134,105668,348187212
14096,2014-08-21,12,14,17,19,22,24,8,312395240,4,9824585,86,280499,357432576
14097,2014-08-24,7,13,24,25,27,32,15,369675882,3,10000000,148,196578,390727104
14098,2014-08-26,2,13,17,20,29,31,7,392834215,5,8502424,77,284287,353151800
14099,2014-08-28,1,5,10,11,13,32,14,432609020,4,10000000,47,565778,358086522
14100,2014-08-31,1,6,9,10,14,16,11,472918194,3,10000000,90,260404,401949134
14101,2014-09-02,16,18,20,23,24,32,7,529892270,2,10000000,61,420623,359712392
14102,2014-09-04,14,16,21,24,28,31,13,582985842,3,10000000,80,346223,368749750
14103,2014-09-07,3,8,9,10,18,33,4,589633520,8,7120349,179,118455,396768732
14104,2014-09-09,2,6,12,19,27,28,13,624461375,5,9351116,372,73103,358170510
14105,2014-09-11,14,16,17,19,27,32,4,662968446,6,9151943,67,464769,379715550
14106,2014-09-14,9,14,17,18,21,25,15,718893160,4,10000000,124,257862,422052940
14107,2014-09-16,11,14,17,22,25,27,16,752252140,5,9244289,117,226724,387176276
14108,2014-09-18,3,8,9,20,23,28,2,735850612,14,6392168,357,68243,393047674
14109,2014-09-21,2,5,11,15,19,28,2,732608704,16,6744502,304,114769,437600916
14110,2014-09-23,1,8,11,13,19,30,6,759917456,4,9300795,143,150377,384948858
14111,2014-09-25,2,8,17,20,22,28,2,809720000,5,10000000,86,386831,391471380
14112,2014-09-28,1,15,16,21,24,30,3,754185552,16,5556035,150,74138,438774340
14113,2014-09-30,12,14,28,31,32,33,7,794394502,2,10000000,61,329010,376332046
14114,2014-10-02,2,7,23,30,32,33,10,803604936,4,7655494,64,207460,336622164
14115,2014-10-05,1,9,10,11,13,32,3,329463486,107,5206826,176,157176,393986920
14116,2014-10-07,9,10,14,15,19,29,16,349707904,8,7738382,178,153841,355472106
14117,2014-10-09,5,10,17,25,28,29,4,364535919,9,7417293,316,86058,376251864
14118,2014-10-12,5,7,15,18,26,30,3,348405240,15,6427135,328,81581,412610364
14119,2014-10-14,6,13,17,20,26,29,9,293508896,16,5570537,138,82686,374297910
14120,2014-10-16,1,7,12,16,23,28,4,236996485,23,5924705,375,70894,380941988
14121,2014-10-19,1,2,13,22,28,30,9,216715500,15,6326521,265,93857,414246034
14122,2014-10-21,6,9,11,16,20,29,11,178571232,16,5951266,156,121957,372450634
14123,2014-10-23,1,6,11,17,28,33,5,66611994,31,5504877,447,43767,374248054
14124,2014-10-26,2,17,20,24,31,33,4,149338971,3,8333333,72,452439,414603564
14125,2014-10-28,10,11,15,26,31,32,6,177881270,5,10893985,84,289731,369171242
14126,2014-10-30,6,11,16,17,22,27,1,92547000,28,6067086,425,58466,374635140
14127,2014-11-02,2,10,12,21,23,27,12,71262030,15,5666666,189,94735,405427926
14128,2014-11-04,5,7,8,17,18,24,14,87337680,10,6000000,180,122362,358520804
14129,2014-11-06,5,8,9,20,28,32,2,127351182,7,6428571,207,120794,359082268
14130,2014-11-09,1,2,10,24,30,33,10,176970840,3,13333333,77,344673,402591108
14131,2014-11-11,5,17,21,22,28,32,14,211523816,7,10041712,211,149834,396591384
14132,2014-11-13,5,6,14,15,18,33,8,215841500,5,9132195,81,164521,372487192
14133,2014-11-16,13,14,16,23,30,31,13,245415332,4,12006712,125,180268,417287252
14134,2014-11-18,5,16,22,23,26,28,2,279769385,7,10031378,124,254230,374813426
14135,2014-11-20,2,4,11,13,25,33,1,332494676,4,12500000,210,147183,380304722
14136,2014-11-23,3,16,19,27,31,32,10,405577188,1,15000000,112,247269,419949224
14137,2014-11-25,3,6,9,11,25,29,9,296658774,27,5906822,223,53162,377779080
14138,2014-11-27,4,6,13,29,31,33,13,333290635,5,11482317,126,222337,379450576
14139,2014-11-30,1,14,15,20,25,29,11,340012160,10,8062601,102,252769,416872552
14140,2014-12-02,6,10,11,14,17,33,6,355086600,5,9914504,102,178584,369928040
14141,2014-12-04,8,9,11,16,21,24,10,298381028,22,6335444,168,144194,374573402
14142,2014-12-07,6,21,22,23,25,28,13,343788680,5,12000000,100,318025,419262206
14143,2014-12-09,3,12,18,20,25,26,16,323244502,14,6998852,197,114111,375707362
14144,2014-12-11,3,5,6,9,10,27,14,350262546,6,10122305,191,135692,379438954
14145,2014-12-14,10,12,13,23,26,29,11,359386704,9,8297945,142,173252,428104998
14146,2014-12-16,1,6,13,20,29,32,1,428190888,3,13333333,100,329347,383982986
14147,2014-12-18,6,7,22,26,31,32,10,460352344,4,12241950,93,254943,385071740
14148,2014-12-21,1,2,5,12,15,16,13,479691558,9,8710675,133,219887,425097618
14149,2014-12-23,7,9,10,15,19,33,1,562421886,2,15000000,154,222360,386664128
14150,2014-12-25,3,8,14,22,24,32,9,557171217,9,7717144,161,112222,393965122
14151,2014-12-28,4,5,8,11,21,27,8,521118039,13,6578931,195,67475,436728282
14152,2014-12-30,8,13,15,20,21,25,12,504014400,12,7133222,99,196953,403970126
15001,2015-01-01,1,7,9,16,20,23,6,512536696,8,8455559,125,176444,389811558
15002,2015-01-04,7,15,16,25,28,32,5,504837957,13,7372062,152,171355,445131362
15003,2015-01-06,10,15,20,23,24,31,15,529251380,5,10593703,98,229190,389418150
15004,2015-01-08,2,14,15,16,23,24,10,551117080,5,10408414,84,253602,391871604
15005,2015-01-11,7,10,16,17,18,32,15,589772988,7,10254852,142,235774,434233966
15006,2015-01-13,1,10,11,29,31,33,13,613260305,7,9466873,156,170417,381704996
15007,2015-01-15,1,7,9,17,20,33,8,615032608,8,8148741,96,197785,396557494
15008,2015-01-18,4,7,10,16,20,22,3,641915910,6,10114138,146,177096,441162104
15009,2015-01-20,4,7,14,17,21,25,14,642387330,13,7600598,171,174033,406130598
15010,2015-01-22,1,2,3,8,21,31,9,650777351,7,8682598,78,252855,408876968
15011,2015-01-25,4,14,15,17,18,20,15,710557160,5,12000000,100,365932,448888738
15012,2015-01-27,3,5,22,23,29,31,6,649012056,21,5752465,91,217057,370574586
15013,2015-01-29,8,9,24,25,26,29,1,649780284,12,6841461,155,178205,371312910
15014,2015-02-01,2,12,16,19,27,30,11,305609400,72,5079945,634,11348,413004748
15015,2015-02-03,1,7,20,24,25,33,4,325790184,6,8041259,94,242653,369504840
15016,2015-02-05,2,6,10,15,17,31,13,326819010,10,6855593,96,241613,370190678
15017,2015-02-08,13,18,20,25,27,33,12,357142667,7,8393437,73,406747,405548808
15018,2015-02-10,6,9,12,14,28,29,9,343063140,10,6306199,207,78876,356589678
15019,2015-02-12,2,6,11,19,25,26,4,337065060,12,6636421,213,115240,363865754
15020,2015-02-15,1,4,7,19,22,23,4,359013634,7,7958367,175,147918,404738304
15021,2015-02-17,14,15,16,17,27,28,8,311412624,16,5736340,147,100182,369500210
15022,2015-02-26,4,7,10,16,23,25,10,333076429,7,7943574,242,106430,428626486
15023,2015-03-01,8,9,10,13,29,30,1,344102175,9,7263666,297,85744,371421794
15024,2015-03-03,9,11,16,18,23,24,10,361697874,6,7884587,83,260655,297320432
15025,2015-03-05,10,11,12,15,27,32,14,428205689,0,0,89,249092,301966294
15026,2015-03-08,2,13,17,21,22,33,13,399549056,16,6166894,131,178151,346132854
15027,2015-03-10,5,7,9,16,26,29,7,269549046,26,5000000,147,6000,313056664
15028,2015-03-12,4,7,10,26,27,28,14,282421976,8,7403315,292,82305,318360502
15029,2015-03-15,7,14,15,19,21,28,7,290603075,7,7243174,109,180071,350574266
15030,2015-03-17,8,11,14,15,16,26,7,308254584,6,7887970,104,208267,313853770
15031,2015-03-19,1,5,7,22,26,32,11,301014330,10,6554899,113,172002,322648288
15032,2015-03-22,11,14,16,18,29,32,16,322806048,6,8138892,98,240221,356881788
15033,2015-03-24,3,6,21,29,31,32,5,350190906,2,10000000,93,169838,316147976
15034,2015-03-26,12,13,17,18,20,27,13,372366860,5,8430978,201,106684,319035578
15035,2015-03-29,1,8,9,22,24,33,3,356011799,13,6360697,226,97837,354232116
15036,2015-03-31,4,6,16,17,26,33,3,385090460,5,8932993,122,201485,314978372
15037,2015-04-02,5,7,12,18,28,31,3,456745930,0,0,232,102953,311121894
15038,2015-04-05,5,6,11,12,14,33,14,521569463,1,10000000,81,307915,330881502
15039,2015-04-07,1,13,15,26,29,30,12,527688511,7,7136054,85,219887,304495842
15040,2015-04-09,13,16,18,27,30,32,16,560707072,4,9819869,54,446284,320385120
15041,2015-04-12,4,9,11,17,21,25,6,505889468,17,5645612,226,60704,355451862
15042,2015-04-14,9,10,19,21,23,32,8,445522068,18,5598638,138,97604,328582874
15043,2015-04-16,11,12,15,24,26,27,15,437343962,11,6547831,66,322464,333265010
15044,2015-04-19,2,3,4,13,14,16,2,236303584,44,5156691,170,50694,361973072
15045,2015-04-21,1,5,13,22,30,31,7,244649655,5,7425169,110,137793,317791860
15046,2015-04-23,5,7,10,14,23,31,1,300076800,2,10000000,81,310399,324849386
15047,2015-04-26,2,3,20,24,26,27,9,259871028,12,5599825,68,132314,353219880
15048,2015-04-28,13,16,17,22,25,27,10,222018030,13,5759356,61,202287,314318648
15049,2015-04-30,7,12,14,17,20,23,5,213425469,9,6471007,83,199383,304091626
15050,2015-05-03,3,9,12,16,17,31,4,231625820,4,8472759,82,211753,330490908
15051,2015-05-05,4,10,24,26,28,32,9,252880206,3,9394471,107,154011,311895918
15052,2015-05-07,2,4,11,16,25,26,12,203256114,17,5756703,85,189175,312855530
15053,2015-05-10,3,7,17,22,32,33,10,209305224,9,7062590,265,87562,337772948
15054,2015-05-12,1,2,7,10,22,26,7,196780010,10,6362719,82,207731,305342532
15055,2015-05-14,1,10,15,18,19,28,2,208855998,6,7550060,102,187504,308523870
15056,2015-05-17,1,7,8,16,18,20,14,224467579,7,7629173,120,191710,333455694
15057,2015-05-19,9,20,24,25,26,32,4,254227996,4,9523674,69,327802,298048220
15058,2015-05-21,2,9,10,18,19,20,15,255306348,9,6861751,229,91461,302422308
15059,2015-05-24,2,6,9,16,25,32,14,311068287,3,10000000,64,446676,327035284
15060,2015-05-26,1,3,18,27,31,32,13,325336905,5,7855899,76,234860,294398362
15061,2015-05-28,6,18,22,26,32,33,4,366514881,3,10000000,82,289341,300873544
15062,2015-05-31,9,14,15,18,21,26,16,420456986,2,10000000,88,280083,323470788
15063,2015-06-02,1,7,9,16,22,32,12,425356078,7,7072680,183,99103,291740962
15064,2015-06-04,11,12,14,17,23,27,1,437144743,7,7430580,163,130475,298850352
15065,2015-06-07,8,10,14,19,26,29,12,456496222,7,7823453,127,194529,326011866
15066,2015-06-09,5,8,11,17,24,28,16,475169355,5,8176228,255,77848,295073100
15067,2015-06-11,2,5,8,24,25,31,14,460773196,13,6415492,163,141115,296388770
15068,2015-06-14,6,15,18,21,26,27,10,465249696,8,7021659,188,107535,326767662
15069,2015-06-16,1,13,17,18,23,30,15,470825144,8,7071611,108,191815,292089158
15070,2015-06-18,1,7,13,19,21,29,15,497421825,5,8752485,105,223362,294607168
15071,2015-06-21,8,18,20,28,29,31,8,440046866,14,5327923,121,47426,308073950
15072,2015-06-23,1,3,5,20,21,31,5,453763345,5,7815743,82,214614,293363242
15073,2015-06-25,1,2,17,22,26,27,4,471257280,5,8090468,103,187528,293054328
15074,2015-06-28,4,7,21,25,26,29,8,513223352,2,10000000,79,261460,320107256
15075,2015-06-30,6,11,13,19,21,32,4,565604258,2,10000000,88,274170,292719690
15076,2015-07-02,1,9,10,19,23,27,9,493791571,17,5282081,167,35893,294088268
15077,2015-07-05,1,6,8,10,13,27,16,543815196,3,10000000,63,423405,324775100
15078,2015-07-07,3,7,20,22,26,29,2,577316625,3,10000000,139,152281,291936416
15079,2015-07-09,9,14,15,20,26,32,11,496467738,18,5184871,157,26494,291775556
15080,2015-07-12,14,17,25,27,28,30,2,523386294,6,8449609,122,212066,314150596
15081,2015-07-14,13,20,22,26,28,31,13,532076736,6,7344875,62,283654,278500218
15082,2015-07-16,2,8,9,14,28,30,7,523423566,6,6293747,97,100032,288017344
15083,2015-07-19,6,7,16,18,29,32,5,479827975,17,5885655,235,80085,315704384
15084,2015-07-21,15,18,20,22,28,29,15,524697570,2,10000000,69,313379,281884996
15085,2015-07-23,2,8,25,27,28,29,5,562393449,3,10000000,100,225652,285325214
15086,2015-07-26,5,6,8,16,18,22,12,566691000,6,7078639,115,135563,308129834
15087,2015-07-28,9,15,16,19,20,28,11,610880852,1,10000000,136,132818,280174514
15088,2015-07-30,2,12,20,24,29,31,9,582193066,13,6015726,41,402574,287667610
15089,2015-08-02,12,14,19,27,28,29,1,625139856,3,10000000,94,258676,311873350
15090,2015-08-04,10,12,14,22,25,33,15,680071900,2,10000000,50,499546,282983042
15091,2015-08-06,5,7,17,19,22,31,11,705046588,4,9088608,105,194695,285818388
15092,2015-08-09,9,15,19,21,26,27,1,735532810,5,9035361,359,70253,318089362
15093,2015-08-11,1,3,13,21,25,31,8,742351320,4,7438046,97,125672,292493392
15094,2015-08-13,1,4,6,13,16,17,10,746713280,5,7135415,85,157015,295713760
15095,2015-08-16,4,15,21,28,30,31,4,772938425,5,8725465,76,306370,325059832
15096,2015-08-18,6,16,17,23,24,31,7,755803560,10,6195096,100,149387,294260644
15097,2015-08-20,9,12,14,20,26,27,4,741136594,11,6333323,827,22168,298570222
15098,2015-08-23,6,9,13,26,27,33,1,792540978,3,10000000,145,187136,329104206
15099,2015-08-25,6,7,10,11,14,22,9,792191150,5,6792739,91,123127,297598058
15100,2015-08-27,2,3,11,17,19,21,8,821878422,2,10000000,107,154789,302573068
15101,2015-08-30,8,16,22,24,28,29,5,817471200,8,6617853,133,121643,333057658
15102,2015-09-01,7,9,12,14,21,23,6,813396960,5,6521873,107,88894,300065068
15103,2015-09-03,6,8,13,26,30,32,14,837110700,3,9692574,138,127515,284270680
15104,2015-09-06,9,18,21,23,25,26,1,920084183,0,0,87,317906,332604432
15105,2015-09-08,9,10,16,19,20,26,12,895314612,12,6067588,180,88965,304229202
15106,2015-09-10,1,3,4,23,31,32,13,910114980,6,7715174,84,242426,305793682
15107,2015-09-13,7,14,16,18,21,25,8,911942185,7,6913101,96,174371,337547646
15108,2015-09-15,2,12,19,22,24,27,15,907674399,9,6645746,136,136137,309769258
15109,2015-09-17,1,8,9,16,32,33,13,929816615,7,7968426,132,196770,317531670
15110,2015-09-20,5,7,16,17,22,23,4,921225536,11,6534179,189,111613,340689020
15111,2015-09-22,8,14,16,18,20,30,12,936577124,7,7615667,142,161176,307364620
15112,2015-09-24,1,3,10,19,20,27,11,952587008,4,8273625,126,129905,306859802
15113,2015-09-27,1,5,7,8,19,27,12,974660050,7,7964833,177,146566,337101348
15114,2015-09-29,4,7,9,13,21,26,1,952803917,13,6206821,259,75717,297013542
15115,2015-10-01,1,7,8,14,24,32,3,911942840,10,5332324,114,36439,275624372
15116,2015-10-04,4,6,15,23,26,28,11,923015828,7,7393402,153,136877,298345670
15117,2015-10-06,4,11,12,18,26,32,12,954935922,3,10000000,85,242823,276307776
15118,2015-10-08,1,4,11,21,23,31,12,950170804,11,6660657,52,439116,302094780
15119,2015-10-11,2,8,10,18,23,31,8,958500564,6,7323016,112,155559,336177996
15120,2015-10-13,16,21,24,26,27,29,16,1007024322,1,10000000,136,143440,306978816
15121,2015-10-15,1,3,20,21,28,29,12,1040297060,4,9842976,69,350940,311696404
15122,2015-10-18,5,7,11,16,22,25,7,989011240,14,5486082,178,47789,340964698
15123,2015-10-20,5,8,9,12,22,28,7,992135264,8,6960182,263,74531,312976520
15124,2015-10-22,2,3,5,12,18,27,1,987064991,11,6650569,117,193977,314656346
15125,2015-10-25,5,13,22,27,30,33,10,990620057,7,7002860,69,253985,342693238
15126,2015-10-27,10,11,15,20,23,29,12,978661552,11,11422859,290,67463,321292184
15127,2015-10-29,7,10,19,22,27,33,6,924043914,18,8214795,99,162453,323385694
15128,2015-11-01,1,3,8,11,22,28,6,889484982,17,6078953,188,121956,353929358
15129,2015-11-03,5,8,11,16,18,27,4,934367160,2,15000000,122,177273,330274852
15130,2015-11-05,6,14,15,16,17,22,10,957074000,5,13469588,179,121144,329910968
15131,2015-11-08,10,12,13,19,22,26,3,971589906,7,12572255,100,225072,352871146
15132,2015-11-10,3,5,11,28,30,33,1,991052692,7,12829235,72,343830,324697916
15133,2015-11-12,2,3,13,20,22,24,15,1037218347,3,15000000,78,325494,318320120
15134,2015-11-15,2,5,14,19,27,31,4,1078946224,4,15000000,198,137589,359304970
15135,2015-11-17,1,12,14,18,26,32,7,1085902032,6,12239746,85,197624,323653256
15136,2015-11-19,2,5,12,23,28,29,1,1134489732,3,15000000,183,143147,332169672
15137,2015-11-22,14,22,23,27,28,31,12,1183970392,2,15000000,74,312975,357991902
15138,2015-11-24,1,2,8,16,19,24,11,1160191307,11,11032096,108,131401,317036346
15139,2015-11-26,1,10,13,18,25,27,9,1158957645,5,11728461,91,118712,323569236
15140,2015-11-29,6,20,28,29,30,31,12,1188582820,5,13972740,131,189539,363959858
15141,2015-12-01,3,8,19,25,27,28,2,1174709536,8,11187578,173,68646,329544366
15142,2015-12-03,13,17,19,20,22,25,11,1221938746,2,15000000,66,339541,326956020
15143,2015-12-06,13,15,19,20,21,32,4,1253527944,6,13732678,75,373267,363104978
15144,2015-12-08,1,4,7,15,28,32,16,1278764676,6,13347680,110,228250,330530758
15145,2015-12-10,7,8,15,19,20,24,13,1248915010,14,11042866,143,127623,327973844
15146,2015-12-13,16,17,21,28,30,32,15,1307571540,3,15000000,73,404824,368273034
15147,2015-12-15,8,9,16,23,24,30,5,1187906265,29,5490089,181,63623,331495570
15148,2015-12-17,9,13,14,22,26,27,7,1127755566,18,5603016,298,45529,330278892
15149,2015-12-20,9,10,20,21,22,33,9,960924480,40,5301535,340,44343,368458204
15150,2015-12-22,1,3,8,11,29,31,13,1022632570,1,10000000,225,106234,333813118
15151,2015-12-24,5,6,8,23,31,32,11,1050789000,5,8865922,74,326513,350309390
15152,2015-12-27,11,18,19,21,29,32,12,1026723516,14,6193104,102,204699,392322240
15153,2015-12-29,8,11,15,22,27,29,3,999785925,15,6165149,143,152773,348341018
15154,2015-12-31,7,9,11,15,18,25,7,984457630,13,6389418,120,188150,364605498
16001,2016-01-03,6,13,16,18,20,22,13,1022461915,5,9582130,154,185963,388445976
16002,2016-01-05,9,14,17,20,24,30,16,1049581785,5,8790536,231,102557,343096096
16003,2016-01-07,1,10,14,23,26,28,1,1047367656,12,6751087,170,154507,351825302
16004,2016-01-10,8,10,17,22,25,33,12,1053582237,9,7069276,299,77857,376467244
16005,2016-01-12,11,14,18,20,31,33,14,816820648,56,5280769,55,357342,347622842
16006,2016-01-14,13,16,18,20,28,31,12,880487026,2,10000000,93,299879,357519610
16007,2016-01-17,5,12,14,20,27,29,6,864189106,11,6279407,155,113495,398316866
16008,2016-01-19,2,15,24,29,32,33,2,893240990,5,8931046,73,336562,355411856
16009,2016-01-21,10,14,24,25,27,32,4,937517775,3,10000000,71,348717,341116278
16010,2016-01-24,2,4,12,14,19,25,6,922316332,14,6423339,121,205854,359088730
16011,2016-01-26,3,8,10,15,22,29,12,752133812,43,5379006,232,87808,332990472
16012,2016-01-28,7,12,14,16,27,32,15,800780176,2,10000000,87,263012,336562836
16013,2016-01-31,7,12,21,22,26,31,1,860575404,3,10000000,100,299317,370420948
16014,2016-02-02,2,8,10,18,20,27,7,667745460,45,5259960,113,129405,321027466
16015,2016-02-04,1,2,14,22,25,26,7,692442990,5,8614366,87,259652,346224370
16016,2016-02-14,1,20,22,24,25,26,16,721026255,5,8896964,91,267648,316931514
16017,2016-02-16,5,6,8,20,22,30,5,698821392,12,6145307,189,90897,293890064
16018,2016-02-18,12,13,14,17,21,25,4,725711885,5,8773854,81,291192,316712952
16019,2016-02-21,6,13,16,17,23,30,10,497880207,51,5193713,231,53459,354746834
16020,2016-02-23,1,2,10,12,22,24,10,540251214,3,10000000,109,221318,317041006
16021,2016-02-25,9,11,13,22,24,26,5,567576885,5,8805503,172,138281,330776764
16022,2016-02-28,4,9,19,22,23,30,7,574633808,8,7138951,163,131224,370206784
16023,2016-03-01,3,6,10,19,25,29,7,552702346,14,6248533,235,92975,337590682
16024,2016-03-03,2,5,7,14,18,31,13,551044179,9,6751185,157,125483,344808140
16025,2016-03-06,4,11,12,17,24,30,12,497263041,19,5788878,420,44609,379126514
16026,2016-03-08,4,9,12,28,30,33,1,573762988,0,0,77,331168,329158276
16027,2016-03-10,11,13,15,17,19,31,5,607947604,4,9925874,213,115630,337818690
16028,2016-03-13,6,8,12,21,25,29,1,639478896,7,8456171,282,107239,370238316
16029,2016-03-15,12,15,18,20,21,27,15,673974740,5,9326970,99,273167,347727124
16030,2016-03-17,10,14,19,22,25,29,12,202797966,98,5069845,552,15500,351985986
16031,2016-03-20,3,8,10,19,26,33,3,190281234,13,6468063,191,124900,385818800
16032,2016-03-22,8,12,14,15,21,27,15,228889010,5,9626020,154,187744,339342300
16033,2016-03-24,6,17,18,20,27,29,15,296662312,2,10000000,119,245863,338637474
16034,2016-03-27,3,15,21,22,23,28,15,388316232,1,10000000,107,316678,380415644
16035,2016-03-29,4,13,19,20,26,29,11,378328346,11,6488004,187,109412,343407218
16036,2016-03-31,3,4,7,9,20,22,3,439352386,2,10000000,116,232827,348368584
16037,2016-04-03,6,15,26,31,32,33,16,494817840,3,10000000,97,293695,350165940
16038,2016-04-05,3,12,13,22,28,29,3,530930396,4,10000000,182,139400,325081790
16039,2016-04-07,1,3,7,18,19,27,16,568328305,5,9538029,189,150067,335090614
16040,2016-04-10,3,13,19,20,23,26,3,568128108,12,6812115,167,162764,365246422
16041,2016-04-12,12,17,18,21,22,24,4,612243516,3,10000000,98,252093,330501352
16042,2016-04-14,7,14,17,23,26,31,9,589832826,11,6077332,129,114831,334864386
16043,2016-04-17,5,14,20,26,30,33,12,605438772,6,7763996,88,235567,364494720
16044,2016-04-19,1,3,10,12,18,30,1,632010456,6,8428587,147,174927,335979238
16045,2016-04-21,4,9,12,17,30,32,3,696734182,1,10000000,86,289626,336323174
16046,2016-04-24,7,20,25,26,27,30,14,779578465,0,0,90,306830,364459490
16047,2016-04-26,2,5,8,15,17,22,16,806292000,5,8760984,172,136663,324937604
16048,2016-04-28,3,8,13,14,15,30,4,830538816,6,8287686,115,214414,329538828
16049,2016-05-01,6,8,13,14,22,27,10,796447605,15,5991728,172,108109,330279014
16050,2016-05-03,9,12,24,28,29,30,2,823767052,4,9301768,116,185421,308889140
16051,2016-05-05,1,2,4,9,15,33,12,872097902,2,10000000,58,392706,324257380
16052,2016-05-08,1,6,13,19,24,28,16,876129336,12,6940346,218,133510,353216208
16053,2016-05-10,2,8,10,12,29,31,1,903222855,5,8788619,165,143508,320149454
16054,2016-05-12,6,11,16,19,28,32,4,914302376,8,7321796,204,113813,324349586
16055,2016-05-15,5,6,10,16,22,26,11,902490160,11,6427695,232,84615,350383284
16056,2016-05-17,3,4,8,11,16,18,14,925399830,6,8206646,180,133610,326490562
16057,2016-05-19,7,12,19,22,23,26,11,915017488,11,6474964,256,79221,325499780
16058,2016-05-22,3,5,18,20,24,32,11,981243730,2,10000000,130,221092,357296334
16059,2016-05-24,4,11,12,20,25,28,15,989524476,9,7152757,153,158290,322601954
16060,2016-05-26,4,5,22,26,29,32,8,914524470,15,5000000,47,6000,320540202
16061,2016-05-29,5,6,8,18,20,32,8,835286844,21,5446101,127,92206,340147518
16062,2016-05-31,12,13,15,18,19,21,9,865680358,2,10000000,116,144808,305198008
16063,2016-06-02,16,17,18,23,28,32,7,910497831,0,0,83,179989,304409952
16064,2016-06-05,3,12,14,17,19,26,3,900497807,11,6487602,116,176332,332534594
16065,2016-06-07,13,16,22,25,26,27,14,945654750,2,10000000,87,249643,298326848
16066,2016-06-09,3,7,13,18,19,20,5,921254130,10,5930886,207,56212,275334312
16067,2016-06-12,9,13,18,20,27,31,4,946443820,5,8650159,117,194987,327487486
16068,2016-06-14,8,19,23,28,31,32,1,991629338,2,10000000,58,374629,295768168
16069,2016-06-16,8,10,11,20,21,27,11,1001117928,6,7393248,168,106841,300232584
16070,2016-06-19,3,6,11,18,23,29,1,1023740893,7,7993400,264,99213,326894102
16071,2016-06-21,19,21,26,28,29,32,1,1061458288,4,10000000,83,312118,293734448
16072,2016-06-23,5,16,19,22,24,25,2,1100767568,2,10000000,79,250250,290670126
16073,2016-06-26,9,11,12,15,16,20,13,1116225045,5,7942362,80,229872,327032018
16074,2016-06-28,6,10,11,12,20,25,12,838131500,62,5187134,154,94175,297584738
16075,2016-06-30,1,3,6,16,29,32,7,890340179,0,0,65,267736,295574016
16076,2016-07-03,7,8,13,22,30,32,1,917666478,6,8474321,112,232655,331977974
16077,2016-07-05,1,9,17,19,20,29,10,933341379,3,8718169,93,149926,294629008
16078,2016-07-07,2,4,8,23,26,29,2,953135832,6,8017845,65,348212,296681554
16079,2016-07-10,1,3,10,12,24,28,2,1012281038,2,10000000,101,261205,322821956
16080,2016-07-12,1,16,17,24,25,32,14,1042999580,4,9610776,88,261975,288372472
16081,2016-07-14,2,6,15,25,30,32,7,1066490094,3,9665516,73,239666,288505018
16082,2016-07-17,6,12,14,15,17,20,9,1048143580,10,6151036,89,161662,323658370
16083,2016-07-19,9,16,17,24,30,31,4,1056212003,7,7237320,99,197743,291921542
16084,2016-07-21,2,4,12,18,24,26,5,1068920080,5,7742405,101,169703,288778286
16085,2016-07-24,1,12,19,20,21,25,16,1079747823,7,7380661,245,85023,319888112
16086,2016-07-26,9,10,11,12,15,32,5,1098197736,6,7936358,62,355204,286788850
16087,2016-07-28,2,3,10,11,14,21,12,1124530659,3,10000000,84,223543,288396896
16088,2016-07-31,3,14,16,18,25,33,15,1149627355,5,8643396,79,288243,320354148
16089,2016-08-02,1,3,14,30,31,32,8,1120249570,10,5749899,48,195286,288232376
16090,2016-08-04,2,13,17,20,21,26,7,1033308810,23,5443624,164,77769,294008068
16091,2016-08-07,4,8,14,22,23,28,7,994429110,17,5986530,226,92760,329710234
16092,2016-08-09,2,13,15,23,24,29,6,908473144,19,5173091,97,42380,299992386
16093,2016-08-11,6,9,15,17,25,27,9,843280596,18,5501160,131,86077,298416216
16094,2016-08-14,6,7,10,12,18,31,10,861184896,4,8445845,83,207581,324311584
16095,2016-08-16,1,5,9,12,18,32,12,866140800,7,7075631,73,248791,297413702
16096,2016-08-18,6,13,14,21,22,24,16,888068045,5,8412890,110,193914,296887214
16097,2016-08-21,6,13,25,26,28,31,1,886496310,9,6754677,101,195446,327274678
16098,2016-08-23,2,8,25,29,31,32,6,908084049,3,9434877,63,263980,296350008
16099,2016-08-25,1,11,21,23,27,33,6,930007164,4,8811192,111,171675,300016648
16100,2016-08-28,3,10,22,23,27,29,4,960230040,4,9565716,87,262397,335027586
16101,2016-08-30,1,3,19,24,32,33,1,1005245634,3,10000000,45,555671,303829992
16102,2016-09-01,5,8,10,14,17,30,13,1007804693,7,6951119,339,50360,304528374
16103,2016-09-04,1,5,13,19,24,27,11,977024997,13,5957211,116,134092,334526552
16104,2016-09-06,5,9,11,18,30,31,4,1025995488,2,10000000,72,319307,304391928
16105,2016-09-08,8,10,19,27,28,31,16,1011744422,13,6419550,153,150769,304435234
16106,2016-09-11,4,5,13,22,25,30,4,1036874166,6,8341196,119,210579,329967722
16107,2016-09-13,6,11,18,26,27,32,1,1016647606,13,6252404,230,88485,295842288
16108,2016-09-15,2,3,7,8,19,26,16,1033314654,6,7828306,174,121909,278530656
16109,2016-09-18,9,11,15,16,27,33,5,1031137928,8,6719240,93,184864,339043452
16110,2016-09-20,5,7,28,31,32,33,8,1037073225,5,7249839,55,255663,306664040
16111,2016-09-22,2,4,7,14,15,32,4,1080979719,3,10000000,68,362286,310894592
16112,2016-09-25,6,12,14,15,18,25,12,1082109240,8,6869523,105,178049,339124224
16113,2016-09-27,1,11,16,17,20,26,14,1097496306,6,7750731,95,217162,301675518
16114,2016-09-29,5,16,20,22,27,29,9,1005529350,21,5225680,103,57515,300350554
16115,2016-10-02,6,8,20,22,26,27,9,984826752,13,6239088,62,324761,307770194
16116,2016-10-04,7,18,20,23,27,31,13,997623156,6,7593721,52,374094,268669114
16117,2016-10-06,3,10,14,17,28,33,2,971854560,12,6037315,167,93172,281128494
16118,2016-10-09,9,14,22,23,31,33,14,1017168724,4,10000000,97,293175,338792784
16119,2016-10-11,9,19,21,30,31,32,4,1044045944,4,9261565,353,60362,302415052
16120,2016-10-13,2,5,6,21,25,28,9,1054589076,6,7457159,139,132580,309329228
16121,2016-10-16,2,3,10,23,25,28,9,1082073970,5,8817083,106,225063,340006950
16122,2016-10-18,15,22,23,24,28,29,8,1089129612,6,7245796,96,175452,305059324
16123,2016-10-20,7,9,12,14,20,27,16,1119192450,3,10000000,191,104821,305299416
16124,2016-10-23,9,15,21,24,27,32,10,1144946805,5,8691225,120,192251,370331346
16125,2016-10-25,1,6,8,20,27,30,3,1117386530,10,5815990,94,108509,346147358
16126,2016-10-27,2,6,12,17,18,19,10,1154908300,4,10000000,182,141981,347402822
16127,2016-10-30,7,12,17,26,29,31,16,1208693682,3,10000000,127,219909,377635784
16128,2016-11-01,4,9,11,17,26,27,13,1172302677,17,6039764,216,102291,346505806
16129,2016-11-03,5,6,8,21,31,33,14,1236923614,2,10000000,107,263616,356293078
16130,2016-11-06,3,17,21,23,27,28,1,1258366632,8,7792864,88,317370,389013348
16131,2016-11-08,4,10,18,19,25,27,2,1286258608,4,9353816,112,194366,341425796
16132,2016-11-10,5,8,13,19,27,28,7,1107687796,37,5063186,358,8163,349399364
16133,2016-11-13,15,16,21,22,27,33,15,1035115770,26,5803188,242,107866,397601552
16134,2016-11-15,11,12,13,14,18,33,13,1057618368,8,7841027,107,265516,356409344
16135,2016-11-17,2,8,10,18,20,33,12,973012992,24,5536282,172,93537,353219786
16136,2016-11-20,2,7,10,20,27,29,3,989371808,8,7561764,117,218954,396457052
16137,2016-11-22,1,6,9,10,15,32,14,1024045140,4,9970303,90,276127,339962622
16138,2016-11-24,7,16,20,24,25,30,7,998764932,12,6052114,160,98635,350229764
16139,2016-11-27,1,6,19,26,28,30,3,1041642655,5,9936561,94,328228,395456724
16140,2016-11-29,1,2,5,17,26,32,10,998908480,16,5846950,84,201654,360447386
16141,2016-12-01,4,13,15,17,21,24,15,1025247440,7,8186439,106,263031,371798444
16142,2016-12-04,1,10,17,21,23,30,12,1025247212,11,6818174,85,294116,407120242
16143,2016-12-06,6,9,23,24,25,33,13,1055352355,5,9007647,143,175159,378923738
16144,2016-12-08,4,10,12,27,32,33,5,1031610174,14,6201501,86,244491,372346108
16145,2016-12-11,1,3,7,12,19,20,6,1019425688,8,6264341,157,80531,398955964
16146,2016-12-13,3,7,15,16,17,23,10,1030668248,8,7329207,133,175128,344859752
16147,2016-12-15,4,14,18,28,31,32,12,1053462300,5,8475931,113,192252,341474648
16148,2016-12-18,1,2,11,20,26,30,14,1060899760,10,7088635,158,165240,381634232
16149,2016-12-20,3,20,23,26,32,33,7,1069092085,5,7413987,77,195940,342258704
16150,2016-12-22,2,4,5,9,13,21,5,1010476368,22,5849327,140,166832,350741078
16151,2016-12-25,6,11,16,20,22,33,7,1013655324,11,6923271,130,203422,375311070
16152,2016-12-27,2,8,9,16,20,22,7,974772214,17,5986457,247,84867,338973816
16153,2016-12-29,7,9,16,24,25,29,6,990091165,5,7932287,247,74197,342438226
17001,2017-01-01,9,11,14,20,25,26,15,1007519355,9,7522351,184,154219,376155592
17002,2017-01-03,15,19,23,24,25,32,3,1046185700,4,10000000,67,391374,333473696
17003,2017-01-05,1,4,8,15,27,32,16,1089595542,3,10000000,80,305874,328263696
17004,2017-01-08,5,13,17,26,27,30,7,1046462778,18,5946813,294,72460,361243290
17005,2017-01-10,6,11,12,22,23,30,5,1018195332,14,6083962,204,92986,328457210
17006,2017-01-12,2,4,8,26,29,33,8,1019607668,4,6946576,70,139041,327823184
17007,2017-01-15,2,4,5,24,26,33,15,1049607797,7,8376630,62,476540,358098002
17008,2017-01-17,7,13,15,27,28,29,13,1039620330,10,6455001,165,110227,318368112
17009,2017-01-19,2,6,8,9,15,29,14,1043538642,9,6976497,145,153348,318286702
17010,2017-01-22,5,8,19,25,28,30,7,914275770,30,5251359,231,40805,350388682
17011,2017-01-24,10,11,12,23,26,29,16,914786466,11,6835064,229,110184,318019266
17012,2017-01-26,10,11,14,15,16,24,7,919697751,9,7016617,80,283586,329120186
17013,2017-02-05,8,11,28,29,31,33,6,924629020,10,6997500,99,252209,377878424
17014,2017-02-07,6,8,18,20,23,31,13,944740410,5,8280828,144,142397,307538720
17015,2017-02-09,1,8,9,14,17,32,1,976589244,4,9713530,101,233343,314977594
17016,2017-02-12,5,8,16,22,27,29,2,957434232,12,6237727,222,83630,349767606
17017,2017-02-14,3,7,8,10,22,23,12,973496920,5,7986377,120,155540,329086094
17018,2017-02-16,1,2,3,17,25,31,9,976565180,5,7041328,91,140201,332385048
17019,2017-02-19,4,6,8,12,23,25,8,992823572,4,8296217,111,148478,362828374
17020,2017-02-21,4,8,10,12,31,33,10,1016040400,4,8928802,87,225793,321450250
17021,2017-02-23,2,5,10,22,32,33,9,984320688,16,6097279,115,190831,329896520
17022,2017-02-26,2,6,15,16,18,32,15,1029761908,4,10000000,63,452069,370988738
17023,2017-02-28,1,3,4,11,18,22,14,1072263213,3,10000000,108,223769,337872226
17024,2017-03-02,9,21,25,26,29,31,13,1093529538,6,8107050,120,194190,342020216
17025,2017-03-05,2,15,16,17,22,32,7,1076249141,11,6246929,176,97416,372684176
17026,2017-03-07,3,10,12,19,27,30,8,954816000,30,5346265,385,33727,338217710
17027,2017-03-09,2,4,11,14,27,30,5,980689536,3,9954368,76,244458,344767540
17028,2017-03-12,7,8,12,13,22,30,9,977766651,9,6700085,152,125828,377657484
17029,2017-03-14,2,15,21,23,25,30,10,1003660344,4,9172154,53,393599,343011048
17030,2017-03-16,1,7,9,20,23,30,2,1037107695,5,9250716,81,327987,350487064
17031,2017-03-19,6,10,16,26,27,29,3,924910650,30,5458217,344,49951,377406752
17032,2017-03-21,5,8,15,24,27,31,11,609910623,63,5000000,284,6000,346410188
17033,2017-03-23,5,7,15,20,23,30,15,610298424,12,6829933,205,133897,346477046
17034,2017-03-26,4,7,8,19,32,33,13,618519064,8,7191847,146,150126,373962682
17035,2017-03-28,1,6,14,24,28,32,12,568068720,16,5671583,164,81900,342022594
17036,2017-03-30,1,2,5,10,24,27,15,613555992,4,10000000,134,212654,340257990
17037,2017-04-02,11,15,20,22,25,30,5,629265693,7,7634270,102,225979,346434206
17038,2017-04-04,1,4,8,13,24,27,5,656476865,5,8797176,191,124253,310673636
17039,2017-04-06,2,4,12,14,17,24,15,730094377,1,10000000,109,255711,330405710
17040,2017-04-09,15,19,23,28,29,33,4,691582671,13,5740931,82,146830,359413424
17041,2017-04-11,4,10,13,15,22,27,4,634663869,21,5832574,114,191711,322450520
17042,2017-04-13,1,2,4,7,10,23,4,652974432,8,7650480,69,384127,326995938
17043,2017-04-16,8,13,16,23,27,31,8,669647148,4,8333883,170,98055,348879160
17044,2017-04-18,8,16,19,21,31,32,6,636516015,15,6015002,81,234954,318935018
17045,2017-04-20,5,7,16,20,21,25,5,664910592,4,9399507,99,222197,320562564
17046,2017-04-23,4,13,14,23,26,32,10,677946402,6,7608231,95,205912,348845228
17047,2017-04-25,2,5,8,10,32,33,2,694177440,6,7801881,181,116100,313845556
17048,2017-04-27,5,8,9,14,15,19,7,664324529,11,5831308,107,106827,317465116
17049,2017-04-30,1,8,14,15,20,29,10,680077398,7,7636512,113,204154,326777700
17050,2017-05-02,10,12,20,24,27,29,7,700584945,5,8309640,64,323207,308163776
17051,2017-05-04,2,5,9,15,24,25,11,682920580,10,6175841,194,75762,315667040
17052,2017-05-07,7,8,18,24,29,31,7,704802480,5,8409592,182,117087,346847224
17053,2017-05-09,4,9,11,15,29,31,6,716619576,6,7534369,77,246854,316559816
17054,2017-05-11,2,3,9,23,28,33,8,746396522,2,10000000,73,227292,315730948
17055,2017-05-14,7,12,13,20,24,31,5,685895820,20,5718169,109,164717,342200872
17056,2017-05-16,13,14,18,19,21,28,6,697988120,8,7367832,184,128686,317424132
17057,2017-05-18,18,20,22,23,30,31,16,698067117,9,6821373,71,288597,314697362
17058,2017-05-21,1,9,13,22,28,32,11,702858272,8,7035961,111,183419,338794650
17059,2017-05-23,4,8,9,15,19,25,9,586532102,26,5191242,222,27997,306145516
17060,2017-05-25,5,10,13,24,26,31,4,613018696,4,9226054,113,186993,320553910
17061,2017-05-28,6,7,12,20,26,27,11,546535704,22,5719289,236,83815,327891234
17062,2017-05-30,1,7,22,24,26,31,10,588631018,2,10000000,50,413968,292747704
17063,2017-06-01,12,16,20,22,25,31,4,624355820,4,10000000,246,102608,307572084
17064,2017-06-04,2,10,16,22,24,28,15,654376180,5,9001480,158,158286,351655222
17065,2017-06-06,2,5,8,10,12,21,7,619300374,14,5907122,181,87705,320800086
17066,2017-06-08,1,4,6,17,19,26,3,624968496,8,7075823,103,201536,329821920
17067,2017-06-11,1,3,4,10,18,29,4,630964440,10,7036216,131,194295,356270498
17068,2017-06-13,2,6,10,22,30,31,15,655631053,7,8099564,102,265894,320912348
17069,2017-06-15,2,11,12,23,29,31,5,683978436,3,10000000,98,198460,326172358
17070,2017-06-18,1,6,14,22,25,26,12,709557056,4,9143511,92,225190,357559628
17071,2017-06-20,2,3,6,14,31,32,3,745151312,4,10000000,51,494080,322489468
17072,2017-06-22,6,11,14,23,26,30,2,740584900,11,6667226,94,243876,321195342
17073,2017-06-25,3,6,16,23,26,30,14,747555120,9,7099806,173,136548,347269730
17074,2017-06-27,2,6,16,23,30,31,2,720097616,16,6194147,548,43582,312167868
17075,2017-06-29,1,3,6,19,21,29,7,711353370,7,6363935,90,132604,320592160
17076,2017-07-02,1,4,8,9,14,15,13,721042021,7,7321488,115,176634,346391726
17077,2017-07-04,1,2,4,15,17,22,14,752910976,4,9715359,93,253513,310153396
17078,2017-07-06,5,7,18,19,22,24,16,763870919,7,7387529,160,130568,308678006
17079,2017-07-09,3,7,14,23,25,27,8,772154315,5,7420610,107,141390,338568770
17080,2017-07-11,1,12,16,20,22,24,8,761168290,10,6418690,103,172171,309113400
17081,2017-07-13,3,5,14,25,26,30,5,771574680,4,7764217,134,103142,311169340
17082,2017-07-16,14,18,21,25,28,29,10,770257854,9,6764976,120,165466,340327376
17083,2017-07-18,3,8,14,20,24,26,12,741221637,13,6005980,161,101535,305712986
17084,2017-07-20,1,5,11,20,22,24,2,746247204,9,7021235,98,232029,314750766
17085,2017-07-23,1,5,6,16,25,30,9,736565578,7,6315240,148,77759,340676888
17086,2017-07-25,3,5,6,13,20,22,7,741969095,5,7211165,73,189312,313250840
17087,2017-07-27,3,6,13,14,19,28,6,705056937,13,5785674,105,121592,316090948
17088,2017-07-30,7,9,18,22,23,29,6,702515540,10,6725767,406,53133,346380162
17089,2017-08-01,11,12,13,16,23,25,12,750483542,2,10000000,69,328347,314842050
17090,2017-08-03,1,7,10,16,22,33,9,772752284,4,8842613,84,228726,312174318
17091,2017-08-06,5,7,10,23,28,29,3,795913308,4,8923729,141,139139,337138076
17092,2017-08-08,10,18,19,29,32,33,9,826577324,4,9605819,131,175794,308876342
17093,2017-08-10,7,8,9,15,22,27,12,662712921,39,5290308,238,59464,308248758
17094,2017-08-13,8,11,13,19,28,31,6,658076283,9,6630843,128,143335,341689810
17095,2017-08-15,9,10,12,19,22,29,16,632720984,14,6159602,332,61123,317203922
17096,2017-08-17,2,6,11,12,19,29,6,611617622,14,6270042,165,134701,322973284
17097,2017-08-20,5,10,18,19,30,31,3,616091250,10,6980859,183,135304,348913966
17098,2017-08-22,4,19,22,27,30,33,1,561544774,14,5401390,93,75530,314009676
17099,2017-08-24,2,5,6,16,28,29,4,460398735,27,5455945,142,108367,310565530
17100,2017-08-27,4,7,8,18,23,24,2,435010976,16,6241187,117,212168,343590604
17101,2017-08-29,1,4,11,28,31,32,16,498878630,2,10000000,51,548154,313219868
17102,2017-08-31,4,8,10,14,18,20,11,455170324,14,5682901,150,79671,315963272
17103,2017-09-03,1,21,23,25,31,33,1,469614348,9,7401779,64,422187,347478996
17104,2017-09-05,1,14,15,20,23,30,14,523607612,2,10000000,93,265208,310263038
17105,2017-09-07,3,6,7,12,25,26,7,385864894,29,5091000,254,12987,314223620
17106,2017-09-10,12,15,20,25,27,31,2,421291764,4,10000000,82,306613,346574690
17107,2017-09-12,8,9,15,17,30,32,6,368859616,19,5814695,202,95787,319335446
17108,2017-09-14,7,12,14,15,17,20,1,390692040,6,8141359,113,208497,320774192
17109,2017-09-17,8,14,16,18,21,23,16,436050760,4,10000000,96,296384,349302018
17110,2017-09-19,1,3,12,15,19,23,14,482979264,3,10000000,68,377100,316936062
17111,2017-09-21,5,10,17,19,29,32,12,443532928,16,5921674,99,186196,317976914
17112,2017-09-24,3,10,14,16,22,23,11,490214060,2,10000000,76,292461,346255520
17113,2017-09-26,4,6,16,27,29,33,5,507647724,4,8403060,75,226870,316223542
17114,2017-09-28,6,12,13,15,18,26,13,533714324,4,9187872,89,235273,321554260
17115,2017-10-01,4,10,11,25,30,31,1,557069238,6,8233631,128,189470,322048056
17116,2017-10-03,2,14,20,22,30,32,2,550134702,9,6537998,85,203558,270066216
17117,2017-10-05,1,2,8,11,14,21,9,565108899,3,8633236,53,257068,277103412
17118,2017-10-08,8,9,15,22,30,33,16,562212840,12,6730422,123,211027,339910326
17119,2017-10-10,9,16,21,25,26,31,14,557828271,11,6673237,127,181157,311293858
17120,2017-10-12,8,10,15,19,23,28,16,590730365,5,9211061,192,137078,319254526
17121,2017-10-15,11,18,19,22,24,32,7,597274960,5,7294152,136,105429,344520506
17122,2017-10-17,11,20,21,22,24,27,15,624823324,4,9322578,52,415632,323216212
17123,2017-10-19,4,5,6,11,21,31,10,578631376,16,5768364,237,64840,327467830
17124,2017-10-22,2,6,11,26,28,29,3,582215080,8,6981077,126,157228,352610564
17125,2017-10-24,1,14,23,25,29,30,3,598302894,6,7793201,133,157511,324821104
17126,2017-10-26,1,16,17,21,27,30,16,618963440,8,7757297,63,437666,328800104
17127,2017-10-29,14,15,21,24,27,32,12,647103220,4,9376343,63,347328,351381232
17128,2017-10-31,2,6,13,22,29,31,8,588766113,13,5186374,111,27284,323872230
17129,2017-11-02,5,6,9,14,21,33,2,638652615,3,10000000,116,229558,334351058
17130,2017-11-05,5,13,14,23,25,31,2,690570120,5,10000000,211,161007,401382016
17131,2017-11-07,1,7,10,11,26,27,11,600864875,25,5513378,131,122466,367788616
17132,2017-11-09,2,3,5,9,13,28,11,633905850,6,8820665,139,206151,377852842
17133,2017-11-12,6,15,17,18,23,30,11,662957197,7,8327342,223,130557,400247724
17134,2017-11-14,4,5,11,14,28,32,4,635172616,13,6040990,99,170869,365781644
17135,2017-11-16,1,6,7,14,18,26,16,659493336,8,7923669,147,198889,378825098
17136,2017-11-19,3,7,10,18,21,24,12,614278265,19,5952821,216,104766,401556928
17137,2017-11-21,5,10,20,23,26,31,3,635431923,7,7917073,146,174824,376184186
17138,2017-11-23,1,17,24,28,32,33,2,672085896,6,9039634,79,383509,377937674
17139,2017-11-26,2,14,20,24,28,32,16,721754472,6,9828398,92,393619,409744564
17140,2017-11-28,21,22,25,28,29,30,8,687332768,16,6035870,83,249607,376479116
17141,2017-11-30,1,6,7,11,13,15,5,698733752,4,7854635,78,182989,374075240
17142,2017-12-03,8,13,14,18,23,33,6,712354014,6,7643652,149,133069,417715258
17143,2017-12-05,4,6,9,14,20,29,14,707688280,13,6687672,164,167223,383967718
17144,2017-12-07,3,14,16,20,31,32,9,696647832,8,6316343,54,243767,394649686
17145,2017-12-10,2,6,12,17,25,28,12,574055706,31,5380151,458,32163,434698744
17146,2017-12-12,1,19,25,26,27,33,10,515383281,21,5802209,252,83563,409358700
17147,2017-12-14,3,7,20,21,25,31,14,585636222,3,10000000,131,255096,397012632
17148,2017-12-17,4,7,11,14,29,32,12,558628074,18,6272562,274,104498,419003890
17149,2017-12-19,5,8,15,20,27,30,13,229382406,67,5031231,1126,6000,389703152
17150,2017-12-21,6,14,19,20,21,23,8,231409917,9,6900101,82,260684,382821120
17151,2017-12-24,2,5,7,9,11,27,16,265615770,6,8891264,171,170669,410102286
17152,2017-12-26,6,10,23,25,26,29,5,270223240,8,7027612,129,157179,367326916
17153,2017-12-28,7,11,12,13,18,19,16,324719716,4,10000000,165,190901,372349292
17154,2017-12-31,5,9,13,15,18,26,5,338693168,11,7280114,141,222351,414241024
18001,2018-01-02,1,8,11,26,28,31,4,278621134,22,5825255,191,118819,367348082
18002,2018-01-04,7,18,24,29,31,33,16,338840952,3,10000000,94,319928,351610618
18003,2018-01-07,1,14,16,17,20,31,4,384536000,5,10000000,167,191008,388121442
18004,2018-01-09,14,18,19,26,30,31,11,358237373,13,6082556,55,319846,349304820
18005,2018-01-11,2,20,21,28,31,33,6,423934061,1,10000000,68,371062,354961030
18006,2018-01-14,2,7,8,9,17,29,11,425081503,11,6856113,172,148381,387617618
18007,2018-01-16,13,14,20,25,27,31,12,435109760,8,7274011,132,172273,354279554
18008,2018-01-18,5,9,10,12,17,19,13,427643568,11,6571365,144,150043,359785672
18009,2018-01-21,5,10,17,23,26,32,7,364964347,17,5477449,221,45908,384256808
18010,2018-01-23,1,8,17,20,21,22,3,385873044,6,8085375,71,325919,351327690
18011,2018-01-25,3,10,21,23,27,33,11,397713208,8,7356371,138,170751,336871794
18012,2018-01-28,11,12,13,19,26,28,12,406003688,8,7195022,129,170156,367108128
18013,2018-01-30,6,8,13,15,22,33,6,410564826,9,7002470,99,227553,338322260
18014,2018-02-01,9,12,20,24,28,31,7,370944726,17,5970693,103,200264,341965074
18015,2018-02-04,11,15,20,21,26,33,15,384707208,6,7652271,172,115651,372995620
18016,2018-02-06,1,11,12,18,25,27,16,415237924,4,9593701,98,234372,338462386
18017,2018-02-08,3,6,11,26,30,32,12,441055600,5,8695830,68,339690,341808336
18018,2018-02-11,2,12,13,18,25,27,7,426699072,12,6383135,214,96948,364855490
18019,2018-02-13,3,11,12,16,21,23,9,423300648,8,6663708,80,207963,353382992
18020,2018-02-22,6,9,10,14,28,30,5,302764704,33,5489962,212,95334,322991340
18021,2018-02-25,3,4,6,11,23,28,14,348212718,3,10000000,216,116432,364661036
18022,2018-02-27,7,14,19,21,22,23,3,371039376,6,8201615,111,216325,333617132
18023,2018-03-01,12,15,16,21,26,29,16,419696331,3,10000000,159,164899,339395846
18024,2018-03-04,11,19,22,26,31,32,2,436102047,9,7481039,81,344588,373443496
18025,2018-03-06,4,13,16,19,21,25,14,513258146,1,10000000,83,350024,341614936
18026,2018-03-08,4,7,12,14,26,32,4,537930372,6,8313468,75,331346,341958742
18027,2018-03-11,2,7,9,14,18,28,5,561561972,6,8250400,144,169291,386579026
18028,2018-03-13,3,8,11,14,18,23,16,578094167,7,7676997,220,106471,352015830
18029,2018-03-15,1,2,9,14,22,25,5,607081200,5,8926329,85,288700,349939456
18030,2018-03-18,13,14,20,21,25,33,7,673759355,1,10000000,98,260810,388492136
18031,2018-03-20,2,16,18,19,27,30,14,722002755,3,10000000,116,224837,345048756
18032,2018-03-22,21,22,23,24,25,32,6,760396749,3,10000000,127,179511,351194914
18033,2018-03-25,4,19,20,22,28,33,6,806829198,3,10000000,88,289516,376360408
18034,2018-03-27,1,5,11,22,23,26,15,823152736,8,7560160,122,209849,348544506
18035,2018-03-29,7,10,11,17,23,28,15,856009608,6,8809507,289,98862,350309396
18036,2018-04-01,8,17,24,26,28,33,4,897368156,4,10000000,117,231790,375931002
18037,2018-04-03,1,6,7,8,27,30,10,877589328,12,6218823,137,133447,336334062
18038,2018-04-05,15,23,24,25,28,29,9,888445635,5,7607731,75,217310,303245456
18039,2018-04-08,8,12,18,19,23,32,3,911280204,6,8202095,168,142950,368394896
18040,2018-04-10,1,3,8,13,18,23,16,905458752,11,6625737,283,78989,341719534
18041,2018-04-12,7,8,20,23,24,32,13,940022436,4,9960334,64,387526,342614774
18042,2018-04-15,6,10,21,28,29,31,12,912888550,14,6113405,163,119537,373384922
18043,2018-04-17,1,4,6,8,21,24,7,922258638,6,7386066,93,192424,350595736
18044,2018-04-19,5,9,12,17,27,30,6,845550354,22,5550276,643,23534,351490126
18045,2018-04-22,3,4,6,25,26,30,1,846265053,3,6904812,82,87110,381384846
18046,2018-04-24,10,13,14,18,20,31,3,903210136,2,10000000,100,256483,341414200
18047,2018-04-26,6,7,12,16,22,25,7,906138855,9,6936514,102,213586,340211348
18048,2018-04-29,1,12,20,25,30,31,2,938951220,4,9801124,76,315863,347082070
18049,2018-05-01,1,3,4,11,19,23,2,958977957,7,7858532,88,284229,308606382
18050,2018-05-03,1,2,4,10,18,19,7,969426906,7,7360984,146,141497,332612986
18051,2018-05-06,5,7,20,23,27,31,4,1002362910,5,9213527,146,180373,362286900
18052,2018-05-08,3,5,6,9,15,32,14,1030470724,4,9373437,104,210261,335132016
18053,2018-05-10,1,4,10,11,14,27,6,1036375992,8,7086603,104,200634,336743448
18054,2018-05-13,4,6,18,22,25,33,16,1075158284,4,10000000,86,305357,364343470
18055,2018-05-15,7,9,10,12,22,26,7,921156717,39,5382270,131,142257,328077816
18056,2018-05-17,1,3,6,20,21,26,1,934983896,7,7536477,187,118685,332042280
18057,2018-05-20,5,15,17,19,20,30,13,944921232,9,7219690,193,129386,360079018
18058,2018-05-22,7,12,13,16,26,31,7,936339437,11,6534486,120,175826,328678478
18059,2018-05-24,4,6,8,13,22,32,11,951572015,5,7926005,69,265036,335528070
18060,2018-05-27,4,8,13,25,30,31,10,968808575,5,8071749,111,172958,364451892
18061,2018-05-29,9,10,11,12,18,23,7,931563495,15,5915270,213,80569,332550974
18062,2018-05-31,2,18,19,24,25,33,11,955101072,6,8244701,109,223259,326938646
18063,2018-06-03,5,6,10,16,20,25,12,841729671,27,5291294,315,31210,358387608
18064,2018-06-05,2,5,10,11,17,21,5,821423304,12,6202837,149,121091,329557586
18065,2018-06-07,1,4,6,14,28,33,1,847267386,6,8384489,123,206371,329937636
18066,2018-06-10,9,16,17,19,22,26,10,846907070,10,6805079,195,115710,357968382
18067,2018-06-12,1,4,9,12,15,18,5,858719248,8,7355099,122,193040,324647042
18068,2018-06-14,8,10,17,20,27,30,1,900360000,3,10000000,225,106134,332649368
18069,2018-06-17,6,13,17,19,23,31,12,921431615,5,8350663,126,166203,355213336
18070,2018-06-19,4,9,15,16,19,27,10,907892115,13,6439454,138,169500,339461364
18071,2018-06-21,2,5,6,13,16,19,3,911477268,9,6963036,110,200765,348880396
18072,2018-06-24,11,16,19,22,25,30,8,823199206,19,5128649,101,30251,372281494
18073,2018-06-26,2,9,14,15,16,23,10,832397856,8,7236302,104,215029,329645754
18074,2018-06-28,9,11,14,20,27,30,9,813581190,9,6057912,120,99179,327800026
18075,2018-07-01,7,9,12,13,22,24,11,774033783,17,5972248,120,172168,356378720
18076,2018-07-03,3,7,8,15,29,30,13,698248210,22,5565528,363,42843,327873252
18077,2018-07-05,2,5,9,15,20,24,10,709870938,7,7421960,109,194423,327832004
18078,2018-07-08,3,10,14,17,18,30,12,721951374,6,7550329,204,93762,358569878
18079,2018-07-10,14,15,17,22,24,29,13,782146094,2,10000000,77,347163,327442428
18080,2018-07-12,4,7,13,20,29,33,3,805444602,6,8230212,128,189270,325310442
18081,2018-07-15,1,2,12,16,20,26,3,837010055,5,9113851,154,166958,349698540
18082,2018-07-17,6,12,14,20,22,24,9,838703256,8,6895145,140,135367,319081284
18083,2018-07-19,4,9,18,21,32,33,3,843134325,11,6964663,126,214397,323565026
18084,2018-07-22,5,6,8,12,22,24,3,821610647,13,6216121,249,79365,347865554
18085,2018-07-24,4,10,25,26,30,33,6,815513264,8,6541028,88,175116,322576362
18086,2018-07-26,2,7,17,21,23,26,16,767052918,18,5839185,109,173226,322631262
18087,2018-07-29,1,5,10,16,18,31,3,821914596,3,10000000,74,382259,348603358
18088,2018-07-31,3,5,12,29,30,32,14,832943120,8,7319478,69,336156,315199378
18089,2018-08-02,6,9,12,14,18,27,14,864705795,5,9128194,172,150007,312432712
18090,2018-08-05,1,2,4,10,14,23,7,830323212,12,5776285,85,136991,340370390
18091,2018-08-07,6,11,13,17,25,32,7,854322188,4,8999907,81,246907,315853082
18092,2018-08-09,6,10,16,19,24,33,16,921043817,1,10000000,95,269198,318819890
18093,2018-08-12,4,18,20,21,29,33,7,962368068,3,10000000,78,304804,341609166
18094,2018-08-14,4,7,16,20,24,30,5,1023528004,0,0,148,137747,314204036
18095,2018-08-16,10,11,12,21,26,33,9,1045113520,4,8780501,87,217270,320539494
18096,2018-08-19,1,5,9,20,28,32,12,965286126,23,5556088,150,106583,338691852
18097,2018-08-21,1,2,17,20,25,28,13,1024508131,1,10000000,38,607210,313501772
18098,2018-08-23,6,10,11,20,29,32,13,1037348433,9,7336982,125,210328,314746902
18099,2018-08-26,3,7,8,14,25,32,6,1013742168,12,6102840,242,68357,339383254
18100,2018-08-28,2,11,14,15,29,33,2,1047796176,3,10000000,91,234630,309533260
18101,2018-08-30,1,3,14,26,29,33,9,1062181270,5,7864370,70,255747,308676480
18102,2018-09-02,2,6,11,19,21,28,5,1085333716,4,8922949,163,120335,340812198
18103,2018-09-04,2,9,15,22,23,24,16,1103208722,7,7746753,111,216523,314574584
18104,2018-09-06,2,3,6,19,25,29,1,1128194345,5,8635318,158,143802,312637426
18105,2018-09-09,4,5,13,18,19,25,1,1102004192,17,6257964,150,178211,343324268
18106,2018-09-11,4,18,19,24,25,26,10,1119736168,4,8430179,125,137207,312096980
18107,2018-09-13,1,2,5,12,20,22,1,1146472338,6,8438555,139,185533,317508712
18108,2018-09-16,5,13,18,21,26,30,2,1088482714,22,5859675,179,132073,322147946
18109,2018-09-18,10,11,18,23,31,33,15,1104585752,4,8282094,69,237832,306989720
18110,2018-09-20,11,13,16,21,22,23,2,1161612266,2,10000000,66,389022,307066624
18111,2018-09-23,1,7,14,24,25,28,8,1123718442,11,5565493,143,54374,320180512
18112,2018-09-25,5,8,18,25,26,31,4,1101702921,11,6090396,154,97356,302328982
18113,2018-09-27,1,6,9,16,25,26,9,1073781687,11,5895165,208,59175,314160394
18114,2018-09-30,1,7,15,16,20,27,14,1092970758,6,7981155,203,110141,336072030
18115,2018-10-02,1,13,19,24,26,29,11,1121020227,1,10000000,52,243906,273986534
18116,2018-10-04,5,14,17,22,23,28,15,938345496,44,5308473,320,53018,281786404
18117,2018-10-07,8,11,15,17,23,25,5,954956874,6,7824932,189,112100,340052040
18118,2018-10-09,8,12,21,22,27,31,9,956670540,7,6907203,140,119200,322015414
18119,2018-10-11,3,13,14,16,25,27,12,935364310,10,6043410,117,111475,328321394
18120,2018-10-14,3,4,18,26,27,33,1,973089335,5,9561820,185,154115,357215818
18121,2018-10-16,6,8,14,19,23,25,11,962509317,11,6468429,142,142189,321305376
18122,2018-10-18,5,7,20,22,30,32,10,827873755,31,5238879,230,40245,327644802
18123,2018-10-21,13,21,24,27,31,32,1,867467741,6,9217817,115,275075,410429482
18124,2018-10-23,9,13,14,19,22,25,2,894677451,4,9291791,127,168968,378069006
18125,2018-10-25,3,10,11,14,15,32,2,961703467,3,10000000,54,598926,391293382
18126,2018-10-28,1,6,8,9,14,22,5,978656335,8,7588766,138,187591,415778246
18127,2018-10-30,2,5,6,7,11,15,12,964241444,13,6414968,202,113827,383266268
18128,2018-11-01,6,7,8,19,22,23,2,976588973,11,7226364,300,102041,388471822
18129,2018-11-04,2,4,6,16,18,19,16,1013358099,7,8728266,117,278823,418290398
18130,2018-11-06,5,12,17,18,24,28,12,978511798,17,6072806,841,27107,374274632
18131,2018-11-08,21,22,24,31,32,33,1,1050270214,2,10000000,125,244689,383809176
18132,2018-11-11,1,2,9,10,15,22,6,1043966776,12,6627168,104,234687,408709916
18133,2018-11-13,2,4,11,12,18,32,13,1084505788,3,10000000,65,361738,374106026
18134,2018-11-15,3,16,18,31,32,33,12,1084959009,11,6833164,297,84868,377767366
18135,2018-11-18,1,3,6,10,11,29,16,1138385085,4,10000000,133,234150,406719454
18136,2018-11-20,10,12,15,25,26,27,14,1166942493,6,8548933,149,178637,377111910
18137,2018-11-22,3,5,11,15,20,23,9,1152259559,10,6284256,141,113852,379485292
18138,2018-11-25,1,10,25,27,30,32,9,1213413511,3,10000000,67,453502,412013682
18139,2018-11-27,11,18,20,23,31,32,15,1221766906,10,7121941,82,323466,380559364
18140,2018-11-29,1,15,20,22,25,28,14,1320037180,0,0,103,318026,386006162
18141,2018-12-02,11,14,16,18,24,33,4,1385805866,2,10000000,115,248604,416166816
18142,2018-12-04,5,8,10,11,27,28,11,1343493083,16,5856527,242,70787,390581690
18143,2018-12-06,4,6,15,28,32,33,14,1328627871,16,6480336,117,253048,373157016
18144,2018-12-09,8,13,17,18,20,27,13,1403504611,1,10000000,117,241814,387956028
18145,2018-12-11,3,9,13,22,23,25,6,1333080271,21,5598712,172,91373,349376292
18146,2018-12-13,2,10,11,17,18,29,16,1317986374,13,6395974,157,144487,345409226
18147,2018-12-16,3,15,17,23,27,30,11,1319726677,11,6875712,102,252853,378419434
18148,2018-12-18,3,6,18,19,21,31,1,1315102044,11,6665301,210,109037,346743178
18149,2018-12-20,1,7,8,10,12,24,1,1312652452,12,6743951,212,123392,353364860
18150,2018-12-23,6,8,15,19,20,31,5,1289430060,15,6255214,270,87167,377320206
18151,2018-12-25,5,15,19,25,26,29,15,1321227399,4,9708849,203,115981,345353380
18152,2018-12-27,4,14,16,23,28,29,3,1247608325,20,5479653,168,71376,342935808
18153,2018-12-30,1,7,17,23,25,31,11,1289528301,4,10000000,133,205313,363663410
19001,2019-01-01,6,10,13,15,32,33,15,1283324272,14,6657038,147,197266,341453440
19002,2019-01-03,4,5,6,8,9,18,11,1294586730,9,7273230,129,198246,345144344
19003,2019-01-06,13,17,20,21,22,27,1,1333321882,5,9635283,129,224577,373728002
19004,2019-01-08,8,12,16,19,26,32,3,1346750738,8,7428584,222,109395,338080388
19005,2019-01-10,21,22,26,28,31,32,7,1326043660,11,6133650,68,229230,343365078
19006,2019-01-13,1,5,10,19,26,28,12,1211353738,32,5514887,96,214536,375825296
19007,2019-01-15,6,10,14,15,19,23,15,1223439184,9,7306482,198,131050,340543166
19008,2019-01-17,2,6,9,13,28,32,12,1255320435,4,9716477,86,274213,342498692
19009,2019-01-20,1,7,10,22,31,32,15,1267633646,12,7191309,122,269423,376873348
19010,2019-01-22,2,4,5,8,11,30,2,1223708496,15,5753329,178,79353,336769874
19011,2019-01-24,10,13,19,21,24,30,7,1245829570,4,8829188,72,265915,340431350
19012,2019-01-27,7,10,21,23,31,33,14,1303808580,2,10000000,55,472600,370443836
19013,2019-01-29,5,7,14,16,18,21,1,1347698265,4,10000000,77,363158,332648408
19014,2019-01-31,1,2,3,14,19,33,3,1364355844,7,7683510,168,139766,327526362
19015,2019-02-03,11,15,16,20,24,31,4,1352193873,13,6477986,181,132692,386508326
19016,2019-02-12,5,7,9,11,19,25,5,1334598348,11,6236511,157,108293,314659700
19017,2019-02-14,4,5,24,28,30,33,9,1355934705,3,9404407,50,330330,312764888
19018,2019-02-17,4,11,18,19,26,32,4,1370346090,8,7473244,364,67946,349743310
19019,2019-02-19,3,11,17,18,24,25,6,1285383840,24,5530875,268,59426,326400930
19020,2019-02-21,2,12,13,23,27,28,12,1268982145,11,6275977,233,75299,330603914
19021,2019-02-24,2,5,7,8,20,27,4,1301850849,6,8810224,214,133535,370839306
19022,2019-02-26,3,7,11,21,30,33,7,1233143388,19,5503206,169,70716,338829860
19023,2019-02-28,1,10,14,15,18,31,13,1207046316,13,6088193,336,52628,353488994
19024,2019-03-03,1,8,23,25,28,29,10,1209747493,8,6940962,99,196056,384117562
19025,2019-03-05,15,16,21,27,30,33,4,1246342879,5,9479664,74,378350,345714892
19026,2019-03-07,3,13,15,19,20,27,14,1242805065,5,6689534,74,201135,345714892
19027,2019-03-10,2,6,8,10,11,17,13,1257385558,9,7407292,223,121444,393236612
19028,2019-03-12,4,19,22,26,29,30,11,1244140628,11,6380332,165,115027,356878622
19029,2019-03-14,8,11,17,23,32,33,10,1269306832,6,8343406,83,302115,358515950
19030,2019-03-17,4,5,7,10,12,22,16,1240512761,17,6202265,196,130347,392415448
19031,2019-03-19,3,13,15,18,21,33,16,1276420305,5,9429639,119,232649,358344316
19032,2019-03-21,4,8,9,13,28,33,4,1308932812,6,8788636,228,124626,353034100
19033,2019-03-24,9,15,19,21,23,29,15,1259439534,22,6000111,224,122781,385168218
19034,2019-03-26,9,11,15,22,24,26,3,1263277472,10,6957743,103,237590,354652922
19035,2019-03-28,1,5,7,9,10,20,16,1269805979,11,7034000,233,120032,354951028
19036,2019-03-31,2,10,13,16,23,32,8,1164805979,21,5000000,85,6000,383547756
19037,2019-04-02,1,7,12,14,18,25,10,1154793537,12,6514774,213,106674,344923376
19038,2019-04-04,9,12,21,27,29,30,5,1138999919,10,6243868,101,153944,335328036
19039,2019-04-07,6,7,11,14,27,32,8,1122075950,11,6258711,136,127259,363128750
19040,2019-04-09,5,6,9,18,23,31,11,1118623191,8,6661238,159,104480,335974062
19041,2019-04-11,2,9,13,23,24,26,16,1183587505,2,10000000,103,274965,347145834
19042,2019-04-14,15,17,19,22,25,26,4,1220955571,4,10000000,132,195373,376134240
19043,2019-04-16,1,6,12,13,24,32,13,1275191954,2,10000000,99,249954,345296562
19044,2019-04-18,6,14,16,17,23,29,7,1246753637,12,5956414,188,76309,350579948
19045,2019-04-21,1,6,17,19,27,31,14,1272816559,7,8172099,83,334408,380577960
19046,2019-04-23,2,12,16,22,25,32,6,1227436396,17,5847483,132,136431,349236650
19047,2019-04-25,3,11,18,25,30,33,14,1297945208,1,10000000,388,69165,349665886
19048,2019-04-28,3,7,10,12,18,29,10,1307482004,8,7251672,153,147168,379210874
19049,2019-04-30,3,10,13,22,23,28,15,1300906020,9,6552485,205,85197,333775314
19050,2019-05-02,4,6,10,11,21,23,2,1276546288,13,6136790,100,184728,311858860
19051,2019-05-05,8,9,10,13,15,28,9,1229559631,13,5503869,120,68232,371316762
19052,2019-05-07,3,6,9,13,16,19,16,514041918,153,5117604,2295,9800,342251970
19053,2019-05-09,4,16,22,25,29,31,8,486040155,12,5969643,109,133437,345533966
19054,2019-05-12,7,10,11,15,24,26,11,484344441,8,6741103,132,131901,376075414
19055,2019-05-14,1,6,11,15,19,31,10,531777347,2,10000000,61,368485,350070872
19056,2019-05-16,13,14,17,19,21,29,1,579319269,1,10000000,78,245905,351267630
19057,2019-05-19,4,5,6,8,13,18,16,606231938,7,8216242,127,221591,372560948
19058,2019-05-21,7,8,12,21,23,27,12,520571254,20,5260714,127,51321,339299672
19059,2019-05-23,4,5,7,9,16,18,6,561383166,2,10000000,125,162165,345567246
19060,2019-05-26,3,4,14,20,23,27,1,628604946,2,10000000,118,246389,367103342
19061,2019-05-28,3,17,19,24,27,31,12,655425812,6,8443688,80,322845,335296666
19062,2019-05-30,7,13,16,23,26,30,1,684734277,7,8340699,161,181559,339468976
19063,2019-06-02,1,14,19,22,29,31,16,718713061,5,9289366,91,294599,361222550
19064,2019-06-04,12,20,24,25,30,33,12,743421022,4,9064360,92,220889,331639006
19065,2019-06-06,6,9,11,15,20,26,10,737867862,10,6616248,317,63732,327400036
19066,2019-06-09,1,14,17,20,22,32,4,765994853,6,8522847,86,307225,354505682
19067,2019-06-11,4,6,8,11,30,33,11,781887228,5,7973990,110,168976,330381956
19068,2019-06-13,3,14,20,24,26,33,10,802934315,6,8093762,64,362550,331635522
19069,2019-06-16,6,11,16,19,21,25,1,813208375,8,7285184,226,101114,370103190
19070,2019-06-18,6,15,18,19,24,32,9,839590047,3,10000000,103,182464,335727814
19071,2019-06-20,1,8,19,24,29,30,4,779942491,22,5832271,371,61691,338921834
19072,2019-06-23,2,9,13,15,22,30,15,784809688,10,6995170,155,160900,366310328
19073,2019-06-25,1,2,6,12,16,18,8,731798593,17,5684254,146,99591,334373706
19074,2019-06-27,12,21,27,29,31,33,4,777279978,4,10000000,51,558701,339313032
19075,2019-06-30,5,8,20,22,31,33,3,825389586,2,10000000,69,329031,356452390
19076,2019-07-02,12,15,19,20,29,32,14,860745165,4,10000000,84,299030,327737064
19077,2019-07-04,9,11,13,18,21,22,15,928983242,1,10000000,118,221011,331156004
19078,2019-07-07,1,17,27,29,31,33,12,911692755,14,6369078,199,120396,358699764
19079,2019-07-09,1,3,6,9,19,31,16,884700186,15,6163816,156,139881,324952306
19080,2019-07-11,3,6,8,20,24,32,7,878626031,7,6502641,80,164351,333601616
19081,2019-07-14,5,24,27,29,31,32,10,907395563,5,8910511,58,421391,359862504
19082,2019-07-16,7,16,19,22,24,28,2,927370251,5,8270886,91,224648,328221990
19083,2019-07-18,6,15,17,26,28,31,3,926738145,10,6795196,118,190169,329029762
19084,2019-07-21,4,8,14,18,20,27,3,892130280,15,5979203,300,61200,356282880
19085,2019-07-23,1,4,14,18,24,29,4,882276151,12,6519571,61,373665,322387974
19086,2019-07-25,16,22,24,26,28,31,6,868561562,11,6364807,120,156384,318423888
19087,2019-07-28,4,5,7,9,21,30,4,904387916,5,9423734,99,279276,348495228
19088,2019-07-30,13,14,15,21,23,29,13,848907760,18,5697370,77,203777,320442344
19089,2019-08-01,2,4,14,16,20,22,11,851666935,7,6961515,104,165031,321183320
19090,2019-08-04,2,3,6,8,14,22,4,912434874,2,10000000,93,289490,355808718
19091,2019-08-06,7,10,21,24,29,32,11,965901226,2,10000000,94,260518,321773688
19092,2019-08-08,9,17,27,28,32,33,8,961868391,6,6573767,67,176168,325113036
19093,2019-08-11,5,7,8,9,20,22,2,870686214,27,5590139,629,31664,343851622
19094,2019-08-13,5,10,12,18,19,27,6,870773310,8,6822140,301,60536,318739184
19095,2019-08-15,2,5,14,19,21,28,1,908224516,3,10000000,95,236670,327102912
19096,2019-08-18,5,7,12,18,27,32,11,720969696,48,5399584,310,77338,355103324
19097,2019-08-20,3,5,18,24,25,31,9,729874065,5,7465772,98,157255,328319954
19098,2019-08-22,3,11,12,14,17,26,9,759762439,4,9535306,136,166739,334187522
19099,2019-08-25,7,14,22,23,27,30,8,667283924,26,5524776,185,92190,355328056
19100,2019-08-27,1,4,12,13,30,32,8,720116287,2,10000000,60,404624,334319180
19101,2019-08-29,1,4,9,21,31,33,5,716370043,4,6477614,77,95948,336008906
19102,2019-09-01,3,8,12,16,20,32,12,665286304,18,5786187,198,89339,365310214
19103,2019-09-03,4,12,14,21,27,29,12,726754909,2,10000000,101,268873,334444954
19104,2019-09-05,1,5,16,17,18,24,10,727332881,7,6848206,120,134765,336503558
19105,2019-09-08,2,13,15,17,26,33,1,754476375,6,8463242,85,305580,365092568
19106,2019-09-10,2,14,22,27,30,33,14,799590658,3,10000000,65,385201,330410652
19107,2019-09-12,2,6,8,23,27,32,2,856645293,2,10000000,54,475645,326852234
19108,2019-09-15,7,13,19,22,25,32,13,842165456,13,6413151,110,208761,361553454
19109,2019-09-17,3,6,7,17,28,31,10,862636404,5,8306978,218,94810,339057352
19110,2019-09-19,1,18,22,26,27,28,8,869553104,8,7132577,89,239615,345297696
19111,2019-09-22,7,18,20,22,24,33,1,907833069,6,9138179,82,378492,371095278
19112,2019-09-24,3,12,14,17,23,27,1,939911612,6,8762335,173,163107,335430712
19113,2019-09-26,1,5,19,21,25,33,15,966030310,5,8717723,118,196913,339648916
19114,2019-09-29,2,4,9,11,12,30,1,1016450569,4,10000000,180,167444,372847052
19115,2019-10-08,4,10,11,14,15,29,5,1023230427,8,7126357,137,155208,354033692
19116,2019-10-10,1,8,9,13,16,33,1,1047187205,7,8062689,146,183551,336502106
19117,2019-10-13,3,5,11,28,32,33,1,1085958852,5,9637937,135,214719,358734764
19118,2019-10-15,12,14,15,25,28,31,4,1105685807,6,8013754,142,159177,329400746
19119,2019-10-17,4,20,22,24,26,33,7,1089354655,9,6158337,73,178510,332545590
19120,2019-10-20,10,12,27,31,32,33,3,1117954087,5,8898140,85,286627,361613906
19121,2019-10-22,2,6,15,21,30,31,2,1091862134,15,6185649,138,161093,334748934
19122,2019-10-24,4,10,15,19,21,23,2,1131287397,4,10000000,117,226282,334989390
19123,2019-10-27,2,6,8,17,28,30,6,1067428638,19,5596004,366,38675,360609038
19124,2019-10-29,4,9,30,31,32,33,1,1042703541,14,6175971,153,134506,337939626
19125,2019-10-31,2,11,12,26,27,29,3,1054933143,8,7374072,253,93836,342491160
19126,2019-11-03,2,14,17,29,32,33,16,1062273688,8,7151842,81,265659,369776508
19127,2019-11-05,2,6,7,12,17,24,10,1027292513,15,5970153,227,80133,338393664
19128,2019-11-07,3,8,12,16,17,19,8,1008312621,9,6051317,118,100231,342336168
19129,2019-11-10,3,4,7,9,15,26,7,952320130,20,5800136,360,55565,442669038
19130,2019-11-12,1,7,9,11,24,32,16,951230446,15,6791765,151,222487,418172282
19131,2019-11-14,9,17,19,20,24,31,4,955790186,12,6956355,195,150488,413548024
19132,2019-11-17,4,6,11,14,19,33,7,981615374,7,8159750,141,196083,443878462
19133,2019-11-19,3,7,16,21,24,31,7,997265432,10,7387274,163,183073,412973230
19134,2019-11-21,1,4,6,22,29,30,3,1027388308,7,8383006,99,299003,424644500
19135,2019-11-24,3,6,10,11,27,33,3,1086229996,4,10000000,145,227222,448749008
19136,2019-11-26,12,14,15,17,29,33,12,1105571297,7,7822924,50,494011,411048748
19137,2019-11-28,7,10,13,19,23,31,6,1015204480,27,5601120,230,88207,414318454
19138,2019-12-01,2,6,12,30,31,32,11,986542917,15,6123356,221,95307,455574142
19139,2019-12-03,8,14,20,23,30,33,11,1043301115,4,10000000,87,370721,420684332
19140,2019-12-05,2,4,9,11,14,22,5,966423413,25,5699960,187,116972,421874374
19141,2019-12-08,10,13,14,15,17,33,14,1042760527,2,10000000,101,317944,466103236
19142,2019-12-10,8,14,24,27,29,33,9,998995951,14,5681439,72,165627,429455474
19143,2019-12-12,5,13,15,16,26,32,9,986249870,11,6396823,471,40777,421054466
19144,2019-12-15,2,12,15,19,27,30,3,991024359,13,6951733,276,114911,448943976
19145,2019-12-17,1,8,13,17,18,19,16,969648184,15,6299971,145,168099,404721396
19146,2019-12-19,1,4,10,12,30,32,14,1030878448,4,10000000,82,411505,400822952
19147,2019-12-22,1,9,12,14,23,27,12,1035973571,10,7003459,120,208693,428843148
19148,2019-12-24,9,10,13,20,26,27,8,870667904,42,5386963,179,113495,412835082
19149,2019-12-26,1,6,27,28,31,33,7,836506504,16,6041786,120,173631,401837358
19150,2019-12-29,2,9,14,22,27,29,2,855139985,9,7571049,158,183065,424037140
19151,2019-12-31,2,6,9,18,24,26,14,885545850,8,8200266,121,264484,405999712
20001,2020-01-02,2,15,23,26,29,30,2,939054504,4,10000000,113,275836,388311860
20002,2020-01-05,4,9,14,15,16,29,11,911355134,16,6188650,194,122541,410784878
20003,2020-01-07,9,17,26,29,30,32,3,885816521,16,6237758,134,184740,368960938
20004,2020-01-09,2,15,17,27,32,33,3,906654598,7,7900679,189,134290,370826158
20005,2020-01-12,11,16,17,22,26,32,4,920486146,8,7446888,224,109236,400642476
20006,2020-01-14,3,4,5,10,16,32,9,860929224,20,5735328,363,50642,361697316
20007,2020-01-16,5,12,17,20,25,31,10,709741377,38,5371408,269,65583,358035962
20008,2020-01-19,1,4,6,10,11,28,16,680964320,17,6202629,262,97541,395048088
20009,2020-01-21,3,6,8,14,19,26,12,645107708,16,6003258,253,79308,405733380
20010,2020-03-12,11,14,22,27,31,32,9,654279153,2,8485717,42,207483,142522854
20011,2020-03-15,4,5,7,17,18,29,1,638032121,8,6079680,67,161146,176331724
20012,2020-03-17,4,13,14,23,26,31,9,652719440,3,8598462,112,120484,198501652
20013,2020-03-19,2,8,10,20,21,30,14,660220960,4,7500138,184,67938,215545590
20014,2020-03-22,2,7,8,10,12,16,7,661997100,5,6947355,66,184408,261933168
20015,2020-03-24,8,9,22,24,30,33,1,712719613,1,10000000,60,337347,255551054
20016,2020-03-26,5,6,8,17,24,27,7,685053744,12,5979822,89,165138,260860736
20017,2020-03-29,2,4,7,15,20,27,4,650980126,15,5992154,127,146479,295712918
20018,2020-03-31,5,7,8,11,17,22,13,640479172,8,6340865,188,71322,287194532
20019,2020-04-02,15,19,27,28,30,33,3,652393178,7,7437091,60,355409,293920314
20020,2020-04-05,1,6,9,13,15,22,14,685979970,4,9871526,91,267666,310764432
20021,2020-04-07,2,6,14,16,27,31,7,696474938,5,7581452,116,139086,296655800
20022,2020-04-09,2,10,20,22,25,30,2,695229480,8,6761570,97,181605,311416184
20023,2020-04-12,4,5,20,21,30,33,8,702813893,6,7277843,107,159661,340318270
20024,2020-04-14,10,13,27,28,29,31,8,707451262,8,7028971,94,215848,317568426
20025,2020-04-16,1,9,10,15,20,29,2,742200788,4,9977229,156,159526,321611812
20026,2020-04-19,1,4,9,18,19,31,6,769853394,3,10000000,106,181297,349633986
20027,2020-04-21,12,13,14,24,25,28,6,810989197,3,10000000,112,211713,324196702
20028,2020-04-23,5,6,15,18,26,32,8,823449380,7,7465464,153,140998,323795596
20029,2020-04-26,1,12,18,20,30,32,5,835276431,7,7432574,63,337857,364268814
20030,2020-04-28,17,18,21,29,30,32,3,896891829,1,10000000,74,322591,327786632
20031,2020-04-30,2,5,9,15,16,27,9,850135149,14,5603722,310,34081,323903392
20032,2020-05-03,3,11,13,14,15,26,13,843200936,11,6588951,135,161837,338904002
20033,2020-05-05,7,10,12,21,31,32,1,879873846,4,10000000,97,263480,320555362
20034,2020-05-07,2,8,15,16,26,32,3,878740204,11,6780706,182,134531,340793680
20035,2020-05-10,10,14,24,25,28,33,11,911288358,4,9777104,97,246242,371811232
20036,2020-05-12,7,9,16,22,24,32,6,944994783,3,10000000,104,204187,346455736
20037,2020-05-14,1,4,11,13,17,24,15,944864355,6,6810277,65,208878,350126486
20038,2020-05-17,1,6,7,18,23,24,15,922526038,15,6276646,317,75511,374760420
20039,2020-05-19,2,9,10,11,16,29,2,925841149,9,6952125,166,132297,341609556
20040,2020-05-21,1,6,12,16,19,21,4,947818891,5,8416563,92,232103,341533118
20041,2020-05-24,6,7,16,22,24,25,13,1005915378,2,10000000,102,255217,372422582
20042,2020-05-26,2,6,7,11,14,31,3,1027873219,5,8415115,98,217800,345472844
20043,2020-05-28,1,11,24,25,27,30,7,1043134035,5,7928059,64,285943,360394276
20044,2020-05-31,7,8,16,17,19,24,7,1042719025,10,6803090,107,210641,379328476
20045,2020-06-02,2,3,15,21,22,33,16,1010042406,16,6075531,115,187048,348295556
20046,2020-06-04,13,19,25,26,27,32,8,1010760962,7,6855509,87,186617,350122868
20047,2020-06-07,4,10,17,19,28,32,1,1021279165,10,7200661,140,196487,382084220
20048,2020-06-09,12,14,18,23,30,32,2,1046798674,6,8364818,75,336481,351604616
20049,2020-06-11,1,7,9,12,18,22,4,1062851807,7,7652110,140,165756,355402476
20050,2020-06-14,4,9,17,20,32,33,15,1101983169,5,9664099,90,323895,379409292
20051,2020-06-16,3,6,8,11,19,28,8,1014976572,23,5442583,268,47478,342968302
20052,2020-06-18,2,8,13,29,32,33,15,1085336824,2,10000000,53,568303,352815504
20053,2020-06-21,2,14,15,16,32,33,1,1057074616,19,6277278,360,84264,381666534
20054,2020-06-23,3,10,19,25,26,31,2,1050374135,11,6596678,210,104544,338817016
20055,2020-06-25,1,5,7,23,28,30,12,1009674637,14,5761052,198,67264,327140694
20056,2020-06-28,2,5,8,12,26,31,14,984522456,17,6280167,186,146255,380233782
20057,2020-06-30,9,14,21,23,26,32,3,1019998705,3,10000000,113,193145,349147892
20058,2020-07-02,1,3,11,12,19,26,7,958212978,18,5569985,136,94299,356052050
20059,2020-07-05,2,4,10,17,22,25,14,1002178704,4,10000000,190,147308,386807160
20060,2020-07-07,5,9,14,20,24,30,8,837071557,38,5238209,554,20424,356937202
20061,2020-07-09,8,17,24,26,27,31,4,903858043,1,10000000,91,281269,366447904
20062,2020-07-12,10,14,17,22,26,27,5,932509919,5,8901954,94,259438,391827962
20063,2020-07-14,12,15,16,22,29,32,14,991892696,3,10000000,103,289264,357076054
20064,2020-07-16,1,3,7,21,27,32,1,1063056063,1,10000000,77,351356,356057386
20065,2020-07-19,9,15,18,21,23,26,8,1090832907,5,8838315,89,269544,381062334
20066,2020-07-21,2,9,13,17,26,28,7,1057341835,15,6006277,137,137720,352149702
20067,2020-07-23,4,7,9,23,27,30,8,1061790227,10,6979941,140,176780,353153516
20068,2020-07-26,12,16,21,26,27,32,10,996910195,17,5430373,128,71448,376630286
20069,2020-07-28,3,9,10,13,18,26,4,1016346427,7,7827856,99,249936,343151528
20070,2020-07-30,1,2,4,6,19,21,15,953784945,23,5829067,100,238356,343442594
20071,2020-08-02,9,11,12,13,22,23,8,931954524,12,6156653,133,130449,363190440
20072,2020-08-04,6,8,10,15,17,26,4,945569865,7,7525472,104,212479,335806408
20073,2020-08-06,5,7,11,13,27,29,3,949682723,8,7005129,129,155436,344984126
20074,2020-08-09,4,8,9,13,19,33,12,974585503,5,8629293,107,211991,375478220
20075,2020-08-11,3,11,13,20,24,30,16,1031374526,1,10000000,143,155685,342593198
20076,2020-08-13,10,15,16,18,20,27,6,1033084399,8,6895903,82,231207,346015916
20077,2020-08-16,3,10,16,21,25,27,12,960537693,27,5841121,326,87079,376430570
20078,2020-08-18,3,11,14,16,21,32,4,1029746619,1,10000000,76,347407,339766446
20079,2020-08-20,5,12,20,21,22,29,14,1058784536,6,8578055,183,146641,347031342
20080,2020-08-23,14,15,18,22,31,33,1,1122276717,2,10000000,70,397581,375199530
20081,2020-08-25,1,5,13,14,27,33,15,1129524256,11,7057769,108,261984,341884184
20082,2020-08-27,2,8,11,17,21,30,9,1025240399,22,5094481,320,8119,339738944
20083,2020-08-30,1,19,25,26,30,31,12,1046377044,7,7916189,96,265798,375628538
20084,2020-09-01,3,7,16,17,23,30,7,997837500,15,5641465,265,45386,340223360
20085,2020-09-03,1,2,5,9,19,24,16,1039096893,3,10000000,135,175949,349243256
20086,2020-09-06,2,4,6,15,24,27,6,1051310454,7,7452652,117,183424,383150704
20087,2020-09-08,11,15,20,23,25,33,10,1066743130,5,7940558,44,417692,351393474
20088,2020-09-10,1,6,12,26,29,30,12,1049789346,14,6377823,175,137782,359763320
20089,2020-09-13,2,14,16,21,29,30,10,1061368833,11,7200974,113,267817,388734662
20090,2020-09-15,2,21,23,26,31,32,6,1090266240,6,8569539,43,622594,357200726
20091,2020-09-17,1,9,11,12,16,19,16,1088865952,11,6771891,120,203029,362307424
20092,2020-09-20,1,6,12,18,22,24,3,1113718036,6,8324368,160,155829,394714558
20093,2020-09-22,4,5,10,13,15,19,15,1159982996,4,10000000,110,261408,364874692
20094,2020-09-24,10,15,17,27,29,31,8,1182554395,2,10000000,57,248955,357043412
20095,2020-09-27,3,9,16,17,20,26,2,1197849256,6,7745143,283,72751,387062108
20096,2020-09-29,1,20,23,26,27,32,15,1228050661,8,8190972,57,559819,356787262
20097,2020-10-06,2,8,21,25,26,30,10,1147656700,22,5489356,418,32194,352372566
20098,2020-10-08,6,8,11,22,25,33,2,1171889114,7,8077008,172,156533,347585130
20099,2020-10-11,5,6,11,12,15,30,12,1181200651,7,7301898,258,78068,390640850
20100,2020-10-13,1,7,15,16,20,23,7,1167865459,9,6279386,119,120950,352785364
20101,2020-10-15,10,17,24,25,28,30,15,1196363693,7,8298609,109,264796,360073112
20102,2020-10-18,9,10,19,25,26,29,8,837068374,73,5028416,472,6000,385810668
20103,2020-10-20,4,9,10,22,28,32,8,812186919,13,6122197,136,134086,363566614
20104,2020-10-22,4,8,10,16,27,29,9,806356097,9,6582593,102,174550,371069028
20105,2020-10-25,6,14,19,20,22,24,1,837418291,6,8700739,117,237226,399513718
20106,2020-10-27,2,4,11,15,18,28,10,802335158,14,5906931,123,129034,362151946
20107,2020-10-29,3,9,11,24,25,28,16,835776030,5,9250245,185,143589,372099740
20108,2020-11-01,10,12,15,17,23,32,5,793968638,18,5973588,123,178095,398129794
20109,2020-11-03,6,13,16,20,23,32,13,723801259,23,5708816,133,153221,358593188
20110,2020-11-05,2,6,9,14,22,25,4,721987721,9,6744907,102,192453,365150166
20111,2020-11-08,6,9,17,22,24,26,16,808174858,3,10000000,106,365368,459469274
20112,2020-11-10,2,9,12,17,28,32,5,802000209,14,6657801,263,110309,426910448
20113,2020-11-12,1,3,7,10,22,32,11,772385388,7,5279749,114,21472,436471868
20114,2020-11-15,1,5,11,24,30,32,3,757446327,16,6478657,171,172942,476450128
20115,2020-11-17,1,4,12,20,25,32,2,837138988,2,10000000,114,291499,435736254
20116,2020-11-19,5,6,14,16,19,27,10,841135768,9,6979667,172,129484,434234564
20117,2020-11-22,7,8,9,10,16,27,7,785993086,19,5762819,225,80519,460145954
20118,2020-11-24,11,13,19,26,30,33,5,835737606,4,10000000,114,262410,419968358
20119,2020-11-26,1,9,22,28,32,33,15,837777744,12,6880004,117,241026,432978556
20120,2020-11-29,1,2,3,4,9,10,12,738529199,28,5529239,535,34623,470788664
20121,2020-12-01,2,4,6,21,25,29,3,777556587,5,9656537,91,319817,425615038
20122,2020-12-03,12,15,17,24,26,31,15,810048147,7,8506055,484,63384,416050434
20123,2020-12-06,1,3,18,19,26,29,3,869247735,5,10000000,106,343394,442277628
20124,2020-12-08,16,18,19,20,29,33,12,916453174,3,10000000,53,485568,394367604
20125,2020-12-10,5,12,16,26,30,31,13,942641447,8,8008557,162,185713,403248064
20126,2020-12-13,3,7,12,14,23,28,11,823570698,33,5506107,337,61949,423827948
20127,2020-12-15,1,4,18,19,26,31,7,824075658,9,6838584,183,113027,385288238
20128,2020-12-17,8,10,15,16,23,26,10,794699858,14,6055174,137,134785,395094864
20129,2020-12-20,1,2,5,15,28,33,4,786807887,14,6613195,116,243370,428354318
20130,2020-12-22,8,9,11,14,17,29,16,793700272,9,7096662,160,147421,405085034
20131,2020-12-24,8,19,22,26,27,30,7,791358796,10,6733037,139,155848,394370394
20132,2020-12-27,1,4,11,12,14,23,4,839661890,5,10000000,106,309129,425174496
20133,2020-12-29,3,19,22,23,27,29,7,893973468,3,10000000,99,283877,370330222
20134,2020-12-31,2,9,10,20,22,26,1,704501324,48,5382786,275,83517,399565532
21001,2021-01-03,2,3,13,18,20,31,11,710439245,10,7034106,126,201796,411170524
21002,2021-01-05,6,10,13,25,26,32,11,718352017,10,7105919,185,142291,374374440
21003,2021-01-07,6,9,16,18,22,29,11,753939585,5,9406368,136,202498,360514540
21004,2021-01-10,2,3,7,8,17,22,15,824817771,2,10000000,208,145638,396531778
21005,2021-01-12,7,9,14,26,30,31,4,806944718,14,6353946,76,311764,359757108
21006,2021-01-14,6,8,22,24,25,26,1,822318331,10,7377222,194,153171,367900704
21007,2021-01-17,2,4,12,21,25,32,16,885330100,3,10000000,104,298114,389232822
21008,2021-01-19,1,5,7,14,18,33,7,906339544,4,8728131,86,216751,358122646
21009,2021-01-21,2,4,7,24,25,32,13,952228282,4,10000000,57,502273,367324734
21010,2021-01-24,1,4,11,19,32,33,5,976145268,7,8060622,129,207600,394795416
21011,2021-01-26,5,10,16,23,27,33,14,907192691,18,5425200,228,41960,358439884
21012,2021-01-28,3,6,14,18,20,26,1,862128803,17,5854248,218,83269,365486356
21013,2021-01-31,6,9,12,16,27,31,6,812490648,17,5756403,169,95109,403024326
21014,2021-02-02,4,15,21,25,29,33,6,860487095,3,10000000,96,270821,365029152
21015,2021-02-04,6,14,16,26,28,29,7,874580915,6,7672352,93,215512,373264066
21016,2021-02-07,3,8,9,13,15,18,10,844483666,16,6134153,192,118140,447622614
21017,2021-02-21,9,15,18,29,32,33,2,879807720,6,8959033,116,255972,442443732
21018,2021-02-23,2,8,14,23,25,32,6,924046536,3,10000000,128,193330,352299530
21019,2021-02-25,12,16,17,24,28,29,8,916231105,6,6344519,104,96960,351320330
21020,2021-02-28,1,3,6,7,9,11,2,877930510,19,6085156,505,51034,385685036
21021,2021-03-02,4,8,17,24,28,33,13,834097039,19,5979263,155,150048,350734702
21022,2021-03-04,10,15,17,25,31,32,6,871216452,3,10000000,84,266346,361605820
21023,2021-03-07,2,21,22,23,27,28,11,903402709,4,9744205,85,279070,397987234
21024,2021-03-09,1,4,6,10,11,18,2,936474051,5,9223370,139,189899,360465214
21025,2021-03-11,6,8,14,17,18,30,11,962516400,6,8396506,166,153456,370761350
21026,2021-03-14,3,5,13,19,20,25,3,608709487,74,5079572,829,8878,415303494
21027,2021-03-16,5,7,9,16,20,26,8,515170584,23,5339305,391,24948,371997822
21028,2021-03-18,11,16,23,26,27,33,5,527018817,7,7433674,125,170357,387583114
21029,2021-03-21,8,10,15,17,22,30,12,475507497,17,5716335,234,65051,413514858
21030,2021-03-23,8,9,13,27,29,31,5,502740835,7,8232900,143,197817,388490602
21031,2021-03-25,6,11,21,25,28,31,7,474102879,12,5950364,166,85876,389664660
21032,2021-03-28,1,5,8,15,16,30,3,479350693,12,6977206,187,158599,421020572
21033,2021-03-30,2,12,13,14,31,33,6,502137377,7,8001905,98,268027,378842354
21034,2021-04-01,4,10,12,18,23,25,1,530109002,5,8852481,155,155342,377894218
21035,2021-04-04,12,14,18,20,26,28,11,549868285,7,7844638,153,162683,382205894
21036,2021-04-06,1,2,6,11,21,26,11,545659537,12,6690644,137,185107,365524430
21037,2021-04-08,13,17,19,24,26,30,12,565649555,7,7856624,104,240340,374416372
21038,2021-04-11,5,7,9,16,18,27,6,449879238,32,5502610,539,37299,401665288
21039,2021-04-13,2,8,21,24,29,31,13,469061553,7,7814665,105,234555,377513042
21040,2021-04-15,2,6,7,24,28,29,16,499321280,6,8652104,238,115087,385858982
21041,2021-04-18,2,9,18,23,26,32,14,275032108,54,5307817,367,56614,415676146
21042,2021-04-20,5,9,10,22,25,27,8,180671046,26,5498446,275,58907,382918124
21043,2021-04-22,2,3,17,18,23,24,1,243085282,3,10000000,93,331233,389948810
21044,2021-04-25,5,7,14,17,26,28,13,295504539,5,10000000,160,213373,418973684
21045,2021-04-27,1,4,14,15,17,32,2,326838472,6,8717208,86,324175,377279966
21046,2021-04-29,5,9,13,21,28,33,6,255412592,24,5735971,122,180976,377425810
21047,2021-05-02,3,7,13,16,24,29,1,291180168,5,9419460,231,119574,367123752
21048,2021-05-04,4,15,17,22,29,32,3,346939552,2,10000000,64,394580,339198590
21049,2021-05-06,4,11,13,22,25,32,1,409954275,4,10000000,78,440233,375111072
21050,2021-05-09,2,9,10,16,25,28,8,336133387,22,5598001,248,66310,403433980
21051,2021-05-11,8,9,10,19,27,29,15,335549357,10,6796944,309,72691,377624458
21052,2021-05-13,3,4,6,19,21,30,14,413602410,1,10000000,171,171643,376039676
21053,2021-05-16,7,10,14,16,24,33,16,473183576,3,10000000,84,355480,398009388
21054,2021-05-18,7,13,21,22,24,31,2,526556537,4,10000000,83,374991,371689954
21055,2021-05-20,3,11,12,16,22,28,10,425721551,29,5553793,206,97451,376647950
21056,2021-05-23,8,21,22,23,29,32,1,444149990,10,7488306,215,144669,410076324
21057,2021-05-25,5,6,9,17,25,33,16,478217025,6,8882850,179,162689,379559152
21058,2021-05-27,9,11,13,18,19,28,14,520502015,5,9893453,96,318584,382666074
21059,2021-05-30,1,9,11,18,32,33,14,618904511,1,10000000,91,397078,407754588
21060,2021-06-01,10,11,17,20,29,30,15,644294438,6,8356965,163,154461,365484344
21061,2021-06-03,4,9,12,18,20,23,1,694648802,4,10000000,127,237150,376779952
21062,2021-06-06,12,13,15,20,22,25,10,727417696,6,8804175,67,425840,405763536
21063,2021-06-08,4,5,6,9,23,24,9,647417696,16,5000000,106,6000,370142008
21064,2021-06-10,4,6,8,15,16,18,16,688856687,4,10000000,112,242377,353338262
21065,2021-06-13,1,4,8,19,29,33,16,753364365,3,10000000,82,384177,362527724
21066,2021-06-15,2,6,19,26,30,33,15,738667046,14,6436433,145,173362,343529368
21067,2021-06-17,1,11,19,23,25,29,9,749337326,6,7464865,61,303057,352986918
21068,2021-06-20,4,14,18,24,31,32,15,784841657,7,8662562,232,138135,381950996
21069,2021-06-22,6,11,18,20,23,26,5,805184330,5,8297648,130,158540,348547620
21070,2021-06-24,1,5,11,15,16,29,15,840734349,6,8972728,179,166455,356032100
21071,2021-06-27,1,7,24,31,32,33,8,850234438,6,7393944,75,239394,384399388
21072,2021-06-29,1,9,15,16,19,21,15,906924437,3,10000000,105,275206,351515940
21073,2021-07-01,1,6,18,22,24,25,8,936827442,4,9536636,83,273291,353932932
21074,2021-07-04,4,5,9,14,25,27,7,898477373,14,5822076,163,88259,382266836
21075,2021-07-06,12,15,16,21,22,29,1,950267665,2,10000000,55,435092,347517338
21076,2021-07-08,3,9,21,23,30,32,6,963078086,4,7982765,87,171423,347734992
21077,2021-07-11,8,15,17,25,27,30,10,949366069,13,6434628,112,208149,377616968
21078,2021-07-13,4,6,15,26,27,31,12,965580237,6,7800858,132,159139,341551308
21079,2021-07-15,1,3,10,24,28,29,13,976221781,8,7301888,95,242304,345574370
21080,2021-07-18,5,8,22,23,24,29,9,953249373,12,6122048,119,141434,376533622
21081,2021-07-20,1,3,5,18,22,23,1,997378346,4,10000000,135,207725,344437194
21082,2021-07-22,3,6,11,13,26,32,5,1007589655,7,7348639,161,127643,344368726
21083,2021-07-25,4,9,11,25,28,33,4,894543509,25,5173874,276,19686,367542044
21084,2021-07-27,5,7,9,11,21,28,1,836571971,21,5814345,182,117453,338765612
21085,2021-07-29,5,6,7,11,14,20,2,865785162,4,9473926,189,118357,343883552
21086,2021-08-01,6,8,10,14,28,29,1,934781421,1,10000000,123,214082,363965626
21087,2021-08-03,2,13,16,19,23,24,4,926596691,10,6520555,219,86789,335386836
21088,2021-08-05,4,12,15,16,19,26,6,932658139,7,7133062,165,113116,339080722
21089,2021-08-08,1,2,7,13,23,24,12,725193394,51,5338932,659,32787,378094626
21090,2021-08-10,5,6,12,14,27,28,8,658126685,19,5534608,199,63803,340567382
21091,2021-08-12,4,6,16,24,26,33,16,697092670,4,10000000,102,258058,352636492
21092,2021-08-15,2,7,8,10,12,31,3,721827132,4,9066769,154,132037,382276564
21093,2021-08-17,5,11,15,23,28,33,3,746968208,5,8646623,229,99525,346398722
21094,2021-08-19,9,11,24,25,28,33,15,819842497,1,10000000,101,273512,353340702
21095,2021-08-22,8,12,17,24,27,28,13,864489999,4,10000000,140,201541,384516464
21096,2021-08-24,1,7,11,14,15,26,11,822388985,13,5640531,91,114380,349161898
21097,2021-08-26,3,11,12,13,25,28,12,637412452,45,5323421,359,50675,355020594
21098,2021-08-29,1,10,13,18,26,32,5,673059288,4,10000000,141,178834,390403928
21099,2021-08-31,9,11,17,18,20,27,15,694710436,7,7942916,278,92627,353159630
21100,2021-09-02,7,9,12,13,14,29,16,711544497,8,7583366,170,151962,364068238
21101,2021-09-05,2,4,12,22,29,31,1,742311198,6,8682830,107,258142,393612094
21102,2021-09-07,5,9,15,24,27,30,9,599019763,34,5285653,236,51441,357853464
21103,2021-09-09,10,13,15,25,29,30,15,664617126,2,10000000,122,233872,369736978
21104,2021-09-12,1,7,17,20,22,28,15,708465505,6,9475659,101,332350,397369092
21105,2021-09-14,10,14,15,22,27,32,9,712816451,9,6993977,174,128920,357292170
21106,2021-09-16,1,4,7,14,30,31,3,738077667,7,8130452,150,182609,364122996
21107,2021-09-19,2,3,17,19,25,30,1,758280964,7,7867703,151,166174,367139964
21108,2021-09-21,11,15,18,24,26,32,9,781106313,5,8478207,118,184227,339998838
21109,2021-09-23,2,3,10,17,20,26,16,810527410,4,9492827,132,170182,366715360
21110,2021-09-26,10,13,15,24,31,32,2,850654756,5,9736534,246,120338,394569218
21111,2021-09-28,17,20,22,23,26,28,6,883991506,3,10000000,96,219919,358360092
21112,2021-09-30,5,6,21,25,28,33,7,797853981,22,5394421,229,47364,370338224
21113,2021-10-05,4,7,10,22,27,30,2,783403562,12,6380290,231,89629,293434838
21114,2021-10-07,4,6,8,14,24,27,2,837386111,3,10000000,177,158159,337378334
21115,2021-10-10,2,10,12,15,24,27,8,851679247,5,7857682,100,178605,380172848
21116,2021-10-12,6,14,17,18,31,33,6,897877549,3,10000000,46,552161,355338790
21117,2021-10-14,3,5,17,21,27,33,4,896904658,10,6782803,101,220644,358589610
21118,2021-10-17,2,6,14,18,20,31,13,923998119,6,8460209,126,205964,386079710
21119,2021-10-19,3,9,10,11,28,29,13,904876996,15,6354639,356,71346,356935346
21120,2021-10-21,1,7,8,12,13,18,5,734418962,40,5268563,496,27072,355518696
21121,2021-10-24,4,5,12,16,22,30,15,751815051,7,7721874,205,116177,390361524
21122,2021-10-26,4,5,12,15,18,28,7,771249437,5,8231591,91,221949,360872924
21123,2021-10-28,6,14,15,19,29,31,5,798569016,6,8473913,207,125866,366471258
21124,2021-10-31,1,3,18,22,29,32,2,823606529,8,7956250,117,252670,394848530
21125,2021-11-02,14,19,20,23,24,31,9,846489745,4,8898474,84,232052,354978672
21126,2021-11-04,19,20,23,27,28,31,1,877369730,6,8689696,90,307474,358964852
21127,2021-11-07,7,15,16,20,27,29,7,877334837,10,6816913,96,236577,365976552
21128,2021-11-09,5,17,20,21,23,33,4,920399839,3,10000000,66,369015,349441520
21129,2021-11-11,4,15,21,27,28,29,10,929943762,5,7512285,139,112962,365299936
21130,2021-11-14,8,9,15,24,26,30,6,914060182,12,6336861,155,129373,398037824
21131,2021-11-16,8,11,18,19,20,24,1,957547844,6,9453797,116,287961,465860738
21132,2021-11-18,1,4,6,14,20,28,8,973341811,6,7775391,171,121727,490071244
21133,2021-11-21,1,3,12,19,27,31,10,994690824,12,7465121,171,216238,511607016
21134,2021-11-23,1,2,16,19,25,31,8,1015069784,11,7491866,109,314340,472467398
21135,2021-11-25,3,10,17,19,21,31,4,1118152404,1,10000000,124,303985,486663630
21136,2021-11-28,2,6,9,15,19,28,16,1148127692,10,7908192,319,113957,517068910
21137,2021-11-30,3,7,10,14,21,24,1,1127353431,19,6420588,274,123134,474456734
21138,2021-12-02,11,14,15,16,27,32,9,1065047563,20,5685347,123,139298,486491502
21139,2021-12-05,12,14,19,23,24,27,1,1090940461,14,7490724,193,225842,531219172
21140,2021-12-07,5,10,16,26,27,33,1,1066087178,20,6366303,694,49218,479975520
21141,2021-12-09,1,14,19,23,26,30,10,1099283201,7,8542650,132,234834,483132724
21142,2021-12-12,4,7,17,19,20,24,16,1142703731,8,8791842,227,167041,509166454
21143,2021-12-14,1,9,11,13,20,29,9,1002138181,41,5571480,158,185369,475857912
21144,2021-12-16,2,5,13,15,23,26,7,1036483149,5,9315997,172,156831,483556078
21145,2021-12-19,4,7,10,14,16,26,9,1064375720,10,7832457,159,222677,517254362
21146,2021-12-21,7,9,21,22,26,32,3,1107375000,6,9424198,103,322150,480619582
21147,2021-12-23,5,10,11,13,27,28,9,1099867308,13,6608176,194,134705,457370132
21148,2021-12-26,10,12,15,17,19,20,8,1117570138,8,7622855,175,149877,459686850
21149,2021-12-28,5,10,15,18,19,32,5,1140585301,8,7864325,103,278089,425925826
21150,2021-12-30,9,14,20,21,24,26,4,1022824601,37,5660828,239,127879,456402254
22001,2022-01-02,6,13,15,17,20,21,3,1079698248,4,10000000,83,389050,447434510
22002,2022-01-04,2,12,21,23,25,31,8,1091513907,9,7295582,134,192726,408646714
22003,2022-01-06,2,5,16,17,18,30,6,1108650848,7,7708412,181,130931,410382612
22004,2022-01-09,5,19,24,28,30,32,14,1091893203,9,6141105,62,207055,441401912
22005,2022-01-11,7,10,12,16,19,31,16,1156142875,2,10000000,74,379503,388503758
22006,2022-01-13,3,6,9,15,22,31,2,1172781808,7,7682542,173,135677,389820756
22007,2022-01-16,1,20,22,23,25,28,16,1254497537,3,10000000,81,459735,417998504
22008,2022-01-18,2,3,7,9,20,21,13,1295623770,3,10000000,132,179611,377713752
22009,2022-01-20,4,15,17,19,25,28,16,1375659920,1,10000000,266,112827,381172430
22010,2022-01-23,12,18,19,20,21,32,15,1396071026,7,7878499,139,181200,403819420
22011,2022-01-25,6,15,23,24,25,33,15,1445932371,4,10000000,125,239630,379627650
22012,2022-01-27,4,7,8,29,30,31,1,1457999052,9,7305724,193,134401,432967098
22013,2022-02-08,2,3,4,7,10,18,15,1526180218,2,10000000,133,221005,376000418
22014,2022-02-10,6,7,13,14,15,27,4,1544973715,7,7794467,469,52135,353937416
22015,2022-02-13,6,14,16,27,28,31,7,1541699154,9,6685876,95,199643,387014176
22016,2022-02-15,5,10,19,20,29,31,14,1515799969,15,6190322,336,66424,370604868
22017,2022-02-17,6,9,24,29,30,32,7,1541904440,5,8716688,162,143390,367332144
22018,2022-02-20,7,11,16,17,30,32,16,1612631799,2,10000000,178,169901,392699896
22019,2022-02-22,5,6,14,20,21,25,8,1587422145,13,6113016,123,147044,374092592
22020,2022-02-24,9,11,14,22,30,32,1,1660696455,1,10000000,52,533809,376104336
22021,2022-02-27,3,7,22,24,26,31,14,1653333569,16,6650843,74,446173,413793268
22022,2022-03-01,1,7,11,15,17,19,6,1651680455,9,6751389,162,121624,374172850
22023,2022-03-03,7,12,17,19,24,25,2,1667173674,9,7444170,98,280580,386299738
22024,2022-03-06,7,9,10,14,19,24,15,1733800692,2,10000000,154,187504,412478136
22025,2022-03-08,6,19,24,25,28,32,4,1800801596,1,10000000,98,261907,380028752
22026,2022-03-10,3,4,10,15,22,24,2,1820096321,10,7519808,129,244167,390646552
22027,2022-03-13,14,15,18,19,26,32,9,1850108360,3,10000000,74,270324,407429120
22028,2022-03-15,5,11,20,22,23,29,9,1854403191,9,6991710,330,67899,359741624
22029,2022-03-17,3,8,10,13,26,32,8,1840565291,10,6314985,105,156545,354275468
22030,2022-03-20,12,23,24,26,27,30,5,1797209652,18,5942310,55,385490,376910184
22031,2022-03-22,1,10,11,22,26,32,7,1696267600,28,5507246,296,59978,353060708
22032,2022-03-24,4,10,11,14,23,32,7,1723412804,7,8228322,54,523107,365937174
22033,2022-03-27,5,12,19,22,25,26,5,1724489453,11,6853773,192,132757,392018786
22034,2022-03-29,14,17,26,31,32,33,10,1729816605,9,7033420,49,466856,361289854
22035,2022-03-31,8,12,13,19,23,25,15,1736599330,8,7126487,169,125827,353577746
22036,2022-04-03,2,3,14,16,26,31,2,1760101650,7,8039081,110,241745,362126634
22037,2022-04-05,1,10,13,20,22,32,14,1812767035,3,10000000,74,372366,332623306
22038,2022-04-07,9,12,13,16,24,32,4,1841833878,5,8932134,67,366803,348860576
22039,2022-04-10,2,6,7,10,15,20,5,1873384741,5,9112790,177,145225,375104494
22040,2022-04-12,3,12,14,16,31,33,12,1832633915,15,5830283,119,130821,343211044
22041,2022-04-14,5,7,21,22,24,29,14,1878895566,4,10000000,57,504454,348280000
22042,2022-04-17,5,10,11,21,22,30,13,1885518647,10,7059021,175,147072,376726628
22043,2022-04-19,2,17,20,23,25,27,8,1883060805,9,6718875,54,358098,350215018
22044,2022-04-21,1,7,8,21,23,29,6,1872712376,11,6476085,123,165009,362459788
22045,2022-04-24,3,12,17,18,19,28,4,1885303642,7,7472273,182,118859,389120778
22046,2022-04-26,2,11,24,25,27,30,14,1901913181,9,7489274,132,212154,358743356
22047,2022-04-28,3,7,8,14,27,30,9,1833014021,21,5625122,128,128199,360230056
22048,2022-05-01,5,7,17,20,26,31,14,1882359418,4,10000000,180,165454,357972850
22049,2022-05-03,2,4,7,18,25,26,10,1949357745,0,0,127,175848,337463590
22050,2022-05-05,3,5,8,14,27,33,8,1916892944,16,6080345,141,153240,363371278
22051,2022-05-08,2,5,11,17,21,33,1,1951616776,5,9343551,114,238133,389679034
22052,2022-05-10,7,24,27,29,31,32,15,1997206997,4,10000000,61,467706,359187786
22053,2022-05-12,10,14,18,23,27,33,15,2046352325,4,10000000,81,366853,356510652
22054,2022-05-15,8,12,21,27,28,33,11,1941352325,21,5000000,92,6000,391678014
22055,2022-05-17,2,4,9,26,28,33,3,1971539174,4,9562440,77,296262,350153658
22056,2022-05-19,1,6,11,14,17,26,15,2004226992,6,8799261,162,175891,352329270
22057,2022-05-22,12,15,20,26,30,33,16,2045497453,3,10000000,78,304574,378857894
22058,2022-05-24,6,13,14,23,31,33,1,2046143432,10,6841671,126,182705,336926030
22059,2022-05-26,6,9,18,19,29,33,6,1985420373,20,5714126,216,82653,340378840
22060,2022-05-29,16,18,19,24,28,32,1,2044441141,3,10000000,80,370919,361140396
22061,2022-05-31,1,3,16,18,29,33,6,2089196019,3,10000000,64,389348,331252342
22062,2022-06-02,16,18,20,21,23,33,5,2113191829,5,8563331,69,322765,329515310
22063,2022-06-05,6,8,9,17,22,31,11,2036171824,20,5417818,181,57709,360023818
22064,2022-06-07,4,6,12,13,17,31,16,2025619908,12,6498426,81,277486,340689068
22065,2022-06-09,9,14,18,23,28,31,2,2051850948,4,9202821,143,146951,348395414
22066,2022-06-12,6,11,14,20,27,30,9,1900729226,33,5152928,281,22449,370987262
22067,2022-06-14,1,5,13,21,26,29,15,1899875782,10,6787147,147,151968,347891686
22068,2022-06-16,7,12,15,24,26,29,6,1911353650,7,7414434,170,124272,354071622
22069,2022-06-19,6,7,13,19,26,29,8,1839751672,20,5516327,216,59760,380359658
22070,2022-06-21,4,6,9,27,28,33,2,1847642672,9,7137010,226,106377,356598990
22071,2022-06-23,4,7,15,18,29,33,1,1866155263,8,7659663,141,188628,354289328
22072,2022-06-26,5,14,15,16,18,32,12,1879381753,7,7505272,95,230748,385506202
22073,2022-06-28,6,10,14,15,26,29,12,1902372906,6,8211585,141,170828,352213628
22074,2022-06-30,5,7,15,19,29,33,15,1928690407,6,8413181,131,195411,354915638
22075,2022-07-03,1,2,4,25,26,30,10,1946747172,6,7912531,78,280051,379959636
22076,2022-07-05,8,9,10,13,24,29,2,1930610784,14,6399054,142,172418,342718328
22077,2022-07-07,3,17,18,19,20,27,16,1909641199,14,6273517,186,119820,345118818
22078,2022-07-10,1,4,5,15,17,31,9,1919037561,6,7387658,69,259528,366650644
22079,2022-07-12,1,9,15,17,22,23,16,1982330237,2,10000000,68,408297,341273762
22080,2022-07-14,5,12,15,17,18,27,4,1986021667,9,6967330,129,171569,342797508
22081,2022-07-17,4,8,11,21,27,30,1,2018613381,5,9188488,186,140742,373064250
22082,2022-07-19,4,10,11,23,30,32,14,2063526963,3,10000000,79,316091,347371994
22083,2022-07-21,8,12,13,14,19,20,5,2040473284,13,6173323,258,73901,347550570
22084,2022-07-24,3,18,23,24,25,32,9,2055734480,5,7928087,97,188665,368808592
22085,2022-07-26,7,9,14,31,32,33,13,2041516396,12,6387330,112,185803,341538762
22086,2022-07-28,1,4,8,21,23,24,11,2050676797,8,7234563,61,366321,345421240
22087,2022-07-31,5,6,9,13,23,25,8,2038263308,6,6065849,129,61967,370042706
22088,2022-08-02,3,9,15,17,20,22,6,1970007210,20,5577161,168,85887,340253450
22089,2022-08-04,2,7,15,29,31,33,15,2006110048,3,10000000,90,244825,342434670
22090,2022-08-07,1,4,25,27,29,30,7,1985834009,7,5764881,98,68292,365943774
22091,2022-08-09,8,18,20,22,24,28,10,1983706692,8,6721485,244,70552,335981918
22092,2022-08-11,7,10,16,20,21,27,11,1927997908,20,5805294,245,82172,337222664
22093,2022-08-14,21,22,24,28,29,32,14,1991811868,2,10000000,58,481689,363673578
22094,2022-08-16,6,11,13,16,19,31,2,2024071723,3,10000000,186,111576,333751422
22095,2022-08-18,4,13,14,18,20,28,8,2028343930,7,7040114,71,251422,339954958
22096,2022-08-21,3,16,17,19,25,33,7,1824688735,50,5337053,94,224104,374401638
22097,2022-08-23,4,5,10,13,30,31,14,1876944863,3,10000000,65,421826,339168020
22098,2022-08-25,2,3,4,6,21,33,5,1853286941,14,6203690,34,619546,339839938
22099,2022-08-28,1,11,23,24,26,32,15,1867860655,8,7480623,256,96899,368635154
22100,2022-08-30,2,6,7,15,20,21,15,1869582122,11,6875089,106,243230,338953236
22101,2022-09-01,4,16,18,19,27,28,4,1742459306,34,5458579,134,145444,342584116
22102,2022-09-04,9,10,12,18,29,32,14,1772160912,6,8618279,137,198080,360805992
22103,2022-09-06,6,9,12,14,20,28,10,1753950406,12,6266348,146,130104,331343836
22104,2022-09-08,1,8,19,25,26,31,1,1704610228,18,5821410,214,86363,337087306
22105,2022-09-11,6,12,13,15,21,23,15,1747497631,4,10000000,85,325048,357410590
22106,2022-09-13,17,20,22,23,24,31,1,1800820638,3,10000000,50,555486,336123528
22107,2022-09-15,3,9,11,15,19,28,16,1794077479,9,6545730,139,125104,342747048
22108,2022-09-18,1,7,13,17,18,31,15,1790162397,13,6708669,269,103218,379260702
22109,2022-09-20,4,11,13,19,22,33,11,1811161575,5,8345394,78,268060,349805376
22110,2022-09-22,9,13,15,18,20,28,15,1836366779,7,8127543,237,115468,352346658
22111,2022-09-25,2,10,11,13,28,31,1,1901720272,3,10000000,160,198653,385923798
22112,2022-09-27,3,5,8,17,25,31,1,1937385782,5,9412037,169,163167,348893862
22113,2022-09-29,13,14,20,24,27,29,2,1991635746,2,10000000,84,294642,363604180
22114,2022-10-06,1,5,15,19,26,29,13,1986647604,12,6667026,241,103756,347069064
22115,2022-10-09,6,7,18,20,27,29,9,1849681926,33,5308918,169,75401,359461828
22116,2022-10-11,8,14,26,27,30,33,1,1923415752,1,10000000,93,300121,337975208
22117,2022-10-13,4,13,17,18,28,29,6,1901177457,11,6083031,166,89708,345578024
22118,2022-10-16,2,6,7,11,14,33,8,1910541782,5,7499223,173,90289,374309728
22119,2022-10-18,2,5,15,18,26,27,4,1899873541,12,6494901,309,72568,341495720
22120,2022-10-20,2,15,19,26,27,29,2,1742358177,43,5486128,288,90727,355500194
22121,2022-10-23,12,17,22,27,30,31,2,1769892531,8,8069743,102,300955,380066114
22122,2022-10-25,6,8,17,19,24,28,5,1677059125,26,5519812,214,78943,350001646
22123,2022-10-27,10,13,16,20,21,25,5,1693327054,8,7557633,637,40151,360850820
22124,2022-10-30,5,10,13,18,24,26,1,1740587803,4,10000000,124,234571,383396494
22125,2022-11-01,2,3,7,12,20,31,16,1762667038,7,7965155,231,112316,429659904
22126,2022-11-03,1,13,15,17,26,33,13,1807038683,6,9507372,151,223876,436137344
22127,2022-11-06,3,4,9,10,29,33,13,1869259580,5,10000000,178,210151,455409958
22128,2022-11-08,3,12,18,24,27,29,1,1889014542,11,7471238,210,161807,420999886
22129,2022-11-10,10,12,14,22,24,27,7,1908461423,7,7828409,102,242633,430007836
22130,2022-11-13,2,8,15,17,26,28,12,1689813201,50,5228012,542,26293,446023212
22131,2022-11-15,3,5,10,13,19,29,6,1640635486,19,5876981,251,82981,425292626
22132,2022-11-17,1,3,18,26,32,33,4,1698530418,4,10000000,88,370814,439981994
22133,2022-11-20,5,8,16,17,21,25,12,1713363599,11,7308534,241,131711,457083562
22134,2022-11-22,1,5,14,17,24,31,14,1728998506,10,7386723,90,331489,404859714
22135,2022-11-24,9,11,13,24,28,32,6,1733838061,12,6964835,143,206101,402652460
22136,2022-11-27,8,10,14,15,18,22,8,1678628784,19,5761544,122,148251,412826960
22137,2022-11-29,8,21,23,27,28,33,1,1696427005,8,7627191,160,164199,380398430
22138,2022-12-01,2,14,19,21,25,28,11,1744972360,2,10000000,67,341021,382295872
22139,2022-12-04,6,7,9,16,17,19,14,1751181135,12,7006326,443,67934,421220444
22140,2022-12-06,8,9,18,19,20,27,15,1702647485,19,5889308,673,31383,397499610
22141,2022-12-08,5,12,13,17,20,27,14,1674155872,21,6324820,135,257603,415110854
22142,2022-12-11,1,3,13,16,21,27,3,1636406391,12,5674258,122,82900,440572602
22143,2022-12-13,7,8,13,29,30,33,3,1612687877,15,6243187,149,156441,397641696
22144,2022-12-15,7,20,22,23,31,32,5,1615187506,11,6900814,65,402095,400859910
22145,2022-12-18,3,21,25,30,31,33,11,1651431252,4,10000000,68,373743,366333090
22146,2022-12-20,6,7,13,18,26,31,6,1643604313,9,6501941,391,43214,319241960
22147,2022-12-22,2,3,7,13,20,30,10,1587565859,17,5619498,148,88948,308727648
22148,2022-12-25,2,15,16,17,21,31,14,1596182866,9,7166343,72,338491,328466772
22149,2022-12-27,2,22,26,29,32,33,14,1619210281,7,8014411,94,280596,305443962
22150,2022-12-29,1,7,11,12,22,28,5,1613770461,9,6598391,203,88580,322732470
23001,2023-01-01,9,16,18,22,28,32,2,1631485850,7,7738461,135,177492,349018800
23002,2023-01-03,2,6,10,16,18,22,13,1652047889,6,8064366,164,140138,317440920
23003,2023-01-05,5,8,18,25,30,32,6,1656261800,8,7009723,112,179439,332514694
23004,2023-01-08,1,7,15,16,20,25,16,1670832253,8,7480475,166,149426,362777504
23005,2023-01-10,2,6,8,13,14,19,16,1726038229,2,10000000,153,163847,331127174
23006,2023-01-12,2,10,12,14,24,26,5,1711353726,13,6407426,109,209822,341187596
23007,2023-01-15,5,6,9,22,25,31,3,1745872298,3,10000000,160,134413,357680590
23008,2023-01-17,5,13,18,20,26,28,6,1753087580,9,7109708,146,162563,367864780
23009,2023-01-29,3,4,19,23,30,32,6,1812003410,2,10000000,225,116912,370445322
23010,2023-01-31,4,5,13,18,27,29,12,1813355120,8,6879623,220,85437,335698884
23011,2023-02-02,6,7,16,17,21,22,4,1790457577,13,6177691,252,75942,344777252
23012,2023-02-05,3,4,7,22,26,30,6,1776074467,14,6444594,270,93631,377681908
23013,2023-02-07,6,10,14,22,23,33,13,1832147989,2,10000000,81,313059,351959204
23014,2023-02-09,6,7,18,23,27,30,5,1855218930,5,8496068,147,148642,354854954
23015,2023-02-12,2,3,14,21,29,32,8,1840337997,10,6277056,195,81862,392727530
23016,2023-02-14,14,16,19,23,28,30,3,1890499018,2,10000000,79,296038,363237418
23017,2023-02-16,5,11,18,20,26,28,12,1912869860,6,8173990,195,122076,385010210
23018,2023-02-19,10,12,17,19,25,31,13,1996089903,1,10000000,380,81771,428078014
23019,2023-02-21,6,12,26,28,29,32,15,2024791190,7,8309157,110,263228,399695170
23020,2023-02-23,1,12,17,18,26,27,5,2083313411,2,10000000,92,284500,394774502
23021,2023-02-26,2,5,6,19,21,27,4,2042737116,21,6115562,186,157438,430229092
23022,2023-02-28,10,11,18,19,23,31,3,2109715322,1,10000000,112,229101,393991274
23023,2023-03-02,5,8,10,15,24,25,9,1904715322,41,5000000,258,6000,394377912
23024,2023-03-05,3,6,9,17,27,28,3,1857117376,21,5993974,487,53576,424465912
23025,2023-03-07,4,16,20,21,31,32,14,1861412948,10,6974384,118,209150,383537242
23026,2023-03-09,1,18,26,30,31,33,3,1865260832,12,6934784,98,296140,382398740
23027,2023-03-12,8,10,22,27,32,33,8,1887143965,5,8409682,88,242164,405939502
23028,2023-03-14,5,7,10,17,20,22,14,1940352740,4,10000000,151,205758,378131048
23029,2023-03-16,3,7,12,24,28,33,8,1968119308,5,8837568,173,138640,373970632
23030,2023-03-19,2,3,7,16,30,31,6,1984712961,7,7680189,78,300662,407635670
23031,2023-03-21,7,14,27,29,31,33,5,2031724589,3,10000000,309,83076,377795536
23032,2023-03-23,6,19,20,26,28,33,1,2004521709,15,6158718,142,152999,378271328
23033,2023-03-26,8,9,13,23,24,26,5,2042293077,5,9565190,240,118885,407044870
23034,2023-03-28,2,3,9,11,12,17,15,2074219579,5,9140109,146,177230,371464196
23035,2023-03-30,1,4,9,10,20,33,6,2075773039,10,6874671,100,234333,376157550
23036,2023-04-02,13,14,18,19,24,30,9,1993133574,24,5566068,271,62664,402105258
23037,2023-04-04,8,23,25,26,29,31,12,1956183761,16,5978413,115,170158,357460864
23038,2023-04-06,2,9,14,17,31,33,8,1948188487,11,6553875,135,158265,368841578
23039,2023-04-09,2,3,9,13,19,28,9,1976860679,5,8903432,191,127730,409186858
23040,2023-04-11,9,16,17,24,29,31,8,2006881397,5,9001506,165,151572,372777348
23041,2023-04-13,1,6,12,13,15,24,6,2049048265,3,10000000,118,203861,379030400
23042,2023-04-16,10,17,20,23,27,30,10,2044443036,10,6650718,224,92116,406450374
23043,2023-04-18,5,8,12,20,24,28,10,1996962618,19,5909465,228,94736,370609676
23044,2023-04-20,2,8,15,22,24,26,16,2012948026,8,7544791,99,257049,375494004
23045,2023-04-23,3,6,12,21,27,28,4,2001600001,14,6523427,240,111083,398638950
23046,2023-04-25,6,8,17,25,26,28,3,2028047147,4,9222467,121,174482,364967218
23047,2023-04-27,5,7,14,23,31,33,7,1990369107,8,5105543,123,8580,373486114
23048,2023-04-30,2,3,10,24,28,30,8,1949270613,16,5884125,158,111914,362109840
23049,2023-05-02,5,7,14,23,25,27,2,1961601481,6,7565507,170,113184,328857030
23050,2023-05-04,2,7,9,14,22,23,5,1975368056,5,7819387,115,153227,359185180
23051,2023-05-07,22,26,29,30,32,33,14,2041647521,2,10000000,95,302734,388332454
23052,2023-05-09,3,4,5,8,12,17,6,1998828962,16,5845032,179,94417,358038114
23053,2023-05-11,1,7,14,20,27,30,15,2004355202,10,7019136,420,60093,364282626
23054,2023-05-14,5,6,9,10,15,26,12,2012386157,8,7183225,610,35790,394464450
23055,2023-05-16,3,4,20,23,27,32,13,2076855754,1,10000000,66,376109,370786668
23056,2023-05-18,8,14,15,18,23,33,8,2067478767,10,6477200,91,202912,372532958
23057,2023-05-21,2,5,10,17,24,32,3,2012616989,21,5868194,202,112822,396913794
23058,2023-05-23,10,17,22,26,30,33,11,2029768036,2,9936554,76,162386,372662796
23059,2023-05-25,2,6,13,22,27,32,6,1922748082,30,5520970,184,106176,374631364
23060,2023-05-28,9,11,17,19,30,31,11,1949837133,6,8459942,108,240273,402713176
23061,2023-05-30,1,4,6,11,12,22,15,2002747701,3,10000000,163,169551,365432766
23062,2023-06-01,11,19,23,24,26,33,15,2083569496,1,10000000,100,302739,359921314
23063,2023-06-04,4,8,17,20,22,27,13,2130039756,4,10000000,172,167578,390718820
23064,2023-06-06,1,7,11,12,16,18,4,2081628784,19,5891656,252,84035,358055754
23065,2023-06-08,2,14,17,20,26,33,14,2102299471,8,7757758,128,215449,364732942
23066,2023-06-11,2,7,8,10,26,31,6,2060647554,18,5976728,175,125579,393592226
23067,2023-06-13,1,3,12,19,28,32,14,2103312244,5,9921068,220,139803,364444632
23068,2023-06-15,11,12,15,18,29,33,2,2178451698,1,10000000,96,295623,370869162
23069,2023-06-18,12,14,17,20,21,26,2,2216379497,6,9116836,129,239350,396617204
23070,2023-06-20,3,5,25,31,32,33,4,2298227329,0,0,110,248023,358436376
23071,2023-06-22,5,12,15,19,24,26,6,2261306658,16,5979075,127,154185,335357710
23072,2023-06-25,2,6,10,24,25,33,9,2257958066,7,6644229,197,73030,390203400
23073,2023-06-27,1,3,15,16,25,32,10,2285628386,5,8830568,64,374078,360075550
23074,2023-06-29,2,8,9,18,19,21,3,2310559345,4,9084632,228,89575,358471886
23075,2023-07-02,13,15,24,28,30,31,1,2313625531,9,6942068,107,204189,382962350
23076,2023-07-04,3,4,15,18,19,22,9,2322659300,8,7228807,92,242261,349981630
23077,2023-07-06,7,9,14,22,26,27,1,2334509163,8,7356811,232,101586,351174612
23078,2023-07-09,6,8,14,19,30,31,8,2250465082,22,5429023,134,88045,376825490
23079,2023-07-11,5,6,9,12,21,22,7,2047443072,44,5140313,219,35238,352893610
23080,2023-07-13,1,2,4,9,25,31,8,2052579114,9,7025698,66,345289,363086950
23081,2023-07-16,1,11,15,16,22,31,15,2080743000,6,8525084,53,498832,387109286
23082,2023-07-18,4,18,19,24,27,30,16,2056167572,13,6130757,144,127602,355121956
23083,2023-07-20,7,10,12,16,17,30,12,2071700320,5,7947836,141,130666,360195880
23084,2023-07-23,9,13,14,17,19,27,3,2103633553,5,9140598,99,261401,386580634
23085,2023-07-25,11,18,23,24,31,33,13,2125713507,6,8156360,97,244048,356240472
23086,2023-07-27,8,9,10,22,26,32,12,2121686796,11,6685067,185,125241,357436118
23087,2023-07-30,2,9,15,17,28,33,1,2137498144,9,7457024,158,174946,381153750
23088,2023-08-01,1,14,18,26,31,33,5,2115425117,11,6088495,98,152722,350096092
23089,2023-08-03,8,13,15,27,28,31,11,2063540939,18,5770016,122,142011,354904960
23090,2023-08-06,1,2,9,26,30,31,7,2090904684,4,9305795,97,221948,384947064
23091,2023-08-08,16,20,22,26,30,32,16,2110673283,8,7716754,69,393732,358375594
23092,2023-08-10,3,12,24,25,32,33,13,2139476134,6,8563809,98,272740,357345052
23093,2023-08-13,10,21,24,25,27,32,7,2202132520,2,10000000,55,500947,382160878
23094,2023-08-15,6,10,12,14,30,31,12,2190138271,13,6482678,62,388605,353863692
23095,2023-08-17,3,8,16,17,22,26,11,2125574043,22,5751004,342,60387,357870744
23096,2023-08-20,8,11,18,26,31,32,15,2146953645,8,7789981,125,223198,387715200
23097,2023-08-22,1,9,14,19,29,30,15,2128843885,13,6311615,225,94727,357725994
23098,2023-08-24,2,10,11,14,21,27,11,2118259570,13,6522117,266,92986,362199042
23099,2023-08-27,9,11,14,19,27,33,5,2086416405,18,6174885,82,322377,390452378
23100,2023-08-29,5,6,12,15,23,25,4,2031278380,19,5762908,243,74564,359711540
23101,2023-08-31,1,5,9,15,18,26,4,2081108979,4,10000000,164,182582,370629284
23102,2023-09-03,1,9,10,13,21,28,10,2075541857,10,6615741,98,206089,408618502
23103,2023-09-05,5,6,13,24,25,29,15,2132500020,3,10000000,103,281418,370559376
23104,2023-09-07,10,19,23,25,30,31,12,2183510069,2,10000000,76,311447,371735912
23105,2023-09-10,1,3,5,26,30,32,16,2246893587,3,10000000,77,404257,405852212
23106,2023-09-12,7,9,10,20,22,24,7,2266428564,4,8594088,140,128360,375981944
23107,2023-09-14,3,7,18,25,29,33,14,2284128424,6,7890900,194,111761,377747376
23108,2023-09-17,1,3,6,8,18,24,9,2257216493,12,6002668,109,137981,414140392
23109,2023-09-19,6,8,10,13,16,28,13,2303849540,3,10000000,221,115585,372318810
23110,2023-09-21,2,6,20,25,29,33,16,2339391685,6,8972251,70,425598,375580258
23111,2023-09-24,5,6,12,17,20,33,9,2374902077,4,10000000,121,208017,404303630
23112,2023-09-26,9,12,13,22,24,31,4,2367099281,13,6599921,176,147720,369828352
23113,2023-09-28,1,2,13,18,25,27,3,2374279095,9,7108275,101,234832,373161172
23114,2023-10-05,7,9,15,16,17,26,9,2371779513,9,6717188,157,123046,370562742
23115,2023-10-08,2,7,16,21,26,27,16,2367018008,13,6684992,123,222610,399381218
23116,2023-10-10,2,8,9,13,24,27,12,2358302682,10,6501260,238,78847,373229184
23117,2023-10-12,2,11,14,17,18,28,8,2344668961,8,6198467,114,105128,382441836
23118,2023-10-15,1,2,11,19,25,29,4,2354656592,9,7221722,400,62485,416077564
23119,2023-10-17,1,2,3,19,21,28,15,2404112623,4,10000000,76,392351,379869478
23120,2023-10-19,3,8,13,24,27,29,8,2372742600,15,6057696,262,75693,382480862
23121,2023-10-22,2,12,16,25,30,31,12,2394462620,8,7805455,105,267186,412907242
23122,2023-10-24,7,8,14,18,20,30,5,2396234235,9,6889762,104,204421,383794308
23123,2023-10-26,10,13,15,22,29,32,15,2392642136,14,6724880,146,206749,385283048
23124,2023-10-29,2,3,17,18,25,30,11,2400872645,8,7192295,207,105908,417825112
23125,2023-10-31,11,14,15,27,30,33,4,2449910182,3,10000000,104,253325,386307316
23126,2023-11-02,10,24,26,28,29,31,16,2481110827,7,8438994,140,214937,394649530
23127,2023-11-05,3,8,19,22,26,32,14,2483723142,13,6891253,253,121473,415967168
23128,2023-11-07,7,16,20,21,27,33,1,2503346700,7,7837587,178,139488,381237932
23129,2023-11-09,8,9,12,17,32,33,4,2553859029,6,9879535,132,277246,473959588
23130,2023-11-12,4,10,17,22,23,32,16,2644338946,3,10000000,261,153869,497696868
23131,2023-11-14,6,7,14,20,26,32,1,2691287209,7,9257052,140,266065,466031504
23132,2023-11-16,3,9,11,15,25,27,1,2639577950,24,6034708,339,91567,474511672
23133,2023-11-19,4,5,10,14,22,25,3,2625290582,17,6512569,306,105039,517770956
23134,2023-11-21,5,8,9,17,22,33,4,2554169624,28,5894533,232,134951,484355844
23135,2023-11-23,5,6,11,13,28,30,7,2481542330,23,5669924,221,87150,486609550
23136,2023-11-26,3,5,10,21,22,26,10,2438516168,21,6073140,240,117374,525192790
23137,2023-11-28,3,12,17,19,23,27,11,2467775081,6,8591449,213,126459,492348152
23138,2023-11-30,3,22,28,30,31,33,4,2548652101,3,10000000,78,473833,492601986
23139,2023-12-03,12,14,19,21,27,31,11,2599513870,7,9460351,133,293444,521719600
23140,2023-12-05,3,4,11,14,30,31,5,2606606136,12,7033098,123,247938,480392100
23141,2023-12-07,1,8,11,12,21,23,3,2628135529,11,7529897,220,158118,493963074
23142,2023-12-10,2,8,20,21,27,33,14,2715709193,3,10000000,130,301470,507406422
23143,2023-12-12,5,7,9,16,23,30,15,2625542196,32,5793556,187,169744,460243432
23144,2023-12-14,12,16,17,22,25,27,8,2624782779,9,6787498,151,133174,461560620
23145,2023-12-17,7,10,21,22,23,24,11,2658009357,8,8328480,195,170691,488324570
23146,2023-12-19,2,3,6,11,20,32,9,2661725786,9,6968340,172,128743,449833942
23147,2023-12-21,5,6,14,16,19,32,12,2678144078,8,7564467,96,267132,432874498
23148,2023-12-24,3,5,7,9,19,20,8,2527599376,39,5414501,424,47657,454223900
23149,2023-12-26,2,10,19,24,26,33,15,2575173968,4,10000000,134,217847,405361488
23150,2023-12-28,10,17,25,26,30,33,5,2599366995,7,8074962,109,246843,411922624
23151,2023-12-31,1,15,16,20,25,27,5,2626575547,10,7807583,112,313346,452958034
24001,2024-01-02,3,7,16,26,27,32,16,2653241738,7,8203438,164,170915,397951464
24002,2024-01-04,4,9,10,17,19,20,9,2540785162,30,5455071,196,87067,402054502
24003,2024-01-07,1,5,8,13,32,33,3,2538504530,12,6749071,116,226173,428830208
24004,2024-01-09,9,13,17,18,21,27,4,2543934511,9,7037575,163,140630,397770990
24005,2024-01-11,5,6,20,23,25,32,3,2593104612,5,10000000,99,333906,407820678
24006,2024-01-14,7,18,20,21,26,32,5,2606624464,11,7265119,98,317810,430067550
24007,2024-01-16,4,5,6,7,20,22,15,2644219785,5,9552387,178,159845,391831746
24008,2024-01-18,8,20,21,23,27,30,13,2680260839,5,9439349,151,183747,390103204
24009,2024-01-21,1,4,7,10,17,23,14,2725560627,4,10000000,118,240959,409759128
24010,2024-01-23,11,16,20,21,23,24,4,2773122333,4,10000000,73,399825,372460178
24011,2024-01-25,8,12,16,20,27,31,6,2729590794,13,5600516,143,68240,382080084
24012,2024-01-28,1,3,7,18,22,28,15,2765382313,7,8677481,138,233173,406461312
24013,2024-01-30,1,7,10,14,21,25,7,2740765858,14,6178793,149,138448,368057096
24014,2024-02-01,1,2,10,22,24,25,13,2771158275,7,8397008,110,270216,369008560
24015,2024-02-04,3,8,17,18,20,30,15,2799740697,7,8302983,254,113783,391425990
24016,2024-02-06,7,12,20,24,32,33,4,2182164460,136,5166908,87,326142,398150146
24017,2024-02-18,4,17,19,20,25,32,4,2249152255,3,10000000,96,336763,408414594
24018,2024-02-20,6,15,17,24,28,29,16,2255582139,9,7077975,224,104362,362234554
24019,2024-02-22,5,11,12,16,17,20,8,2240147827,10,6256934,107,146838,362006810
24020,2024-02-25,3,8,12,14,17,33,8,2292837056,3,10000000,65,424047,401743532
24021,2024-02-27,4,6,16,17,23,24,11,2303552638,8,7305253,182,126662,387567590
24022,2024-02-29,2,9,11,14,18,26,6,2211765504,27,5581991,335,58633,388759926
24023,2024-03-03,1,10,22,25,28,32,10,2249424817,4,10000000,174,148772,429941270
24024,2024-03-05,3,7,21,24,26,30,10,2259827583,10,7196464,276,99477,389179240
24025,2024-03-07,8,15,21,22,25,33,13,2283708268,8,7903667,77,377099,399059370
24026,2024-03-10,4,7,18,19,20,25,6,2274290656,14,6573568,465,59220,431419382
24027,2024-03-12,2,6,13,27,28,32,13,2297410268,9,7752307,296,104606,398514350
24028,2024-03-14,3,7,8,11,18,19,5,2284805181,12,6436209,206,104578,400874276
24029,2024-03-17,12,18,23,25,28,33,4,2369816985,1,10000000,116,273022,433441094
24030,2024-03-19,1,8,22,25,29,33,10,2432825172,3,10000000,76,407930,398025748
24031,2024-03-21,9,10,13,25,30,32,2,2337825172,19,5000000,173,6000,401159328
24032,2024-03-24,1,3,4,11,12,21,16,2337606504,14,6812502,135,234953,413703736
24033,2024-03-26,6,10,11,18,20,32,5,2373391338,4,10000000,117,215911,374362318
24034,2024-03-28,2,9,12,19,21,31,4,2343160918,17,6171541,248,100384,385412112
24035,2024-03-31,5,7,14,17,22,32,6,2285864323,21,5826032,504,43022,412436132
24036,2024-04-02,2,8,9,12,21,31,2,2277496852,10,6513910,206,91863,375133272
24037,2024-04-04,1,4,5,6,12,14,13,2327021985,3,10000000,90,294537,356283280
24038,2024-04-07,8,10,18,23,27,31,2,2387854012,3,10000000,190,159354,403976694
24039,2024-04-09,2,6,12,29,30,31,10,2381952370,12,6639344,138,178189,381702830
24040,2024-04-11,11,14,18,19,23,26,2,2403776297,8,7810178,213,131933,386011398
24041,2024-04-14,2,9,12,22,25,33,16,2126335214,67,5312395,542,48271,412186810
24042,2024-04-16,2,4,5,14,26,32,14,2209117678,1,10000000,46,672336,385020364
24043,2024-04-18,4,6,7,14,15,24,8,2195139699,12,6394606,146,143281,379945476
24044,2024-04-21,2,6,17,25,32,33,6,2217466686,5,8441962,115,187063,405727312
24045,2024-04-23,2,8,19,23,24,26,3,2197753504,13,6266764,334,61631,379451774
24046,2024-04-25,2,6,10,11,17,29,15,2226410188,6,8554950,188,141819,382103034
24047,2024-04-28,7,8,21,26,29,30,15,2162261379,26,5920995,91,328927,405356264
24048,2024-04-30,2,9,15,19,26,28,2,2179284324,7,7702490,114,207428,351928312
24049,2024-05-02,12,15,17,23,26,32,11,2211638785,3,10000000,141,147410,330045974
24050,2024-05-05,1,3,7,10,22,33,2,2207601984,13,6705264,226,122613,388201440
24051,2024-05-07,5,9,13,20,23,28,6,2178038182,15,6101483,203,101738,367939562
24052,2024-05-09,7,10,11,15,17,21,3,2202835275,6,8321035,131,190135,373167274
24053,2024-05-12,7,14,21,22,28,33,7,2170866334,14,5987819,220,78576,395915432
24054,2024-05-14,8,13,20,25,31,32,3,2201149174,5,9020570,242,103837,367543408
24055,2024-05-16,2,4,6,7,16,29,3,2281302712,1,10000000,144,208688,377710122
24056,2024-05-19,5,18,20,24,25,26,6,2300641915,6,7990254,97,231205,397159810
24057,2024-05-21,3,8,17,18,23,31,8,2240160236,18,5596329,384,34941,365625592
24058,2024-05-23,8,12,13,17,27,29,13,2296535377,2,10000000,84,303075,369285740
24059,2024-05-26,1,3,14,25,31,33,7,2319757937,6,8225609,137,176584,390426128
24060,2024-05-28,1,2,6,10,22,28,15,2326589163,9,7094190,122,193111,358843202
24061,2024-05-30,1,9,18,22,25,28,2,2363723406,4,10000000,143,179800,364421040
24062,2024-06-02,1,7,10,16,18,27,16,2401489046,5,9564773,90,316998,390275626
24063,2024-06-04,7,14,16,23,28,32,4,2404350858,10,6922247,245,98073,362508790
24064,2024-06-06,6,8,17,18,28,30,5,2335560971,21,5627014,277,59419,365056746
24065,2024-06-09,3,5,9,10,19,22,14,2343254145,10,7097933,236,111119,373231796
24066,2024-06-11,8,9,12,22,26,32,13,2318622744,16,6258377,168,149806,348630430
24067,2024-06-13,1,11,13,17,25,29,3,2339018162,7,7877684,100,251797,359572106
24068,2024-06-16,1,2,7,19,20,21,1,2248589639,25,5502857,190,82706,382798116
24069,2024-06-18,6,13,20,21,24,32,6,2231662700,12,6305244,121,161807,349312006
24070,2024-06-20,4,13,18,20,22,28,5,2246917307,8,7511573,95,264376,355743106
24071,2024-06-23,2,8,19,28,30,31,14,2254015200,11,7052822,130,217125,377739850
24072,2024-06-25,1,14,20,21,23,27,6,2329358625,0,0,96,261609,342963952
24073,2024-06-27,3,9,12,18,28,30,1,2354261205,4,9082052,288,70868,351823400
24074,2024-06-30,7,8,10,22,24,32,7,2356767829,5,7000481,90,138922,375016018
24075,2024-07-02,3,5,8,18,22,28,1,2313225143,18,5938531,320,65990,345694980
24076,2024-07-04,3,22,24,27,29,32,15,2372414911,2,10000000,80,329957,348856354
24077,2024-07-07,1,4,6,14,17,22,8,2382512560,5,7552556,92,173407,369020954
24078,2024-07-09,5,9,14,21,22,26,12,2329005428,17,5673644,171,83713,342123330
24079,2024-07-11,2,3,6,7,16,26,4,2323420019,10,6615076,324,62310,351442404
24080,2024-07-14,6,11,12,27,29,30,13,2334815017,9,7278585,197,130122,375983952
24081,2024-07-16,1,6,12,17,23,25,4,2339593701,11,6976154,501,54235,351219750
24082,2024-07-18,1,2,13,16,17,29,16,2383370581,3,10000000,89,276317,350123408
24083,2024-07-21,3,9,14,29,32,33,15,2404993508,8,7801042,101,277330,378567992
24084,2024-07-23,1,8,10,13,19,29,13,2441854586,5,9498987,98,286925,347931710
24085,2024-07-25,1,5,15,21,23,27,15,2483142282,5,9820923,106,284252,345948072
24086,2024-07-28,17,19,20,23,25,31,2,2515631484,3,10000000,61,341471,369996636
24087,2024-07-30,3,9,18,19,20,26,11,2257713590,59,5228549,131,128667,346836290
24088,2024-08-01,3,8,10,17,30,32,10,2291698840,3,10000000,135,157988,354401976
24089,2024-08-04,3,6,9,15,18,31,1,2285367632,12,6626327,166,146957,380044140
24090,2024-08-06,7,11,17,24,31,32,12,2300572454,7,7608042,85,268474,350631612
24091,2024-08-08,13,15,16,19,20,24,10,2364340809,2,10000000,88,317304,356693206
24092,2024-08-11,3,8,11,12,18,29,5,2335461640,14,6068073,234,79877,370253242
24093,2024-08-13,1,5,7,11,12,15,12,2371195097,4,10000000,148,170570,348127806
24094,2024-08-15,6,13,17,22,25,27,9,2086195097,57,5000000,273,6000,350072302
24095,2024-08-18,4,6,9,14,16,21,3,2028443682,17,5582857,199,62239,385134230
24096,2024-08-20,2,4,14,18,23,27,13,2065127017,4,10000000,203,125916,352522568
24097,2024-08-22,4,10,12,13,18,30,3,2114497370,3,10000000,40,661419,354395754
24098,2024-08-25,3,8,10,20,30,31,2,2127859521,9,7358066,171,155135,381156802
24099,2024-08-27,4,12,17,24,26,27,16,2134776394,9,7097651,92,256506,344108040
24100,2024-08-29,13,14,19,20,27,30,5,2171115625,3,10000000,79,279912,348781408
24101,2024-09-01,8,12,15,17,19,30,8,2152170943,11,6191911,103,159114,374345806
24102,2024-09-03,9,15,18,21,22,25,1,2175308161,5,8500888,197,111068,344796788
24103,2024-09-05,12,21,23,27,32,33,15,2191849007,8,7570038,115,223481,346931426
24104,2024-09-08,5,16,23,24,26,29,4,2184380821,10,6546611,206,93847,373660982
24105,2024-09-10,2,5,17,19,29,33,4,2203602195,6,7983113,62,360860,342083742
24106,2024-09-12,3,8,11,22,31,33,4,2207462227,11,6945786,208,128627,347018184
24107,2024-09-15,1,6,8,13,17,19,9,2142473782,18,5505283,90,126320,354933898
24108,2024-09-17,1,8,9,23,24,30,8,2140826873,8,6743322,139,125418,323582976
24109,2024-09-19,3,4,24,28,29,33,9,2143362495,9,6920631,72,300098,343699030
24110,2024-09-22,4,13,17,23,25,33,14,2181209099,4,10000000,69,376070,368550846
24111,2024-09-24,1,4,11,12,22,30,16,2179758898,11,6770241,178,136746,339434250
24112,2024-09-26,8,11,16,25,29,32,3,2182909574,9,6945481,163,134274,348744958
24113,2024-09-29,4,5,23,24,26,31,11,2241743848,1,10000000,65,352996,377101508
24114,2024-10-06,7,11,18,24,27,32,4,2267175046,6,8359466,250,100783,354097454
24115,2024-10-08,3,10,11,19,27,28,7,2137644946,29,5193979,178,39504,341744330
24116,2024-10-10,1,15,20,22,31,32,3,2192343800,2,10000000,66,377266,352746618
24117,2024-10-13,3,12,14,16,29,32,12,2223422878,4,9643552,113,205466,376451952
24118,2024-10-15,2,3,4,6,11,15,14,2257480299,5,9295085,64,419441,342882326
24119,2024-10-17,2,9,26,27,31,32,14,2308462079,4,10000000,72,421211,343140726
24120,2024-10-20,1,5,7,11,18,19,7,2266839986,15,5809161,183,82905,364140764
24121,2024-10-22,1,7,10,13,27,33,3,2256645443,12,6509256,68,332924,341159894
24122,2024-10-24,5,7,9,16,17,29,15,2257311684,10,6842408,228,101009,352551896
24123,2024-10-27,2,15,22,26,30,33,4,2276426310,7,7811149,84,292828,375813786
24124,2024-10-29,2,14,15,17,25,30,11,2296856893,4,8675507,80,229719,346613892
24125,2024-10-31,1,4,13,18,26,30,3,2302578322,9,7049350,419,55024,351905686
24126,2024-11-03,14,18,23,24,26,33,10,2326364768,8,7899383,69,420200,473613616
24127,2024-11-05,2,5,13,20,27,32,10,2375510386,5,10000000,165,200294,438566712
24128,2024-11-07,1,8,13,18,20,26,16,2453113294,2,10000000,118,275714,445426800
24129,2024-11-10,9,10,13,19,24,32,1,2441971585,16,6564961,120,260826,479114118
24130,2024-11-12,1,8,12,17,19,24,16,2477625267,9,8258734,135,271561,439889754
24131,2024-11-14,4,5,11,15,20,32,13,2463553435,15,6477046,236,117350,435463406
24132,2024-11-17,1,4,25,27,28,33,3,2503891643,6,9262921,87,367493,471463176
24133,2024-11-19,1,11,15,27,30,33,1,2467409931,22,6215178,128,261073,432267736
24134,2024-11-21,2,4,13,16,18,20,16,2554819300,2,10000000,103,347603,439880754
24135,2024-11-24,5,11,17,18,30,31,13,2530793029,19,6358348,256,126018,465732500
24136,2024-11-26,3,11,15,21,25,26,3,2537583064,8,7126819,131,162352,429233698
24137,2024-11-28,4,9,10,19,26,27,12,2243778557,70,5291924,855,29875,446966366
24138,2024-12-01,2,7,11,21,27,28,2,2200503777,20,6031367,307,83987,491074898
24139,2024-12-03,15,16,20,22,23,29,14,2219122799,11,7433686,97,344981,456605906
24140,2024-12-05,4,7,8,17,22,26,15,2261925902,5,9931134,180,171219,459136590
24141,2024-12-08,1,2,7,15,24,29,12,2238110251,20,6385169,188,184198,481535824
24142,2024-12-10,4,6,13,21,22,25,6,2200464970,14,5840382,178,82621,441190576
24143,2024-12-12,2,5,11,22,30,33,10,2225060896,8,7936178,226,129919,463226948
24144,2024-12-15,2,9,11,17,20,30,11,2201545229,17,6315172,315,88721,491869822
24145,2024-12-17,1,3,16,22,23,30,3,2203223647,11,6873666,121,212916,451419346
24146,2024-12-19,2,4,11,22,27,32,10,2131435845,24,5730487,359,61043,413166618
24147,2024-12-22,5,11,13,16,21,30,10,2158588347,6,8463788,120,216486,438660552
24148,2024-12-24,2,6,15,16,21,23,11,2188407705,7,8367239,85,346627,412346050
24149,2024-12-26,3,9,16,17,18,22,16,2219207042,6,8684808,133,207789,411127632
24150,2024-12-29,13,14,20,22,26,32,2,2266121359,5,10000000,63,512774,434694410
24151,2024-12-31,5,10,16,19,29,32,4,2263285189,14,6744515,193,158181,428356574
25001,2025-01-02,2,3,17,18,22,33,16,1792900594,108,5234395,204,155114,404437376
25002,2025-01-05,9,12,13,15,22,26,11,1854289576,2,10000000,116,233876,439670530
25003,2025-01-07,10,19,20,26,28,29,15,1885210987,7,8424488,135,221957,396515706
25004,2025-01-09,3,7,17,27,29,32,4,1887440945,9,6908281,118,181933,391221400
25005,2025-01-12,10,16,19,27,28,30,9,1858064417,13,5996460,139,116492,424386010
25006,2025-01-14,1,7,8,17,20,22,6,1824655469,16,6058887,328,64566,388340672
25007,2025-01-16,7,8,14,18,21,27,11,1861548871,3,10000000,113,197325,388819806
25008,2025-01-19,9,14,16,17,25,33,11,1942395126,2,10000000,155,216873,419205612
25009,2025-01-21,2,4,11,12,23,25,6,1921378198,14,6272287,334,66661,375791606
25010,2025-01-23,4,6,7,16,17,21,8,1767703481,38,5347610,129,127996,385376562
25011,2025-01-26,6,13,17,22,24,29,11,1811025553,6,9443761,202,164991,460490078
25012,2025-02-06,7,11,13,18,27,31,11,1841105218,6,8641191,132,206885,384392632
25013,2025-02-09,4,14,16,23,24,30,14,1866519971,8,7973397,124,239790,400862420
25014,2025-02-11,6,7,9,13,21,27,5,1847958110,10,6143205,111,128739,376048608
25015,2025-02-13,4,11,15,24,25,33,15,1778497050,25,5807839,344,73386,381850646
25016,2025-02-16,2,3,12,16,20,29,14,1818910823,7,8917598,162,211598,422332862
25017,2025-02-18,4,12,15,18,28,29,5,1857043294,4,10000000,115,226470,385907866
25018,2025-02-20,3,9,18,21,28,29,11,1842439055,14,6438850,149,168992,389691430
25019,2025-02-23,5,13,17,18,22,23,11,1878573590,5,9446148,168,165407,426478858
25020,2025-02-25,4,11,13,16,26,30,15,1882831619,11,6958943,317,84969,397475096
25021,2025-02-27,7,8,16,18,25,32,14,1838921415,21,6057831,226,122867,406699544
25022,2025-03-02,11,17,18,20,28,30,10,1888281245,4,10000000,80,372332,439339144
25023,2025-03-04,9,12,13,24,25,33,7,1866674645,11,6103914,169,89815,386827864
25024,2025-03-06,10,11,22,27,30,32,15,1900501646,6,8868303,169,171670,390568100
25025,2025-03-09,12,15,21,23,25,30,2,1936093458,6,8975261,91,327631,429174194
25026,2025-03-11,9,10,12,14,19,32,7,1952743893,7,7683139,66,355719,392951650
25027,2025-03-13,5,7,8,15,16,23,6,1938498165,13,6419699,211,109337,394720204
25028,2025-03-16,4,9,14,15,18,25,15,2017782256,1,10000000,154,193255,417970572
25029,2025-03-18,5,15,16,25,30,33,16,2028095174,11,7159104,146,203340,393060268
25030,2025-03-20,4,6,7,30,31,33,6,2062046163,5,9287344,113,237131,395500258
25031,2025-03-23,1,5,6,8,23,28,1,2023566815,18,6040821,186,125905,419594048
25032,2025-03-25,3,8,10,14,16,21,3,2042155440,6,7944765,227,97294,374535064
25033,2025-03-27,3,5,18,25,26,33,8,2023890601,11,6214385,101,165324,379779720
25034,2025-03-30,5,8,13,14,24,26,12,2029352539,8,7066451,163,126776,400660020
25035,2025-04-01,1,8,16,18,25,31,1,2060934078,6,8732214,141,198522,375726786
25036,2025-04-03,5,11,13,16,19,32,7,2097342123,3,10000000,82,269951,372292440
25037,2025-04-06,3,6,11,20,21,31,2,2106170670,10,7139219,160,167126,406066676
25038,2025-04-08,6,19,20,23,26,33,9,2102284821,7,6616319,119,118847,378571560
25039,2025-04-10,8,10,12,15,17,23,11,2122857171,5,8314352,111,186618,381434232
25040,2025-04-13,2,6,8,9,10,24,11,1998970150,34,5493186,170,123296,399308858
25041,2025-04-15,6,10,17,19,25,31,6,2002373802,8,6972893,114,173060,377141604
25042,2025-04-17,7,13,19,23,27,33,12,2042981318,4,10000000,169,158989,385795918
25043,2025-04-20,3,12,16,19,20,32,13,2048930620,8,7088604,133,157037,409814910
25044,2025-04-22,2,3,7,8,14,28,11,2048222162,11,6794761,123,200633,373270898
25045,2025-04-24,2,14,19,24,29,33,13,2127821193,1,10000000,68,439210,373242104
25046,2025-04-27,2,3,10,16,29,33,1,2171296641,6,9453057,77,433739,399679256
25047,2025-04-29,1,14,21,22,23,31,12,2211042881,4,10000000,174,152770,364051920
25048,2025-05-01,16,21,22,23,27,31,10,2265448315,1,10000000,57,376639,326832578
25049,2025-05-04,3,6,19,27,29,33,11,2248298531,10,6194553,130,114860,359533236
25050,2025-05-06,9,12,15,18,22,33,16,2229936825,15,6373049,140,183890,366315720
25051,2025-05-08,1,2,3,4,17,22,1,2225343467,12,6678989,194,129818,365959336
25052,2025-05-11,6,7,10,17,20,26,9,2129007256,27,5520724,161,109158,390015600
25053,2025-05-13,6,9,10,13,30,33,7,2148558912,5,8240120,100,202507,367998390
25054,2025-05-15,5,7,10,21,24,27,16,2224737559,1,10000000,176,163217,374131396
25055,2025-05-18,2,5,22,27,29,33,12,2277473550,3,10000000,67,411621,396605082
25056,2025-05-20,1,2,10,14,28,31,3,2296183528,7,7790128,81,301402,366700300
25057,2025-05-22,4,9,15,16,25,30,14,2235456730,22,5814433,869,25773,362960216
25058,2025-05-25,2,6,7,9,10,20,6,2233844001,10,6759537,225,97752,393500536
25059,2025-05-27,4,10,11,12,13,24,1,2266201070,4,9759733,220,108175,357078086
25060,2025-05-29,6,14,18,25,28,30,1,2329561958,2,10000000,149,186489,358070626
25061,2025-06-01,6,7,9,10,11,32,9,2341944468,6,7568637,134,143766,366761624
25062,2025-06-03,6,8,9,13,25,31,14,2367795314,6,8384899,115,220754,353685018
25063,2025-06-05,2,19,21,22,28,30,1,2377447244,12,7110664,77,411168,366105242
25064,2025-06-08,2,10,13,22,29,33,16,2388057766,10,7204019,133,207144,389225746
25065,2025-06-10,6,10,13,14,15,20,11,2410421705,4,8851267,106,181663,357848508
25066,2025-06-12,6,22,24,27,28,30,4,2400049823,10,6441022,94,191625,366359214
25067,2025-06-15,1,5,10,17,20,22,5,2377972199,13,6200625,157,124268,389127714
25068,2025-06-17,5,7,8,19,20,31,7,2290992555,24,5500308,291,51578,356576372
25069,2025-06-19,2,4,19,23,27,30,5,2342801953,3,10000000,93,293223,367456356
25070,2025-06-22,2,3,15,21,22,33,6,2371986371,5,8940684,219,112462,388014508
25071,2025-06-24,1,12,18,23,25,28,7,2406971013,3,10000000,110,196923,357410052
25072,2025-06-26,2,14,17,25,27,29,5,2421739287,8,7489467,121,205741,359396990
25073,2025-06-29,2,7,10,27,30,33,11,2374540018,19,5914846,164,132485,388648778
25074,2025-07-01,3,4,12,20,32,33,13,2407444608,5,9211242,78,337439,357617458
25075,2025-07-03,10,12,14,19,20,21,15,2390134063,12,6293619,175,110881,356433094
25076,2025-07-06,2,6,9,12,14,30,8,2396570293,4,7403293,189,63579,380376886
25077,2025-07-08,4,7,8,15,20,21,15,2412167034,9,7448353,153,180025,354913968
25078,2025-07-10,6,15,17,30,32,33,14,2491153983,0,0,111,237198,350559496
25079,2025-07-13,8,11,14,15,30,32,5,2518044933,6,8447936,107,241677,380647944
25080,2025-07-15,3,7,8,10,16,19,5,2502765112,13,6390774,180,125556,350614738
25081,2025-07-17,3,6,18,20,23,28,5,2529126398,6,8415835,149,171938,353894972
25082,2025-07-20,4,6,9,14,32,33,11,2558698192,4,9506526,120,187771,378156970
25083,2025-07-22,10,15,16,17,27,29,12,2565049782,8,7106890,145,145302,352801672
25084,2025-07-24,6,8,10,14,24,33,15,2594607446,6,8609555,120,225597,350903250
25085,2025-07-27,11,14,15,18,21,24,13,2572231246,17,6339546,93,306079,373432674
25086,2025-07-29,2,6,8,10,17,24,6,2535971590,16,5994098,118,168491,345276906
25087,2025-07-31,2,6,14,15,24,26,8,2559651509,3,9688475,105,167445,350994188
25088,2025-08-03,1,3,13,18,21,25,6,2602087534,4,10000000,68,404098,378870024
25089,2025-08-05,4,6,8,18,31,33,5,2625969286,5,8555036,82,270963,346126366
25090,2025-08-07,6,11,12,21,27,28,15,2427919422,51,5406061,197,131403,358843770
25091,2025-08-10,3,4,17,19,25,27,14,2443475122,8,7525259,114,221513,381527438
25092,2025-08-12,2,11,14,17,23,24,12,2456759248,7,7508266,110,199521,350909082
25093,2025-08-14,9,11,12,24,25,26,10,2435085847,12,6161412,136,128096,356349402
25094,2025-08-17,11,13,17,19,23,29,16,2456203693,8,7778083,196,141738,378464962
25095,2025-08-19,15,16,22,23,26,32,4,2468316703,8,7368773,78,303688,347483168
25096,2025-08-21,7,9,11,12,16,29,15,2531810580,1,10000000,165,148472,350353036
25097,2025-08-24,3,5,16,23,26,31,14,2597968523,2,10000000,178,161344,380958632
25098,2025-08-26,5,8,13,17,18,29,2,2518876889,22,5510882,269,52227,348777356
25099,2025-08-28,9,11,15,17,22,26,14,2588706689,2,10000000,155,193182,353036232
25100,2025-08-31,12,16,17,25,30,31,16,2597220563,11,7099632,107,269812,383791808
25101,2025-09-02,5,8,9,10,16,21,5,2615069983,5,8116321,107,182028,350895240
25102,2025-09-04,4,9,16,17,18,31,7,2587063782,12,5969509,136,106931,351383918
25103,2025-09-07,13,16,21,25,28,31,16,2655260007,3,10000000,116,282173,385480320
25104,2025-09-09,2,5,15,16,24,32,16,2720046642,2,10000000,138,204798,348590986
25105,2025-09-11,4,7,18,24,26,28,8,2733576679,5,7802184,160,109460,357186846
25106,2025-09-14,4,5,17,22,26,30,4,2754326369,8,7761349,265,104201,383828310
25107,2025-09-16,2,3,10,15,25,33,13,2799363828,3,10000000,144,173697,352042890
25108,2025-09-18,1,9,14,17,22,33,7,2819783316,5,8303235,129,160040,359262232
25109,2025-09-21,5,6,9,17,18,31,3,2798817511,12,6182854,190,93383,398851460
25110,2025-09-23,1,5,11,14,16,19,8,2817720121,6,7963794,67,331768,364932922
25111,2025-09-25,9,14,18,28,31,33,12,2846924292,4,9473106,67,333813,366420958
25112,2025-09-28,3,9,11,13,20,32,2,2882384020,4,10000000,118,213163,398243350
25113,2025-09-30,8,10,13,15,24,31,16,2931095408,4,10000000,122,242380,376311750
25114,2025-10-05,1,20,21,25,26,27,10,2942942799,7,7433630,87,244761,306235982
25115,2025-10-07,2,3,8,19,24,30,2,2797883669,39,5465649,604,37583,330722178
25116,2025-10-09,2,4,8,24,28,31,9,2802882002,3,7424040,62,146615,363037044
25117,2025-10-12,6,8,17,20,25,33,10,2819850462,9,7503776,177,159138,389301568
25118,2025-10-14,1,10,11,16,24,26,3,2840423562,6,8065036,80,287347,357347556
25119,2025-10-16,6,9,23,26,28,32,11,2819294293,11,6119693,564,27297,364080712
25120,2025-10-19,1,2,4,7,13,32,7,2880926922,1,10000000,47,508032,385873150
25121,2025-10-21,6,8,10,25,29,30,8,2847262236,13,5876512,174,81858,354466956
25122,2025-10-23,16,18,19,20,25,31,13,2875067397,6,8503343,151,174007,363694232
25123,2025-10-26,7,9,23,24,25,26,10,2875974569,11,6848170,166,153086,386747886
25124,2025-10-28,1,2,18,19,21,33,13,2871762236,14,6708770,154,194178,354991248
25125,2025-10-30,3,9,12,13,26,32,9,2821493961,17,5742924,248,63657,358732158
25126,2025-11-02,2,12,13,16,19,25,10,2846957929,7,8140985,100,274836,399441700
25127,2025-11-04,3,9,15,17,19,28,3,2849527123,8,6934963,128,151169,360915142
25128,2025-11-06,2,10,18,19,24,27,1,2840807340,7,6365206,142,84123,371066844
25129,2025-11-09,3,4,7,13,20,30,3,2822006563,16,6390891,194,143390,403899176
25130,2025-11-11,1,5,8,14,19,23,6,2776600809,14,5638811,183,61088,377466594
25131,2025-11-13,3,13,14,18,24,31,3,2798991596,8,7835944,98,289382,385122072
25132,2025-11-16,4,8,10,21,23,32,11,2810082951,8,7322334,135,172024,409235610
25133,2025-11-18,5,14,17,19,20,33,7,2738063876,21,5571098,148,101292,363914948
25134,2025-11-20,3,5,9,13,26,29,12,2723830474,12,6386866,123,169130,374640566
25135,2025-11-23,1,2,5,9,25,32,10,2742951835,7,7811499,104,236544,400247838
25136,2025-11-25,8,10,14,23,28,32,12,2583189299,43,5467124,101,248593,361034006
25137,2025-11-27,2,8,11,23,27,29,5,2563690940,12,6227322,114,161489,364942202
25138,2025-11-30,10,13,14,23,24,27,15,2620027948,2,10000000,78,326226,396317254
25139,2025-12-02,2,5,17,22,30,33,6,2655816573,3,10000000,142,154433,358264332
25140,2025-12-04,1,3,4,12,18,24,5,2690606470,4,9980899,126,197654,362437084
25141,2025-12-07,2,4,5,10,12,13,6,2697873796,10,7082448,112,232416,390055596
25142,2025-12-09,2,13,15,23,27,31,16,2743073255,3,10000000,79,317297,353205678
25143,2025-12-11,2,9,12,13,15,24,3,2766563293,7,8038443,81,328226,357498010
25144,2025-12-14,1,8,15,20,26,33,13,2736534730,18,6211544,180,151443,379272340
25145,2025-12-16,11,12,15,18,25,32,14,2711897665,15,6220919,89,257216,356306424
25146,2025-12-18,5,7,12,24,26,28,2,2718302859,9,7076977,192,121697,365633358
25147,2025-12-21,1,3,5,8,22,33,8,2654856315,21,5719540,118,160067,392695744
25148,2025-12-23,3,4,9,10,15,22,16,2669426999,8,7480485,139,178452,353582370
25149,2025-12-25,1,2,4,6,22,30,10,2655142533,13,6418616,130,177327,355328424
25150,2025-12-28,6,13,17,19,24,31,8,2673213583,7,7756937,208,115976,388447078
25151,2025-12-30,8,9,14,22,28,30,4,2688298050,6,7732391,125,163943,369383528
26001,2026-01-01,2,6,11,12,13,33,15,2718022399,4,9520395,154,146766,348080190
26002,2026-01-04,1,5,7,18,30,32,2,2717326577,12,6797096,119,226524,377330734
26003,2026-01-06,5,6,9,21,28,30,16,2761523177,3,10000000,130,190247,352267432
26004,2026-01-08,3,7,8,9,18,32,10,2782271788,4,8704419,128,144703,361167416
26005,2026-01-11,1,20,22,27,30,33,10,2821524165,4,10000000,66,400264,387903486
26006,2026-01-13,2,6,22,23,24,28,15,2880241083,2,10000000,147,178496,352228044
26007,2026-01-15,9,13,19,27,29,30,1,2890464389,7,7349262,149,137960,360236814
26008,2026-01-18,6,9,16,27,31,33,10,2921931052,6,8725252,107,261115,388652642
26009,2026-01-20,3,6,13,19,23,25,10,2924245047,9,6911676,276,77921,347159860
26010,2026-01-22,4,9,10,15,19,26,12,2865932466,19,5702151,223,74780,358486254
26011,2026-01-25,2,3,4,20,31,32,4,2925771107,3,10000000,77,388911,394441490
26012,2026-01-27,3,5,7,16,20,24,8,2925358915,8,6799445,65,276837,358422924
26013,2026-01-29,4,9,12,13,16,20,1,2961315457,5,9433203,103,269005,380549690
26014,2026-02-01,7,13,19,22,26,32,1,2876368081,17,5882352,201,299554,386492580
26015,2026-02-03,7,10,13,22,27,31,12,2851368081,5,7580431,148,348706,359738534
26016,2026-02-05,4,5,9,10,27,30,13,2811368081,8,5687274,247,89039,364669398
26017,2026-02-08,1,3,5,18,29,32,4,2781368081,6,6934706,130,357176,387896530
26018,2026-02-10,11,15,17,22,25,30,7,2751368081,6,5577851,82,169127,365733450
26019,2026-02-12,7,8,16,17,18,30,1,2716368081,7,6673652,220,213010,428387634
26020,2026-02-24,1,13,14,21,24,30,2,2712273374,2,10000000,64,994080,381989060
26021,2026-02-26,3,13,25,26,30,31,4,2682273374,6,7076614,113,441050,351619166
26022,2026-03-01,15,18,23,25,28,32,11,2652273374,6,6366973,152,215837,380507698
26023,2026-03-03,1,3,8,10,23,29,6,2592273374,12,5612828,133,221171,361967792
26024,2026-03-05,1,2,13,21,23,29,14,2588926159,2,10000000,79,843179,370443834
26025,2026-03-08,2,3,15,20,23,24,10,2553926159,7,6639739,184,249525,404403816
26026,2026-03-10,2,9,16,22,25,29,3,2518926159,7,6119470,168,186578,377828982
26027,2026-03-12,2,13,17,18,25,26,13,2428784926,23,4347826,131,301031,397777968
26028,2026-03-15,2,6,9,17,25,28,15,2403784926,5,7757204,251,219697,425241582
26029,2026-03-17,6,19,22,23,28,31,5,2383784926,4,7239119,106,337980,390925844
26030,2026-03-19,10,11,14,19,22,24,4,2358784926,5,7573704,86,598535,401991268
26031,2026-03-22,3,10,12,13,18,33,8,2308784926,10,5408805,99,165174,430685136
26032,2026-03-24,1,3,11,18,31,33,2,2278784926,6,7330318,120,466063,392702390
26033,2026-03-26,3,6,13,21,28,29,6,2203784926,15,5619305,161,230797,397739574
26034,2026-03-29,1,3,7,13,22,23,7,2138784926,13,5653247,183,185622,425726210
26035,2026-03-31,2,6,12,24,25,32,2,2108784926,6,7153892,268,192885,389527084
26036,2026-04-02,6,10,12,15,22,28,8,2063784926,9,5684766,177,139274,398552206
26037,2026-04-05,11,22,27,29,31,33,12,1973841973,72,1388888,171,235251,398672542
26038,2026-04-07,1,2,13,23,25,27,5,1933841973,8,6202609,139,276859,382309000
26039,2026-04-09,8,17,18,21,25,30,5,1934981238,1,10000000,173,257555,393444014
26040,2026-04-12,3,4,14,22,23,33,4,1869981238,13,6070223,222,250682,421923472
26041,2026-04-14,2,8,10,17,19,24,13,1799981238,14,5761961,171,249531,396284492
26042,2026-04-16,2,7,12,19,24,31,10,1729981238,14,5706863,350,113098,400801534
26043,2026-04-19,6,9,14,16,25,32,16,1649981238,16,5364612,262,89065,423102342
26044,2026-04-21,2,14,17,18,22,30,1,1619981238,6,7298375,114,483868,395282770
26045,2026-04-23,4,11,15,17,24,30,15,1559981238,12,6214166,131,444885,395637026
26046,2026-04-26,2,9,10,24,31,33,16,1535111504,5,8506512,114,614035,425615512
26047,2026-04-28,7,16,21,24,27,30,7,1505111504,6,6564632,269,139595,383992530
26048,2026-04-30,9,15,18,24,28,33,1,1520262206,0,0,128,473459,381163108
26049,2026-05-03,3,4,14,15,18,20,2,1490262206,6,6941614,112,416060,378548054
26050,2026-05-05,6,9,25,27,28,30,3,1470262206,4,7220345,87,408339,368215788
26051,2026-05-07,9,14,15,16,29,30,10,1400262206,14,5728242,189,215775,386809756
26052,2026-05-10,1,3,11,22,26,31,11,1306883761,24,4166666,257,103058,417267288
26053,2026-05-12,1,2,3,8,13,14,2,1276883761,6,7002350,136,353355,395029142
26054,2026-05-14,13,20,25,29,30,33,2,1251883761,5,8421032,67,1021203,391858874
26055,2026-05-17,4,11,24,25,32,33,13,1237107160,3,10000000,155,392861,422769486
26056,2026-05-19,10,19,21,22,31,33,5,1229771516,2,10000000,86,589039,391304582
26057,2026-05-21,1,10,22,24,28,30,7,1199771516,6,6920687,109,422903,397400020
26058,2026-05-24,1,4,7,21,29,30,1,1154771516,9,6504451,154,351689,425121686
26059,2026-05-26,8,16,26,28,29,30,15,1139990273,3,10000000,138,441123,392773558
26060,2026-05-28,7,9,10,16,22,27,11,1049990273,18,5502014,226,159933,398771788
26061,2026-05-31,1,4,5,15,23,28,7,1009990273,8,6130798,135,268041,429422172
26062,2026-06-02,2,4,7,14,28,29,9,909990283,30,3333333,139,6000,402189304
26063,2026-06-04,2,8,25,28,30,31,2,816837950,20,5000000,117,234108,393294950
26064,2026-06-07,1,9,15,18,29,33,15,741837950,15,6021460,168,364807,427210484
26065,2026-06-09,7,8,16,24,30,32,2,706837950,7,6944530,190,286562,386314046
26066,2026-06-11,5,11,21,23,24,29,16,671837950,7,6728458,126,384101,392786646
26067,2026-06-14,4,19,27,29,30,32,13,658469423,3,10000000,89,747481,414869642
26068,2026-06-16,3,5,16,18,29,32,4,588469423,14,5649404,123,295664,379517740
26069,2026-06-18,12,14,16,17,18,32,8,493183968,22,4545454,955,19746,373992648
26070,2026-06-21,3,6,8,14,26,27,8,438183968,11,5811271,216,165258,398555946
26071,2026-06-23,3,8,19,25,31,33,5,398183968,8,5867768,121,229492,373089958
26072,2026-06-25,7,8,12,15,17,21,1,378183968,4,8287457,143,367827,377591844
26073,2026-06-28,9,10,13,16,19,21,8,328183968,10,6111492,136,326909,398594042
26074,2026-06-30,2,23,24,26,28,32,4,308183968,4,8277839,98,535157,370952514
26075,2026-07-02,8,12,18,21,24,30,1,283183968,5,7840223,102,556906,370657052
26076,2026-07-05,1,3,19,20,24,25,7,292048181,6,7355406,150,117770,382507054
26077,2026-07-07,1,4,5,14,18,25,4,320076738,6,8516882,114,231373,353662546
26078,2026-07-09,7,11,14,16,27,28,6,285632700,15,5983174,176,104741,355852948
26079,2026-07-12,1,11,17,22,24,29,4,367458887,1,10000000,109,280814,373452200
26080,2026-07-14,4,5,11,19,27,32,1,384218118,8,7579965,132,195451,344697650
26081,2026-07-16,6,10,12,15,24,27,12,401606257,5,8082773,137,140637,350765488
26082,2026-07-19,5,7,10,14,21,28,4,409487566,10,7104774,215,122370,375000824
26083,2026-07-21,7,14,15,23,28,33,3,480802779,0,0,111,214159,348240258
26084,2026-07-23,1,5,6,10,12,16,5,480566551,10,6809591,107,211400,348718788
26085,2026-07-26,6,9,13,17,24,28,15,450096595,17,5882352,326,71094,368292652
26086,2026-07-28,2,5,14,25,30,32,5,463257269,7,7501853,195,112262,345608568
26087,2026-07-30,4,6,10,18,23,31,11,473791046,8,7296989,108,212684,349545040
26088,2026-08-02,6,7,11,18,22,33,5,442158322,34,2941176,506,45037,373747432
26089,2026-08-04,5,18,23,24,27,33,3,489539135,3,10000000,88,293109,345041020
26090,2026-08-06,2,4,15,23,25,27,3,545331466,3,10000000,86,332528,348980318
26091,2026-08-09,2,13,14,16,20,24,5,583235682,4,10000000,79,328709,367362274
26092,2026-08-11,9,11,12,25,30,33,11,571623532,12,6466298,79,278411,339633672
26093,2026-08-13,5,8,15,20,21,24,9,566415284,8,6581443,109,145086,348046564
26094,2026-08-16,6,13,15,17,24,25,1,616242219,4,10000000,142,210861,373881722
26095,2026-08-18,4,6,14,21,22,33,16,628888733,7,7475143,112,193370,347737104
26096,2026-08-20,1,4,16,22,26,31,4,654135395,6,8348282,118,212814,344932190
26097,2026-08-23,5,16,24,26,29,30,2,710238057,2,10000000,96,264245,369897178
26098,2026-08-25,8,16,18,22,25,26,7,711169786,7,6866583,122,133873,337464770
26099,2026-08-27,1,12,14,18,30,31,2,776452438,2,10000000,75,379034,344486222
